"id","start_date","loc","sub_loc_1","sub_loc_2","sub_loc_3","sub_loc_4","annualised_rental_price","contract_rental_price","rent_price_sqft_unit","rent_price_sqm_unit","unit_size","unit_size_sqm","unit_type","beds","views","maid","study","balcony","plot_size","plot_size_sqm","dev_ref","floor_level","streetname","end_date","evdnc_name","chiller_fee","furnished","utilities","no_cheques","comments","dev_name","rent_sequence"
"23213841","2026-02-06 00:00:00","Mudon","Al Ranim","Al Ranim 1","","","185000","185000","83","898.19","2217","206","Townhouse","3","","","","","1808","168.01","","G+1","","2026-02-06 00:00:00","Active Listings","","No","","","SINGLE ROW | BRAND NEW | OPPOSITE THE PARK","Dubai Properties",""
"25210387","2026-02-06 00:00:00","Mudon","Al Ranim","Al Ranim 2","","","235000","235000","92","992.48","2549","236.78","Townhouse","4","Community,Walkway,Road","","","","2713","252.02","","G+1","","2026-02-06 00:00:00","Active Listings","","No","","","Spacious 4BR TH | Family Living | Smart Home","Dubai Properties","NULL"
"25212947","2026-02-06 00:00:00","Mudon","Al Ranim","Al Ranim 3","","","200000","200000","111","1190.48","1809","168","Townhouse","3","","","","","0","0","","G+1","","2026-02-06 00:00:00","Active Listings","","No","","","Great Location | Brand New | No Agents","Dubai Properties","NULL"
"24264216","2026-02-06 00:00:00","Mudon","Al Ranim","Al Ranim 2","","","200000","200000","90","971.02","2217","206","Townhouse","3","","","","","1813","168.46","","G+1","","2026-02-06 00:00:00","Active Listings","","No","","","Single Row | Brand New | Gated community","Dubai Properties",""
"24258842","2026-02-06 00:00:00","Mudon","Al Ranim","Al Ranim 2","","","189999","189999","86","922.46","2217","206","Townhouse","3","","","","","1813","168.46","","G+1","","2026-02-06 00:00:00","Active Listings","","","","","Brand New | Community-Facing | Prime Location","Dubai Properties",""
"25212711","2026-02-06 00:00:00","Mudon","Al Ranim","Al Ranim 2","","","190000","190000","105","1130.95","1813","168","Townhouse","3","","","","","0","0","","G+1","","2026-02-06 00:00:00","Active Listings","","No","","","Unfurnished | Single Row |Kitchen well Equipped | Vacant","Dubai Properties","NULL"
"24257587","2026-02-06 00:00:00","Mudon","Al Ranim","Al Ranim 2","","","210000","210000","95","1019.42","2217","206","Townhouse","3","","","","","1813","168.46","","G+1","","2026-02-06 00:00:00","Active Listings","","No","","","Brand New | 3 Bedroom + Maid | Single Row","Dubai Properties",""
"25211717","2026-02-06 00:00:00","Mudon","Al Ranim","Al Ranim 1","","","172000","172000","92","994.22","1865","173","Townhouse","3","","","","","0","0","","G+1","","2026-02-06 00:00:00","Active Listings","","No","","","Green View | Brand New | 3Br+Maid","Dubai Properties","NULL"
"25212249","2026-02-06 00:00:00","Mudon","Al Ranim","Al Ranim 3","","","260000","260000","76","822.78","3403","316","Townhouse","4","","","","","0","0","","G+1","","2026-02-06 00:00:00","Active Listings","","No","","","4 BR + Maid | Corner Unit | Ready for Occupancy","Dubai Properties","NULL"
"25212035","2026-02-06 00:00:00","Mudon","Al Ranim","Al Ranim 3","","","240000","240000","83","895.52","2887","268","Townhouse","4","","","","","0","0","","G+1","","2026-02-06 00:00:00","Active Listings","","No","","","Huge Layout | Family Friendly | Ready to Move","Dubai Properties","NULL"
"23252374","2026-02-06 00:00:00","Mudon","Al Ranim","Al Ranim 1","","","219999","219999","99","1067.96","2217","206","Townhouse","3","","","","","1808","168","","G+1","","2026-02-06 00:00:00","Active Listings","","No","","","Park Facing and Pool | G+1 | Prime Location","Dubai Properties",""
"24266906","2026-02-06 00:00:00","Mudon","Al Ranim","Al Ranim 2","","","300000","335000","112","1210.83","2978","276.7","Townhouse","4","","","","","3468","322.22","","G+2","","2026-02-06 00:00:00","Active Listings","","No","","","Prime Location | Park Facing | Single Row","Dubai Properties",""
"25210269","2026-02-06 00:00:00","Mudon","Al Ranim","Al Ranim 1","","","190000","190000","86","922.33","2217","206","Townhouse","3","","","","","0","0","","G+1","","2026-02-06 00:00:00","Active Listings","","No","","","Viewing Possible | On the Park | Single Row","Dubai Properties","NULL"
"23299750","2026-02-06 00:00:00","Mudon","Al Ranim","Al Ranim 1","","","185000","185000","83","898.19","2217","206","Townhouse","3","Community,Road,Walkway","","","","1872","173.93","","G+1","","2026-02-06 00:00:00","Active Listings","","No","","","SINGLE ROW | BRAND NEW | GREAT LOCATION","Dubai Properties",""
"25212583","2026-02-06 00:00:00","Mudon","Al Ranim","Al Ranim 3","","","180000","180000","99","1058.82","1826","170","Townhouse","3","","","","","0","0","","G+1","","2026-02-06 00:00:00","Active Listings","","No","","","3 BR + Maid | Back to Back | Now Available","Dubai Properties","NULL"
"24258985","2026-02-06 00:00:00","Mudon","Al Ranim","Al Ranim 2","","","190000","190000","86","922.33","2217","206","Townhouse","3","","","","","2023","187.97","","G+1","","2026-02-06 00:00:00","Active Listings","","","","","Near Play Ground | Walkable to Park | Brand New","Dubai Properties",""
"23322551","2026-02-06 00:00:00","Mudon","Al Ranim","Al Ranim 2","","","300000","350000","118","1265.04","2978","276.7","Townhouse","4","","","","","3468","322.22","","G+2","","2026-02-06 00:00:00","Active Listings","","No","","","Single Row | Close to Pool/Park | Ready to Move in","Dubai Properties",""
"25212870","2026-02-06 00:00:00","Mudon","Al Ranim","Al Ranim 2","","","240000","240000","87","933.85","2767","257","Townhouse","4","","","","","0","0","","G+1","","2026-02-06 00:00:00","Active Listings","","No","","","READY TO MOVE | BRAND NEW | SPACIOUS LAYOUT","Dubai Properties","NULL"
"24267725","2026-02-06 00:00:00","Mudon","Al Ranim","Al Ranim 1","","","245000","245000","95","1026.95","2568","238.55","Townhouse","3","","","","","1808","168","","G+2","","2026-02-06 00:00:00","Active Listings","","Yes","","","3 BR + Family Lounge | Green Belt | Single Row","Dubai Properties",""
"24259534","2026-02-06 00:00:00","Mudon","Al Ranim","Al Ranim 2","","","190000","190000","86","922.33","2217","206","Townhouse","3","","","","","1811","168.29","","G+1","","2026-02-06 00:00:00","Active Listings","","","","","Ready to Move In | Close to Park | Brand New","Dubai Properties",""
"23312850","2026-02-06 00:00:00","Mudon","Al Ranim","Al Ranim 1","","","240000","240000","94","1013.6","2549","236.78","Townhouse","4","","","","","2635","244.83","","G+1","","2026-02-06 00:00:00","Active Listings","","No","","","BrandNew | Great and Tranquil Community | Park View","Dubai Properties",""
"23266777","2026-02-06 00:00:00","Mudon","Al Ranim","Al Ranim 1","","","245000","250000","98","1055.7","2549","236.78","Townhouse","4","","","","","2585","240.14","","G+1","","2026-02-06 00:00:00","Active Listings","","No","","","Exclusive | Pool and Park facing | New Community","Dubai Properties",""
"24450785","2026-02-06 00:00:00","Mudon","Al Ranim","Al Ranim 2","","","215000","220000","86","929.13","2549","236.78","Townhouse","4","","","","","2725","253.17","","G+1","","2026-02-06 00:00:00","Active Listings","","No","","","Market-Lowest Rent | Immediate Move-In | Exclusive Unit","Dubai Properties",""
"25211903","2026-02-06 00:00:00","Mudon","Al Ranim","Al Ranim 2","","","177000","177000","98","1053.57","1813","168","Townhouse","3","","","","","0","0","","G+1","","2026-02-06 00:00:00","Active Listings","","No","","","Park View | G+1 | Prime Location","Dubai Properties","NULL"
"25202225","2026-02-05 00:00:00","Mudon","Al Ranim","Al Ranim 2","","","176000","176000","79","854.37","2217","206","Townhouse","3","Community,Road","","","","1814","168.48","","G+1","","2026-02-05 00:00:00","Active Listings","","No","","","3Br+Maid | Community View | G+1","Dubai Properties","NULL"
"24793405","2026-02-05 00:00:00","Mudon","Al Ranim","Al Ranim 1","","","189999","189999","86","922.33","2217","206","Townhouse","3","","","","","1836","170.53","","G+1","","2026-02-05 00:00:00","Active Listings","","No","","","Brand New | Single row | Full kitchen Appliances","Dubai Properties","NULL"
"25186659","2026-02-05 00:00:00","Mudon","Al Ranim","Al Ranim 3","","","195000","195000","0","0","0","0","Townhouse","3","","","","","1834","170.42","","G+1","","2027-02-04 00:00:00","Rental Contracts","","","","","","Dubai Properties","New"
"25202798","2026-02-05 00:00:00","Mudon","Al Ranim","Al Ranim 2","","","175000","175000","79","849.51","2217","206","Townhouse","3","","","","","1814","168.51","","G+1","","2026-02-05 00:00:00","Active Listings","","No","","","Ranim 3 Beds Amazing Location Brand New House","Dubai Properties","NULL"
"25171600","2026-02-05 00:00:00","Mudon","Al Ranim","Al Ranim 3","","","190000","190000","74","796.71","2567","238.55","Townhouse","3","","","","N","1808","168.01","Type 3B2","G+1","","2027-02-04 00:00:00","Rental Contracts","","","","","","Dubai Properties","New"
"25215386","2026-02-05 00:00:00","Mudon","Al Ranim","Al Ranim 3","","","207500","207500","0","0","0","0","Villa","3","","","","","1808","168.01","","G+1","","2027-02-04 00:00:00","Rental Contracts","","","","","","Dubai Properties","New"
"25156018","2026-02-05 00:00:00","Mudon","Al Ranim","Al Ranim 3","","","190000","190000","86","922.46","2217","206","Townhouse","3","Community,Landscaped Garden","","","N","1808","168","Type 3B1","G+1","","2027-02-04 00:00:00","Rental Contracts","","","","","","Dubai Properties","New"
"25204462","2026-02-05 00:00:00","Mudon","Al Ranim","Al Ranim 2","","","185000","185000","83","898.06","2217","206","Townhouse","3","","","","","1814","168.48","","G+1","","2026-02-05 00:00:00","Active Listings","","No","","","3-BHK plus maids in Al Ranim 2 I Available Now!","Dubai Properties","NULL"
"25202416","2026-02-05 00:00:00","Mudon","Al Ranim","Al Ranim 3","","","200000","200000","90","970.87","2217","206","Townhouse","3","","","","","0","0","","G+1","","2026-02-05 00:00:00","Active Listings","","No","","","Next to Entrance and Park | Brand New | G+1","Dubai Properties","NULL"
"25174002","2026-02-05 00:00:00","Mudon","Al Ranim","Al Ranim 3","","","180000","180000","81","873.91","2217","206","Townhouse","3","","","","N","1827","169.77","Type 3B1","G+1","","2027-02-04 00:00:00","Rental Contracts","","","","","","Dubai Properties","New"
"24887287","2026-02-05 00:00:00","Mudon","Al Ranim","Al Ranim 2","","","230000","240000","94","1013.47","2549","236.78","Townhouse","4","","","","","2729","253.49","","G+1","","2026-02-05 00:00:00","Active Listings","","No","","","Brand New | 4BR Plus Maids | Near To Park And Pool","Dubai Properties","NULL"
"25145101","2026-02-04 00:00:00","Mudon","Al Ranim","Al Ranim 1","","","220000","220000","119","1277.29","1854","172","Townhouse","3","","","","","0","0","","G+1","","2026-02-04 00:00:00","Active Listings","","Yes","","","Brand New I Fitted Kitchen I Near Entrance","Dubai Properties","NULL"
"25196352","2026-02-04 00:00:00","Mudon","Al Ranim","Al Ranim 2","","","200000","200000","110","1187.44","1813","168","Townhouse","3","","","","","0","0","","G+1","","2026-02-04 00:00:00","Active Listings","","No","","","Elegant Townhouse | Prime Location | Unfurnished","Dubai Properties","NULL"
"25180497","2026-02-04 00:00:00","Mudon","Al Ranim","Al Ranim 1","","","180000","180000","81","873.91","2217","206","Townhouse","3","","","","N","1808","168","Type 3B1","G+1","","2027-02-03 00:00:00","Rental Contracts","","","","","","Dubai Properties","New"
"25195891","2026-02-04 00:00:00","Mudon","Al Ranim","Al Ranim 2","","","173999","173999","96","1033.06","1813","168","Townhouse","3","","","","","0","0","","G+1","","2026-02-04 00:00:00","Active Listings","","No","","","3 bhks+Maid | Best Ammenities | Community View","Dubai Properties","NULL"
"25189274","2026-02-04 00:00:00","Mudon","Al Ranim","Al Ranim 2","","","205000","205000","92","995.29","2217","206","Townhouse","3","","","","N","1808","168","Type 3B1","G+1","","2027-02-03 00:00:00","Rental Contracts","","","","","","Dubai Properties","New"
"25214207","2026-02-04 00:00:00","Mudon","Al Ranim","Al Ranim 3","","","185000","185000","0","0","0","0","Villa","3","","","","","1808","168.01","","G+1","","2027-02-03 00:00:00","Rental Contracts","","","","","","Dubai Properties","New"
"25182985","2026-02-03 00:00:00","Mudon","Al Ranim","Al Ranim 2","","","179999","179999","81","873.91","2217","206","Townhouse","3","","","","","1814","168.48","","G+1","","2026-02-03 00:00:00","Active Listings","","No","","","Brand New|Appliances Included|Close toPool","Dubai Properties","NULL"
"25182991","2026-02-03 00:00:00","Mudon","Al Ranim","Al Ranim 3","","","179999","179999","81","873.91","2217","206","Townhouse","3","","","","","1850","171.83","","G+1","","2026-02-03 00:00:00","Active Listings","","No","","","Arabella Facing | Brand New |Built In Appl","Dubai Properties","NULL"
"25182757","2026-02-03 00:00:00","Mudon","Al Ranim","Al Ranim 2","","","235000","235000","92","991.56","2549","237","Townhouse","4","","","","","0","0","","G+1","","2026-02-03 00:00:00","Active Listings","","No","","","Large Corner Unit | New Look | Maid Room","Dubai Properties","NULL"
"25180728","2026-02-03 00:00:00","Mudon","Al Ranim","Al Ranim 2","","","210000","210000","116","1250","1808","168","Townhouse","3","","","","","0","0","","G+1","","2026-02-03 00:00:00","Active Listings","","No","","","BRAND NEW   SINGLE ROW 4BEDROOM WIT MAID ROOM NEAR POOL AND  PARK","Dubai Properties","NULL"
"25183547","2026-02-03 00:00:00","Mudon","Al Ranim","Al Ranim 2","","","275000","275000","92","993.96","2978","276.7","Townhouse","4","","","","","2646","245.86","","G+2","","2026-02-03 00:00:00","Active Listings","","No","","","Brand New 4-Bedroom Villa | Prime Community","Dubai Properties","NULL"
"25123398","2026-02-03 00:00:00","Mudon","Al Ranim","Al Ranim 2","","","185000","185000","83","898.19","2217","206","Townhouse","3","","","","","1813","168.46","","G+1","","2026-02-03 00:00:00","Active Listings","","No","","","3Br+Maid | Prime Location | Park View","Dubai Properties","NULL"
"25181776","2026-02-03 00:00:00","Mudon","Al Ranim","Al Ranim 3","","","250000","250000","98","1055.83","2549","236.78","Townhouse","4","Community,Road,Landscaped Garden","","","","3257","302.59","","G+1","","2026-02-03 00:00:00","Active Listings","","No","","","4 Bedroom + maid | Unfurnished | Brand new","Dubai Properties","NULL"
"25182289","2026-02-03 00:00:00","Mudon","Al Ranim","Al Ranim 1","","","180000","180000","77","825.69","2344","218","Townhouse","3","","","","","0","0","","G+1","","2026-02-03 00:00:00","Active Listings","","No","","","Best Price | Spacious Layout | Great Community","Dubai Properties","NULL"
"25183338","2026-02-03 00:00:00","Mudon","Al Ranim","Al Ranim 2","","","180000","180000","81","873.91","2217","206","Townhouse","3","Community,Road","","","","1814","168.48","","G+1","","2026-02-03 00:00:00","Active Listings","","No","","","BRAND NEW | Spacious | Ready To Move in","Dubai Properties","NULL"
"25182853","2026-02-03 00:00:00","Mudon","Al Ranim","Al Ranim 3","","","195000","195000","88","951.22","2211","205","Townhouse","3","","","","","0","0","","G+1","","2026-02-03 00:00:00","Active Listings","","No","","","Huge Unit | Multiple Options | Green Community","Dubai Properties","NULL"
"25145993","2026-02-03 00:00:00","Mudon","Al Ranim","Al Ranim 1","","","174999","161500","73","784.09","2217","206","Townhouse","3","Community,Road","","","","1866","173.32","","G+1","","2026-02-03 00:00:00","Active Listings","","No","","","3Br+Maid | Garden View | G+1 | Call Now","Dubai Properties","NULL"
"24630158","2026-02-03 00:00:00","Mudon","Al Ranim","Al Ranim 3","","","190000","210000","95","1019.57","2217","206","Townhouse","3","Community,Road,Landscaped Garden","","","","2202","204.57","","G+1","","2026-02-03 00:00:00","Active Listings","","No","","","BRAND NEW 3 BEDROOM | FOR RENT | AL RANIM 3 | SPACIOUS LAYOUT","Dubai Properties",""
"25182863","2026-02-03 00:00:00","Mudon","Al Ranim","Al Ranim 2","","","230000","230000","71","759.08","3258","303","Townhouse","4","","","","","0","0","","G+1","","2026-02-03 00:00:00","Active Listings","","No","","","Huge Space | Multiple Units | prime Location","Dubai Properties","NULL"
"25183185","2026-02-03 00:00:00","Mudon","Al Ranim","Al Ranim 2","","","240000","240000","94","1013.6","2549","236.78","Townhouse","4","Community,Road,Walkway,Landscaped Garden","","","","2767","257.05","","G+1","","2026-02-03 00:00:00","Active Listings","","No","","","Single Row | Type 4B1 | End unit | Under Warranty","Dubai Properties","NULL"
"24733153","2026-02-03 00:00:00","Mudon","Al Ranim","Al Ranim 2","","","210000","210000","95","1019.57","2217","206","Townhouse","3","","","","","1808","168","","G+1","","2026-02-03 00:00:00","Active Listings","","No","","","Al Ranim 2 | 3+ Maids | Close to Lagoon pool","Dubai Properties","NULL"
"25182963","2026-02-03 00:00:00","Mudon","Al Ranim","Al Ranim 2","","","190000","190000","105","1130.95","1813","168","Apartment","3","","","","","0","0","","","","2026-02-03 00:00:00","Active Listings","","No","","","Bright Layout | Private garden | Prime location","Dubai Properties","NULL"
"25151386","2026-02-02 00:00:00","Mudon","Al Ranim","Al Ranim 3","","","215000","215000","84","901.54","2567","238.55","Townhouse","3","Community,Landscaped Garden,Kid's Play Area","","","N","1808","168.01","Type 3B2","G+2","","2027-02-01 00:00:00","Rental Contracts","","","","","","Dubai Properties","New"
"25165540","2026-02-02 00:00:00","Mudon","Al Ranim","Al Ranim 3","","","186224","200000","73","782.88","2567","238.55","Townhouse","3","","","","N","1808","168.01","Type 3B2","G+2","","2027-02-28 00:00:00","Rental Contracts","","","","","","Dubai Properties","New"
"25185829","2026-02-01 00:00:00","Mudon","Al Ranim","Al Ranim 3","","","175000","175000","79","849.64","2217","206","Townhouse","3","Community,Road,Landscaped Garden","","","N","2125","197.43","Type 3B1","G+1","","2027-01-31 00:00:00","Rental Contracts","","","","","","Dubai Properties","New"
"25170218","2026-02-01 00:00:00","Mudon","Al Ranim","Al Ranim 3","","","182500","182500","82","886.05","2217","206","Townhouse","3","","","","N","2188","203.24","Type 3B1","G+1","","2027-01-31 00:00:00","Rental Contracts","","","","","","Dubai Properties","New"
"25158198","2026-02-01 00:00:00","Mudon","Al Ranim","Al Ranim 1","","","225000","225000","88","950.49","2548","236.78","Townhouse","4","Community,Road","","","N","2908","270.2","Type 4B1","G+1","","2027-01-31 00:00:00","Rental Contracts","","","","","","Dubai Properties","New"
"25152853","2026-02-01 00:00:00","Mudon","Al Ranim","Al Ranim 3","","","190000","190000","86","922.46","2217","206","Townhouse","3","Community,Landscaped Garden","","","N","1808","168","Type 3B1","G+1","","2027-01-31 00:00:00","Rental Contracts","","","","","","Dubai Properties","New"
"25113189","2026-02-01 00:00:00","Mudon","Al Ranim","Al Ranim 3","","","170000","170000","77","825.36","2217","206","Townhouse","3","Community,Road","","","N","2153","200.07","Type 3B1","G+1","","2027-01-31 00:00:00","Rental Contracts","","","","","","Dubai Properties","New"
"25095785","2026-02-01 00:00:00","Mudon","Al Ranim","Al Ranim 3","","","235000","235000","92","992.73","2548","236.78","Townhouse","4","Community,Road","","","N","3302","306.84","Type 4B1","G+1","","2027-01-31 00:00:00","Rental Contracts","","","","","","Dubai Properties","New"
"25097068","2026-02-01 00:00:00","Mudon","Al Ranim","Al Ranim 3","","","220000","220000","86","922.51","2567","238.55","Townhouse","3","Community,Walkway,Landscaped Garden","","","N","1808","168","Type 3B2","G+2","","2027-01-31 00:00:00","Rental Contracts","","","","","","Dubai Properties","New"
"25110130","2026-02-01 00:00:00","Mudon","Al Ranim","Al Ranim 2","","","290000","290000","97","1048.18","2978","276.7","Townhouse","4","","","","N","4780","444.1","Type 4B2","G+2","","2027-01-31 00:00:00","Rental Contracts","","","","","","Dubai Properties","New"
"25134986","2026-02-01 00:00:00","Mudon","Al Ranim","Al Ranim 2","","","190000","190000","86","922.46","2217","206","Townhouse","3","Community","","","N","1813","168.51","Type 3B1","G+1","","2027-01-31 00:00:00","Rental Contracts","","","","","","Dubai Properties","New"
"25109152","2026-02-01 00:00:00","Mudon","Al Ranim","Al Ranim 3","","","190000","190000","86","922.46","2217","206","Townhouse","3","Community, Road","","","N","1839","170.93","Type 3B1","G+1","","2027-01-31 00:00:00","Rental Contracts","","","","","","Dubai Properties","New"
"25151146","2026-02-01 00:00:00","Mudon","Al Ranim","Al Ranim 3","","","228000","228000","89","963.16","2548","236.78","Townhouse","4","Community,Road","","","N","2986","277.43","Type 4B1","G+1","","2027-01-31 00:00:00","Rental Contracts","","","","","","Dubai Properties","New"
"25170368","2026-02-01 00:00:00","Mudon","Al Ranim","Al Ranim 2","","","180000","180000","81","873.79","2217","206","Townhouse","3","Community","","","N","1814","168.5","Type 3B1","G+1","","2027-01-31 00:00:00","Rental Contracts","","","","","","Dubai Properties","New"
"25084106","2026-02-01 00:00:00","Mudon","Al Ranim","Al Ranim 3","","","225000","225000","88","950.49","2548","236.78","Townhouse","4","","","","N","2778","258.16","Type 4B1","G+1","","2027-01-31 00:00:00","Rental Contracts","","","","","","Dubai Properties","New"
"25061861","2026-02-01 00:00:00","Mudon","Al Ranim","Al Ranim 3","","","245000","245000","96","1034.98","2548","236.78","Townhouse","4","Community,Road","","","N","3111","289.1","Type 4B1","G+1","","2027-01-31 00:00:00","Rental Contracts","","","","","","Dubai Properties","New"
"25199377","2026-01-31 00:00:00","Mudon","Al Ranim","Al Ranim 3","","","250000","250000","0","0","0","0","Villa","4","","","","","3586","333.11","","G+1","","2027-01-30 00:00:00","Rental Contracts","","","","","","Dubai Properties","New"
"25171486","2026-01-31 00:00:00","Mudon","Al Ranim","Al Ranim 3","","","182000","182000","82","883.5","2217","206","Townhouse","3","","","","N","1850","171.83","Type 3B1","G+1","","2027-01-30 00:00:00","Rental Contracts","","","","","","Dubai Properties","New"
"25171488","2026-01-31 00:00:00","Mudon","Al Ranim","Al Ranim 3","","","180495","180000","81","873.79","2217","206","Townhouse","3","","","","N","1849","171.81","Type 3B1","G+1","","2027-01-29 00:00:00","Rental Contracts","","","","","","Dubai Properties","New"
"25167907","2026-01-31 00:00:00","Mudon","Al Ranim","Al Ranim 3","","","259999","259999","66","708.44","3955","367","Townhouse","4","","","","","0","0","","G+1","","2026-01-31 00:00:00","Active Listings","","No","","","Private Corner Plot | Price Drop | Bright | Ready","Dubai Properties","NULL"
"25167913","2026-01-31 00:00:00","Mudon","Al Ranim","Al Ranim 3","","","239999","239999","94","1013.59","2549","236.78","Townhouse","4","","","","","2630","244.33","","G+1","","2026-01-31 00:00:00","Active Listings","","No","","","On Park | Bright | Negotiable | Vastu Unit","Dubai Properties","NULL"
"25168199","2026-01-31 00:00:00","Mudon","Al Ranim","Al Ranim 2","","","249999","249999","98","1055.69","2549","236.78","Townhouse","4","","","","","2676","248.58","","G+1","","2026-01-31 00:00:00","Active Listings","","No","","","Fully Landscaped | Park Backing | High Standard","Dubai Properties","NULL"
"25167693","2026-01-31 00:00:00","Mudon","Al Ranim","Al Ranim 3","","","260000","260000","102","1098.07","2549","236.78","Townhouse","4","Community, Road","","","","2852","264.96","","G+1","","2026-01-31 00:00:00","Active Listings","","No","","","Type G+1 | Next to Park and Entrance | Brand New","Dubai Properties","NULL"
"25168751","2026-01-31 00:00:00","Mudon","Al Ranim","Al Ranim 3","","","182000","182000","97","1040","1881","175","Townhouse","3","","","","","0","0","","G+1","","2026-01-31 00:00:00","Active Listings","","No","","","Ready to Move | Well Lit | New | Multiple Chqs","Dubai Properties","NULL"
"25167729","2026-01-31 00:00:00","Mudon","Al Ranim","Al Ranim 3","","","300000","300000","101","1084.21","2978","276.7","Townhouse","4","Community,Landscaped Garden,Walkway","","","","3535","328.42","","G+2","","2026-01-31 00:00:00","Active Listings","","No","","","Corner Lot with Park View | Big Plot | Spacious Layout","Dubai Properties","NULL"
"25168255","2026-01-31 00:00:00","Mudon","Al Ranim","Al Ranim 2","","","200000","200000","90","970.87","2217","206","Townhouse","3","","","","","1813","168.46","","G+1","","2026-01-31 00:00:00","Active Listings","","No","","","Single Row | Spacious Layout | Middle Unit","Dubai Properties","NULL"
"25168526","2026-01-31 00:00:00","Mudon","Al Ranim","Al Ranim 3","","","299999","299999","101","1084.32","2978","276.7","Townhouse","4","","","","","2653","246.46","","G+2","","2026-01-31 00:00:00","Active Listings","","No","","","Park Backing | 4BR G+2 | Largest Layout","Dubai Properties","NULL"
"25071256","2026-01-31 00:00:00","Mudon","Al Ranim","Al Ranim 3","","","240000","480000","94","1015.25","2548","236.78","Townhouse","4","Community,Landscaped Garden","","","N","2659","247.05","Type 4B1","G+1","","2028-01-30 00:00:00","Rental Contracts","","","","","","Dubai Properties","New"
"25167561","2026-01-31 00:00:00","Mudon","Al Ranim","Al Ranim 2","","","205000","205000","92","995.29","2217","206","Townhouse","3","","","","","1813","168.44","","G+1","","2026-01-31 00:00:00","Active Listings","","No","","","BRAND NEW I SINGLE ROW I VACANT READY TO MOVE I APPLIANCES","Dubai Properties","NULL"
"25168077","2026-01-31 00:00:00","Mudon","Al Ranim","Al Ranim 2","","","180000","180000","81","873.91","2217","206","Townhouse","3","Community,Road","","","","1814","168.48","","G+1","","2026-01-31 00:00:00","Active Listings","","No","","","Spacious G+1 Villa | Single Row | Near Amenities","Dubai Properties","NULL"
"25167826","2026-01-31 00:00:00","Mudon","Al Ranim","Al Ranim 2","","","178000","178000","80","864.08","2217","206","Townhouse","3","","","","","1814","168.48","","G+1","","2026-01-31 00:00:00","Active Listings","","No","","","Ready to move / Single row / Brand new","Dubai Properties","NULL"
"25167572","2026-01-31 00:00:00","Mudon","Al Ranim","Al Ranim 2","","","185000","185000","83","898.06","2217","206","Townhouse","3","","","","","1813","168.46","","G+1","","2026-01-31 00:00:00","Active Listings","","No","","","Brand new | Kitchen Appliances | Spacious","Dubai Properties","NULL"
"25168872","2026-01-31 00:00:00","Mudon","Al Ranim","Al Ranim 3","","","180000","180000","100","1071.62","1808","168","Townhouse","3","","","","","0","0","","G+1","","2026-01-31 00:00:00","Active Listings","","No","","","Brand New | Single Row | 3BR + Maid | Ready to Move | Mudon Al Ranim 3","Dubai Properties","NULL"
"25167853","2026-01-31 00:00:00","Mudon","Al Ranim","Al Ranim 3","","","305000","305000","102","1102.28","2978","276.7","Townhouse","4","Community,Landscaped Garden,Walkway","","","","2656","246.74","","G+2","","2026-01-31 00:00:00","Active Listings","","No","","","Ready To Move | Brand New | Unique G + 2","Dubai Properties","NULL"
"25122303","2026-01-31 00:00:00","Mudon","Al Ranim","Al Ranim 3","","","230000","230000","90","971.37","2549","236.78","Townhouse","4","","","","","3013","279.88","","G+1","","2026-01-31 00:00:00","Active Listings","","No","","","Well Maintained | Ready To Move | Prime Location","Dubai Properties","NULL"
"25157134","2026-01-30 00:00:00","Mudon","Al Ranim","Al Ranim 3","","","178533","180000","81","873.79","2217","206","Townhouse","3","Community,Road","","","N","2149","199.7","Type 3B1","G+1","","2027-02-01 00:00:00","Rental Contracts","","","","","","Dubai Properties","New"
"25162766","2026-01-30 00:00:00","Mudon","Al Ranim","Al Ranim 3","","","299999","299999","113","1214.57","2657","247","Townhouse","4","","","","","0","0","","G+1","","2026-01-30 00:00:00","Active Listings","","No","","","G+2 | 5 Rooms + M | Backing Onto The Park","Dubai Properties","NULL"
"25061149","2026-01-30 00:00:00","Mudon","Al Ranim","Al Ranim 2","","","230000","230000","90","971.61","2548","236.78","Townhouse","4","","","","N","2583","239.99","Type 4B1","G+1","","2027-01-29 00:00:00","Rental Contracts","","","","","","Dubai Properties","New"
"25161765","2026-01-30 00:00:00","Mudon","Al Ranim","Al Ranim 2","","","205000","205000","101","1084.66","2031","189","Townhouse","3","","","","","0","0","","G+1","","2026-01-30 00:00:00","Active Listings","","No","","","Green Belt | Brand New | Vacant","Dubai Properties","NULL"
"25161529","2026-01-30 00:00:00","Mudon","Al Ranim","Al Ranim 4","","","230000","230000","90","971.37","2549","236.78","Townhouse","4","","","","","2600","241.51","","G+1","","2026-01-30 00:00:00","Active Listings","","No","","","Ready To Move | Prime Location | Call For Viewing","Dubai Properties","NULL"
"25161806","2026-01-30 00:00:00","Mudon","Al Ranim","Al Ranim 3","","","300000","300000","101","1084.21","2978","276.7","Townhouse","4","","","","","2653","246.46","","G+2","","2026-01-30 00:00:00","Active Listings","","No","","","Greenbelt Backing | Landscaped | Vacant","Dubai Properties","NULL"
"25145172","2026-01-30 00:00:00","Mudon","Al Ranim","Al Ranim 1","","","240000","190990","75","806.61","2549","236.78","Townhouse","4","","","","","2901","269.47","","G+1","","2026-01-30 00:00:00","Active Listings","","No","","","Ready | Brand New | Lowest Price","Dubai Properties","NULL"
"25161813","2026-01-30 00:00:00","Mudon","Al Ranim","Al Ranim 3","","","225000","225000","122","1308.14","1849","172","Townhouse","3","","","","","0","0","","G+1","","2026-01-30 00:00:00","Active Listings","","No","","","3 Bed G+2 | Green Belt | Prime Location","Dubai Properties","NULL"
"25163353","2026-01-30 00:00:00","Mudon","Al Ranim","Al Ranim 3","","","175000","175000","97","1041.67","1808","168","Townhouse","3","","","","","0","0","","G+1","","2026-01-30 00:00:00","Active Listings","","No","","","3BHK+Maid | Spacious Layout | Ready To Move","Dubai Properties","NULL"
"23257444","2026-01-30 00:00:00","Mudon","Al Ranim","Al Ranim 1","","","188000","188000","85","912.75","2217","206","Townhouse","3","Community,Road","","","","1924","178.71","","G+1","","2026-01-30 00:00:00","Active Listings","","No","","","LUXURY 3BR+MAID | SPACIOUS LAYOUT | READY TO MOVE","Dubai Properties",""
"25122411","2026-01-30 00:00:00","Mudon","Al Ranim","Al Ranim 3","","","305000","305000","102","1102.4","2978","276.7","Townhouse","4","Community,Landscaped Garden,Walkway","","","","2656","246.74","","G+2","","2026-01-30 00:00:00","Active Listings","","No","","","Ready To Move |G+2| Large Layout","Dubai Properties","NULL"
"25157253","2026-01-30 00:00:00","Mudon","Al Ranim","Al Ranim 3","","","178533","180000","81","873.79","2217","206","Townhouse","3","Community,Road","","","N","2149","199.7","Type 3B1","G+1","","2027-02-01 00:00:00","Rental Contracts","","","","","","Dubai Properties","New"
"25161881","2026-01-30 00:00:00","Mudon","Al Ranim","Al Ranim 2","","","200000","200000","111","1190.48","1808","168","Townhouse","3","","","","","0","0","","G+1","","2026-01-30 00:00:00","Active Listings","","No","","","Single Row | Brand New | Spacious","Dubai Properties","NULL"
"25161389","2026-01-30 00:00:00","Mudon","Al Ranim","Al Ranim 2","","","210000","210000","106","1135.14","1990","185","Townhouse","3","","","","","0","0","","G+1","","2026-01-30 00:00:00","Active Listings","","No","","","Spacious Townhouse | 3 BR + Maids | Unfurnished","Dubai Properties","NULL"
"25161967","2026-01-30 00:00:00","Mudon","Al Ranim","Al Ranim 3","","","235000","235000","92","985.12","2568","238.55","Townhouse","3","Community,Landscaped Walkway","","","","1809","168.07","","G+2","","2026-01-30 00:00:00","Active Listings","","No","","","G+2 Type | Roof Terrance | Park Backing","Dubai Properties","NULL"
"22702333","2026-01-30 00:00:00","Mudon","Al Ranim","Al Ranim 1","","","175000","245000","111","1189.32","2217","206","Townhouse","4","Community,Road","","","","1924","178.71","","G+1","","2026-01-30 00:00:00","Active Listings","","No","","","Nice Condition I Vacant I 3 Bedroom Plus Maid I Single Row","Dubai Properties",""
"24983550","2026-01-30 00:00:00","Mudon","Al Ranim","Al Ranim 3","","","173000","189999","86","922.33","2217","206","Townhouse","3","","","","","1850","171.83","","G+1","","2026-01-30 00:00:00","Active Listings","","No","","","Brand New | Single Row | 3 Beds + Maid’s","Dubai Properties","NULL"
"25155600","2026-01-29 00:00:00","Mudon","Al Ranim","Al Ranim 3","","","200000","200000","111","1197.6","1800","167","Townhouse","3","","","","","0","0","","G+1","","2026-01-29 00:00:00","Active Listings","","No","","","3 BEDROOM | BRAND NEW | G+2 | FOR RENT","Dubai Properties","NULL"
"25147157","2026-01-29 00:00:00","Mudon","Al Ranim","Al Ranim 2","","","195000","195000","88","946.74","2217","206","Townhouse","3","","","","","1813","168.46","","G+1","","2026-01-29 00:00:00","Active Listings","","No","","","Brand New | Single Row | Kitchen Appliances","Dubai Properties","NULL"
"25153816","2026-01-29 00:00:00","Mudon","Al Ranim","Al Ranim 3","","","220000","220000","86","922.24","2568","238.55","Townhouse","3","Community,Walkway,Landscaped Garden","","","","1808","168","","G+2","","2026-01-29 00:00:00","Active Listings","","No","","","brand new , ready , facing green belt","Dubai Properties","NULL"
"25155620","2026-01-29 00:00:00","Mudon","Al Ranim","Al Ranim 3","","","195000","195000","101","1089.39","1928","179","Townhouse","3","","","","","0","0","","G+1","","2026-01-29 00:00:00","Active Listings","","No","","","3Bed G+1 | Brand New | Single Row","Dubai Properties","NULL"
"25149733","2026-01-29 00:00:00","Mudon","Al Ranim","Al Ranim 2","","","190000","190000","86","922.46","2217","206","Townhouse","3","Community,Swimming Pool,Park","","","N","1808","168","Type 3B1","G+1","","2027-01-28 00:00:00","Rental Contracts","","","","","","Dubai Properties","New"
"25153848","2026-01-29 00:00:00","Mudon","Al Ranim","Al Ranim 2","","","245000","245000","96","1034.58","2549","236.78","Townhouse","4","Park,Swimming Pool,Community","","","","2732","253.78","","G+1","","2026-01-29 00:00:00","Active Listings","","No","","","Park View | Vacant | Brand New","Dubai Properties","NULL"
"23288131","2026-01-29 00:00:00","Mudon","Al Ranim","Al Ranim 2","","","200000","200000","90","970.87","2217","206","Townhouse","3","Community,Swimming Pool,Park","","","","1808","168","","G+1","","2026-01-29 00:00:00","Active Listings","","","","","POOL AND PARK VIEW| BRAND NEW| SINGLE ROW","Dubai Properties",""
"25155711","2026-01-29 00:00:00","Mudon","Al Ranim","Al Ranim 4","","","185000","185000","83","898.19","2217","206","Townhouse","3","","","","","1831","170.1","","G+1","","2026-01-29 00:00:00","Active Listings","","No","","","Near Amenities | Prime Location | Brand New","Dubai Properties","NULL"
"25154695","2026-01-29 00:00:00","Mudon","Al Ranim","Al Ranim 2","","","205000","205000","92","995.15","2217","206","Townhouse","3","","","","","1814","168.52","","G+1","","2026-01-29 00:00:00","Active Listings","","No","","","BRAND NEW I SINGLE ROW I VACANT READY TO MOVE I APPLIANCES","Dubai Properties","NULL"
"25155731","2026-01-29 00:00:00","Mudon","Al Ranim","Al Ranim 3","","","205000","205000","113","1213.02","1814","169","Townhouse","3","","","","","0","0","","G+1","","2026-01-29 00:00:00","Active Listings","","No","","","3BR G+1 | Green Belt | Brand New","Dubai Properties","NULL"
"25154227","2026-01-29 00:00:00","Mudon","Al Ranim","Al Ranim 4","","","185000","185000","83","898.06","2217","206","Townhouse","3","","","","","1834","170.38","","G+1","","2026-01-29 00:00:00","Active Listings","","No","","","Brand New G + 1 | Ready To Move | Good Location","Dubai Properties","NULL"
"25104881","2026-01-29 00:00:00","Mudon","Al Ranim","Al Ranim 2","","","235000","250000","98","1055.7","2549","236.78","Townhouse","4","Community,Walkway,Road","","","","2713","252.02","","G+1","","2026-01-29 00:00:00","Active Listings","","No","","","Spacious 4BR TH | Family Living | Smart Home","Dubai Properties","NULL"
"25122576","2026-01-28 00:00:00","Mudon","Al Ranim","Al Ranim 2","","","189999","189999","86","922.46","2217","206","Townhouse","3","","","","","1814","168.48","","G+1","","2026-01-28 00:00:00","Active Listings","","No","","","3 bhks | with best ammenities | Community view","Dubai Properties","NULL"
"25146655","2026-01-28 00:00:00","Mudon","Al Ranim","Al Ranim 2","","","225000","225000","88","950.25","2549","236.78","Townhouse","4","Community,Road,Walkway,Landscaped Garden","","","","2767","257.05","","G+1","","2026-01-28 00:00:00","Active Listings","","No","","","Brand New 4-Bedroom Corner Town house for Rent – Park Facing – Al Ranim 2, Mudon","Dubai Properties","NULL"
"25145892","2026-01-28 00:00:00","Mudon","Al Ranim","Al Ranim 3","","","280000","280000","94","1012.04","2978","276.7","Townhouse","4","Community,Landscaped Garden,Walkway","","","","2656","246.74","","G+2","","2026-01-28 00:00:00","Active Listings","","No","","","Spacious Layout I Brand New I On the Park","Dubai Properties","NULL"
"25146923","2026-01-28 00:00:00","Mudon","Al Ranim","Al Ranim 2","","","195000","195000","88","946.6","2217","206","Townhouse","3","","","","","0","0","","G+1","","2026-01-28 00:00:00","Active Listings","","No","","","Road Backing | Brand New | 3 Bedroom G+1","Dubai Properties","NULL"
"25149000","2026-01-28 00:00:00","Mudon","Al Ranim","Al Ranim 3","","","185000","185000","83","898.19","2217","206","Townhouse","3","","","","N","1809","168.11","Type 3B1","G+1","","2027-01-27 00:00:00","Rental Contracts","","","","","","Dubai Properties","New"
"25146959","2026-01-28 00:00:00","Mudon","Al Ranim","Al Ranim 3","","","230000","230000","90","971.37","2549","236.78","Townhouse","4","Community, Road","","","","2717","252.38","","G+1","","2026-01-28 00:00:00","Active Listings","","No","","","Big Garden | Corner Plot | Brand New","Dubai Properties","NULL"
"25147785","2026-01-28 00:00:00","Mudon","Al Ranim","Al Ranim 2","","","190000","190000","86","922.33","2217","206","Townhouse","3","","","","","2023","187.97","","G+1","","2026-01-28 00:00:00","Active Listings","","","","","Brand New | Kitchen Appliances | Spacious","Dubai Properties","NULL"
"25147788","2026-01-28 00:00:00","Mudon","Al Ranim","Al Ranim 1","","","250000","250000","97","1047.91","2568","238.55","Townhouse","3","","","","","1808","168","","G+2","","2026-01-28 00:00:00","Active Listings","","","","","Brand New 3 Bedroom | Multiple Villas | Single Row","Dubai Properties","NULL"
"25146518","2026-01-28 00:00:00","Mudon","Al Ranim","Al Ranim 3","","","219999","219999","86","922.16","2568","238.55","Townhouse","3","","","","","1827","169.7","","G+2","","2026-01-28 00:00:00","Active Listings","","No","","","Appliances | Brand New 3BR | G+2 TH Type","Dubai Properties","NULL"
"25146778","2026-01-28 00:00:00","Mudon","Al Ranim","Al Ranim 1","","","230000","230000","90","970.46","2549","237","Townhouse","4","","","","","0","0","","G+1","","2026-01-28 00:00:00","Active Listings","","No","","","End Unit | Brand New | G+1","Dubai Properties","NULL"
"25146795","2026-01-28 00:00:00","Mudon","Al Ranim","Al Ranim 2","","","225000","225000","88","950.25","2549","236.78","Townhouse","4","","","","","2793","259.46","","G+1","","2026-01-28 00:00:00","Active Listings","","No","","","Vacant | Single Row | Park Facing","Dubai Properties","NULL"
"25145528","2026-01-28 00:00:00","Mudon","Al Ranim","Al Ranim 2","","","180000","180000","81","873.79","2216","206","Townhouse","3","","","","","0","0","","G+1","","2026-01-28 00:00:00","Active Listings","","No","","","Unfurnished Unit | Middle Unit | Best Price","Dubai Properties","NULL"
"25146594","2026-01-28 00:00:00","Mudon","Al Ranim","Al Ranim 3","","","229999","229999","80","864.11","2865","266","Townhouse","4","","","","","0","0","","G+1","","2026-01-28 00:00:00","Active Listings","","No","","","Best Price | Brand New | Vastu | On Park","Dubai Properties","NULL"
"25147368","2026-01-28 00:00:00","Mudon","Al Ranim","Al Ranim 3","","","180000","180000","96","1034.48","1872","174","Townhouse","3","","","","","0","0","","G+1","","2026-01-28 00:00:00","Active Listings","","No","","","Spacious 3 BR | Multiple Options | Ready to Move","Dubai Properties","NULL"
"25146604","2026-01-28 00:00:00","Mudon","Al Ranim","Al Ranim 3","","","274999","274999","108","1161.41","2549","236.78","Townhouse","4","","","","","5764","535.47","","G+1","","2026-01-28 00:00:00","Active Listings","","No","","","Close to Park | Well Lit | Rare Huge Plot | G+1","Dubai Properties","NULL"
"25147884","2026-01-28 00:00:00","Mudon","Al Ranim","Al Ranim 3","","","220000","220000","86","922.16","2568","238.55","Townhouse","3","Community,Walkway,Landscaped Garden","","","","1808","168","","G+2","","2026-01-28 00:00:00","Active Listings","","","","","3 Bed G+2 | On Green Belt | Near to Pool Park","Dubai Properties","NULL"
"25137952","2026-01-27 00:00:00","Mudon","Al Ranim","Al Ranim 3","","","240000","240000","94","1013.6","2549","236.78","Townhouse","4","Community,Road","","","","2986","277.43","","G+1","","2026-01-27 00:00:00","Active Listings","","No","","","VACANT | CORNER UNIT | COMMUNITY AND PARK VIEW","Dubai Properties","NULL"
"25136937","2026-01-27 00:00:00","Mudon","Al Ranim","Al Ranim 3","","","275000","275000","88","951.56","3116","289","Townhouse","4","","","","","0","0","","G+1","","2026-01-27 00:00:00","Active Listings","","No","","","G+2 l Extra Room lSingle Row | Backed up to park","Dubai Properties","NULL"
"25139265","2026-01-27 00:00:00","Mudon","Al Ranim","Al Ranim 3","","","195000","195000","88","946.6","2217","206","Townhouse","3","","","","","2188","203.24","","G+1","","2026-01-27 00:00:00","Active Listings","","No","","","Single Row | Landscaped | Vacant","Dubai Properties","NULL"
"25139040","2026-01-27 00:00:00","Mudon","Al Ranim","Al Ranim 3","","","255000","255000","101","1085.11","2533","235","Townhouse","4","","","","","0","0","","G+1","","2026-01-27 00:00:00","Active Listings","","No","","","Brand New Property | Huge Plot","Dubai Properties","NULL"
"25130374","2026-01-27 00:00:00","Mudon","Al Ranim","Al Ranim 2","","","180000","180000","81","873.91","2217","206","Townhouse","3","","","","N","1808","168","Type 3B1","G+1","","2027-01-26 00:00:00","Rental Contracts","","","","","","Dubai Properties","New"
"25136280","2026-01-27 00:00:00","Mudon","Al Ranim","Al Ranim 1","","","275000","275000","124","1335.15","2217","206","Townhouse","3","","","","","1846","171.53","","G+1","","2026-01-27 00:00:00","Active Listings","","No","","","Spacious Unit | 3 Bed + Maids | Ready I Zabeel Park I Metro I SZR","Dubai Properties","NULL"
"25137600","2026-01-27 00:00:00","Mudon","Al Ranim","Al Ranim 3","","","110000","110000","43","464.51","2549","236.78","Townhouse","4","Community,Road","","","","3096","287.62","","G+1","","2026-01-27 00:00:00","Active Listings","","No","","","For 6 Months I 4 Bed plus Maids I EXCLUSIVE","Dubai Properties","NULL"
"23268834","2026-01-27 00:00:00","Mudon","Al Ranim","Al Ranim 1","","","250000","250000","97","1048","2568","238.55","Townhouse","3","","","","","1808","168","","G+2","","2026-01-27 00:00:00","Active Listings","","","","","Brand New 3 Bedroom | Multiple Villas | Single Row","Dubai Properties",""
"24840933","2026-01-27 00:00:00","Mudon","Al Ranim","Al Ranim 3","","","280000","300000","101","1084.32","2978","276.7","Townhouse","4","Community,Landscaped Garden,Walkway","","","","2656","246.74","","G+2","","2026-01-27 00:00:00","Active Listings","","No","","","Spacious I Brand New I On the Park","Dubai Properties","NULL"
"25132555","2026-01-26 00:00:00","Mudon","Al Ranim","Al Ranim 3","","","225000","225000","88","950.49","2548","236.78","Townhouse","4","Community,Road","","","N","2914","270.75","Type 4B1","G+1","","2027-01-25 00:00:00","Rental Contracts","","","","","","Dubai Properties","New"
"25117222","2026-01-26 00:00:00","Mudon","Al Ranim","Al Ranim 3","","","185000","185000","83","898.19","2217","206","Townhouse","3","Community,Landscaped Garden,Walkway","","","N","1808","168","Type 3B1","G+1","","2027-01-25 00:00:00","Rental Contracts","","","","","","Dubai Properties","New"
"25093429","2026-01-26 00:00:00","Mudon","Al Ranim","Al Ranim 2","","","170000","170000","77","825.36","2217","206","Townhouse","3","Community,Walkway,Road","","","N","1810","168.21","Type 3B1","G+1","","2027-01-25 00:00:00","Rental Contracts","","","","","","Dubai Properties","New"
"25130090","2026-01-26 00:00:00","Mudon","Al Ranim","Al Ranim 1","","","219799","660000","86","929.37","2548","236.78","Townhouse","4","","","","N","2998","278.56","Type 4B1","G+1","","2029-01-25 00:00:00","Rental Contracts","","","","","","Dubai Properties","New"
"25044633","2026-01-26 00:00:00","Mudon","Al Ranim","Al Ranim 2","","","185000","185000","83","898.19","2217","206","Townhouse","3","","","","N","1808","168","Type 3B1","G+1","","2027-01-25 00:00:00","Rental Contracts","","","","","","Dubai Properties","New"
"24966868","2026-01-26 00:00:00","Mudon","Al Ranim","Al Ranim 1","","","255000","255000","100","1077.22","2548","237","Townhouse","4","","","","","0","0","","G+1","","2026-01-26 00:00:00","Active Listings","","No","","","Single Row | Green Belt | G+1 | Exclusive","Dubai Properties","NULL"
"24435457","2026-01-25 00:00:00","Mudon","Al Ranim","Al Ranim 1","","","239999","239999","94","1013.47","2549","236.78","Townhouse","4","","","","","2998","278.56","","G+1","","2026-01-25 00:00:00","Active Listings","","No","","","Single Row | Brand New| Ready To Move In","Dubai Properties",""
"23178779","2026-01-25 00:00:00","Mudon","Al Ranim","Al Ranim 1","","","239998","269999","106","1140.29","2549","236.78","Townhouse","4","Community,Park","","","","3227","299.77","","G+1","","2026-01-25 00:00:00","Active Listings","","Yes","","","BRAND NEW 4BR | PARK BACKING | SINGLE ROW","Dubai Properties",""
"23206182","2026-01-25 00:00:00","Mudon","Al Ranim","Al Ranim 1","","","174999","195000","88","946.74","2217","206","Townhouse","3","Community,Road,Walkway","","","","1872","173.93","","G+1","","2026-01-25 00:00:00","Active Listings","","Yes","","","Appliances | Brand New 3BR | Single Row","Dubai Properties",""
"24819248","2026-01-25 00:00:00","Mudon","Al Ranim","Al Ranim 2","","","174999","174999","79","849.51","2217","206","Townhouse","3","","","","","1813","168.41","","G+1","","2026-01-25 00:00:00","Active Listings","","No","","","Brand New | Multiple Options | Area Specialist","Dubai Properties","NULL"
"25126773","2026-01-25 00:00:00","Mudon","Al Ranim","Al Ranim 3","","","187000","187000","84","907.77","2217","206","Townhouse","3","","","","","1843","171.26","","G+1","","2026-01-25 00:00:00","Active Listings","","No","","","Quiet Location| Brand New| Walk to Park","Dubai Properties","NULL"
"24406649","2026-01-25 00:00:00","Mudon","Al Ranim","Al Ranim 2","","","174999","195000","88","946.74","2217","206","Townhouse","3","Community,Kid's Play Area","","","","1808","168.01","","G+1","","2026-01-25 00:00:00","Active Listings","","No","","","New | Park Facing | Appliance Included","Dubai Properties",""
"25096828","2026-01-25 00:00:00","Mudon","Al Ranim","Al Ranim 3","","","185000","185000","83","898.19","2217","206","Townhouse","3","","","","N","1930","179.39","Type 3B1","G+1","","2027-01-24 00:00:00","Rental Contracts","","","","","","Dubai Properties","New"
"24818557","2026-01-25 00:00:00","Mudon","Al Ranim","Al Ranim 2","","","240000","240000","94","1013.6","2549","236.78","Townhouse","4","Community,Road","","","","2653","246.47","","G+1","","2026-01-25 00:00:00","Active Listings","","No","","","Single Row | Multiple Options | Area Specialist","Dubai Properties","NULL"
"25127589","2026-01-25 00:00:00","Mudon","Al Ranim","Al Ranim 2","","","195000","195000","88","951.22","2211","205","Townhouse","3","","","","","0","0","","G+1","","2026-01-25 00:00:00","Active Listings","","","","","Brand New | Ready to Move | Close to Park","Dubai Properties","NULL"
"24981943","2026-01-25 00:00:00","Mudon","Al Ranim","Al Ranim 3","","","200000","200000","90","970.87","2217","206","Townhouse","3","Community, Road","","","","1840","170.93","","G+1","","2026-01-25 00:00:00","Active Listings","","No","","","Family Living | Single Row | Multiple Cheques","Dubai Properties","NULL"
"24784095","2026-01-25 00:00:00","Mudon","Al Ranim","Al Ranim 1","","","239998","239998","94","1013.46","2549","236.78","Townhouse","4","","","","","2998","278.56","","G+1","","2026-01-25 00:00:00","Active Listings","","No","","","Single Row | Brand New 4BR | Corner Plot","Dubai Properties","NULL"
"25126897","2026-01-25 00:00:00","Mudon","Al Ranim","Al Ranim 2","","","180000","180000","81","873.79","2217","206","Townhouse","3","","","","","1814","168.48","","G+1","","2026-01-25 00:00:00","Active Listings","","Yes","","","Park Facing | Bright Unit | Best Price","Dubai Properties","NULL"
"24405750","2026-01-25 00:00:00","Mudon","Al Ranim","Al Ranim 2","","","320000","320000","107","1156.61","2978","276.7","Townhouse","4","","","","","3468","322.22","","G+2","","2026-01-25 00:00:00","Active Listings","","No","","","4BR G+2 Park View | Huge Plot | Private Garden","Dubai Properties",""
"24660216","2026-01-25 00:00:00","Mudon","Al Ranim","Al Ranim 2","","","194999","199998","90","971.01","2217","206","Townhouse","3","","","","","1813","168.46","","G+1","","2026-01-25 00:00:00","Active Listings","","No","","","Pool and Park | New Unit | Available","Dubai Properties","NULL"
"25126648","2026-01-25 00:00:00","Mudon","Al Ranim","Al Ranim 1","","","180000","180000","71","760.1","2549","236.78","Townhouse","4","","","","","2901","269.47","","G+1","","2026-01-25 00:00:00","Active Listings","","Yes","","","Family Living Mudon|4BR+Maid|Private Garden Area","Dubai Properties","NULL"
"25123605","2026-01-24 00:00:00","Mudon","Al Ranim","Al Ranim 2","","","265000","265000","89","957.82","2978","276.7","Townhouse","5","","","","","3468","322.22","","G+2","","2026-01-24 00:00:00","Active Listings","","No","","","5 Bed + Maid | Corner Unit | Ready to Move","Dubai Properties","NULL"
"25122079","2026-01-24 00:00:00","Mudon","Al Ranim","Al Ranim 3","","","190000","190000","86","922.46","2217","206","Townhouse","3","Community,Landscaped Garden,Road","","","","1831","170.11","","G+1","","2026-01-24 00:00:00","Active Listings","","No","","","Brand New | Ready to Move In | 3BR Townhouse","Dubai Properties","NULL"
"25122859","2026-01-24 00:00:00","Mudon","Al Ranim","Al Ranim 3","","","290000","290000","97","1046.93","2978","277","Townhouse","4","","","","","0","0","","G+1","","2026-01-24 00:00:00","Active Listings","","No","","","Close To Pool | Rare 4B2 G+2 | On the park","Dubai Properties","NULL"
"25122606","2026-01-24 00:00:00","Mudon","Al Ranim","Al Ranim 3","","","190000","190000","86","922.33","2217","206","Townhouse","3","","","","","1810","168.11","","G+1","","2026-01-24 00:00:00","Active Listings","","No","","","On The Park And Courts | Ready | Vastu Unit","Dubai Properties","NULL"
"25123156","2026-01-24 00:00:00","Mudon","Al Ranim","Al Ranim 1","","","240000","240000","94","1012.66","2549","237","Townhouse","4","","","","","0","0","","G+1","","2026-01-24 00:00:00","Active Listings","","No","","","Single Row | Brand new | Vacant","Dubai Properties","NULL"
"23183483","2026-01-24 00:00:00","Mudon","Al Ranim","Al Ranim 1","","","250000","270000","106","1140.3","2549","236.78","Townhouse","4","Community,Park","","","","3227","299.77","","G+1","","2026-01-24 00:00:00","Active Listings","","No","","","Corner Unit | Park Baking | Move in Ready","Dubai Properties",""
"25121667","2026-01-24 00:00:00","Mudon","Al Ranim","Al Ranim 2","","","183500","183500","83","890.78","2217","206","Townhouse","3","","","","","1814","168.48","","G+1","","2026-01-24 00:00:00","Active Listings","","No","","","Spacious 3BR+Maid's in Mudon Dubai //","Dubai Properties","NULL"
"25121734","2026-01-24 00:00:00","Mudon","Al Ranim","Al Ranim 3","","","200000","200000","90","970.87","2213","206","Townhouse","3","","","","","0","0","","G+1","","2026-01-24 00:00:00","Active Listings","","No","","","G+1 | Next to Entrance and Pool | On the Park","Dubai Properties","NULL"
"25121503","2026-01-24 00:00:00","Mudon","Al Ranim","Al Ranim 2","","","310000","310000","104","1120.47","2978","276.7","Townhouse","4","","","","","3468","322.22","","G+2","","2026-01-24 00:00:00","Active Listings","","","","","Close to Park | Big Layout | Corner | 4BR + Maid","Dubai Properties","NULL"
"25122529","2026-01-24 00:00:00","Mudon","Al Ranim","Al Ranim 2","","","175000","175000","96","1035.5","1817","169","Townhouse","3","","","","","0","0","","G+1","","2026-01-24 00:00:00","Active Listings","","No","","","BEST UNIT I BEST PRICE I NEXT GARDEN","Dubai Properties","NULL"
"25122541","2026-01-24 00:00:00","Mudon","Al Ranim","Al Ranim 3","","","190000","190000","86","922.33","2217","206","Townhouse","3","","","","","1810","168.11","","G+1","","2026-01-24 00:00:00","Active Listings","","No","","","Green Belt | Single Row | Vacant","Dubai Properties","NULL"
"25123057","2026-01-24 00:00:00","Mudon","Al Ranim","Al Ranim 2","","","175000","175000","79","849.51","2217","206","Townhouse","3","","","","","2023","187.97","","G+1","","2026-01-24 00:00:00","Active Listings","","No","","","3 Bed + Maid | Big Lay out | Ready to Move in","Dubai Properties","NULL"
"25116174","2026-01-23 00:00:00","Mudon","Al Ranim","Al Ranim 3","","","250000","250000","98","1055.7","2549","236.78","Townhouse","4","","","","","2864","266.07","","G+1","","2026-01-23 00:00:00","Active Listings","","No","","","4 bed G+1 | Green Belt Backing | South West Facing","Dubai Properties","NULL"
"25114136","2026-01-23 00:00:00","Mudon","Al Ranim","Al Ranim 3","","","195000","195000","99","1071.43","1964","182","Townhouse","3","","","","","0","0","","G+1","","2026-01-23 00:00:00","Active Listings","","No","","","Modern 3BR Villa | Spacious | Ready To Move In","Dubai Properties","NULL"
"25114401","2026-01-23 00:00:00","Mudon","Al Ranim","Al Ranim 3","","","250000","250000","99","1063.83","2534","235","Townhouse","4","","","","","0","0","","G+1","","2026-01-23 00:00:00","Active Listings","","No","","","Single Row | Corner unit | Brand New | 4BR","Dubai Properties","NULL"
"25115176","2026-01-23 00:00:00","Mudon","Al Ranim","Al Ranim 2","","","190000","190000","86","922.33","2217","206","Townhouse","3","","","","","1813","168.46","","G+1","","2026-01-23 00:00:00","Active Listings","","No","","","G+1 | SINGLE ROW | BRAND NEW | NEAR TO PARK | GREEN BELT","Dubai Properties","NULL"
"25114165","2026-01-23 00:00:00","Mudon","Al Ranim","Al Ranim 1","","","260000","260000","102","1098.07","2549","236.78","Townhouse","4","","","","","3951","367.05","","G+1","","2026-01-23 00:00:00","Active Listings","","No","","","4Bed + Maids | Unfurnished | Corner Unit","Dubai Properties","NULL"
"25114176","2026-01-23 00:00:00","Mudon","Al Ranim","Al Ranim 1","","","180000","180000","81","873.91","2217","206","Townhouse","3","","","","","1836","170.55","","G+1","","2026-01-23 00:00:00","Active Listings","","No","","","3bed plus Maids | Unfurnished | Vacant","Dubai Properties","NULL"
"25114451","2026-01-23 00:00:00","Mudon","Al Ranim","Al Ranim 1","","","180000","180000","81","873.91","2217","206","Townhouse","3","","","","","1836","170.53","","G+1","","2026-01-23 00:00:00","Active Listings","","No","","","Brand New | Unfurnished | Vacant","Dubai Properties","NULL"
"25114455","2026-01-23 00:00:00","Mudon","Al Ranim","Al Ranim 1","","","210000","210000","82","880.32","2568","238.55","Townhouse","3","","","","","1808","168","","G+2","","2026-01-23 00:00:00","Active Listings","","No","","","Brand New | Unfurnished | Vacant","Dubai Properties","NULL"
"24885861","2026-01-23 00:00:00","Mudon","Al Ranim","Al Ranim 3","","","305000","305000","102","1102.4","2978","276.7","Townhouse","4","Community,Landscaped Garden,Walkway","","","","2656","246.74","","G+2","","2026-01-23 00:00:00","Active Listings","","No","","","G+2 | Vacant; Ready to Move In | Prime Location","Dubai Properties","NULL"
"25114998","2026-01-23 00:00:00","Mudon","Al Ranim","Al Ranim 1","","","240000","240000","94","1013.47","2549","236.78","Townhouse","4","","","","","2995","278.21","","G+1","","2026-01-23 00:00:00","Active Listings","","No","","","Brand New | Unfurnished | Corner Unit","Dubai Properties","NULL"
"25115009","2026-01-23 00:00:00","Mudon","Al Ranim","Al Ranim 1","","","240000","240000","94","1013.6","2549","236.78","Townhouse","4","","","","","2597","241.26","","G+1","","2026-01-23 00:00:00","Active Listings","","No","","","Brand New | Unfurnished | Corner Unit","Dubai Properties","NULL"
"25115043","2026-01-23 00:00:00","Mudon","Al Ranim","Al Ranim 3","","","174999","174999","79","849.63","2217","206","Townhouse","3","Community,Road","","","","1881","174.73","","G+1","","2026-01-23 00:00:00","Active Listings","","No","","","Well Lit | Ready to Move | Close to Park | New","Dubai Properties","NULL"
"25116330","2026-01-23 00:00:00","Mudon","Al Ranim","Al Ranim 3","","","250000","250000","98","1055.83","2549","236.78","Townhouse","4","","","","","2863","265.98","","G+1","","2026-01-23 00:00:00","Active Listings","","No","","","4 bed G+1 | Green Belt Backing | Great Location","Dubai Properties","NULL"
"25116335","2026-01-23 00:00:00","Mudon","Al Ranim","Al Ranim 3","","","195000","195000","88","946.6","2217","206","Townhouse","3","","","","","1834","170.42","","G+1","","2026-01-23 00:00:00","Active Listings","","No","","","3 Bed G+1 | Park Facing | Great Location","Dubai Properties","NULL"
"25116352","2026-01-23 00:00:00","Mudon","Al Ranim","Al Ranim 3","","","270000","270000","106","1140.15","2549","236.78","Townhouse","4","","","","","3586","333.11","","G+1","","2026-01-23 00:00:00","Active Listings","","No","","","4 bed G+1 | Park Backing | Huge Plot","Dubai Properties","NULL"
"25107753","2026-01-22 00:00:00","Mudon","Al Ranim","Al Ranim 3","","","190000","190000","86","922.46","2217","206","Townhouse","3","","","","","1809","168.07","","G+1","","2026-01-22 00:00:00","Active Listings","","No","","","Stunning 3BR Villa | Nice Community","Dubai Properties","NULL"
"25104694","2026-01-22 00:00:00","Mudon","Al Ranim","Al Ranim 2","","","240000","240000","94","1013.6","2549","236.78","Townhouse","4","","","","","2730","253.59","","G+1","","2026-01-22 00:00:00","Active Listings","","No","","","SINGLE ROW | CORNER UNIT | MULTIPLE CHEQUES","Dubai Properties","NULL"
"25104184","2026-01-22 00:00:00","Mudon","Al Ranim","Al Ranim 2","","","205000","205000","92","995.29","2217","206","Townhouse","3","","","","","1808","168","","G+1","","2026-01-22 00:00:00","Active Listings","","No","","","Park Backing | Close to the Pool | Landscaped","Dubai Properties","NULL"
"25069114","2026-01-22 00:00:00","Mudon","Al Ranim","Al Ranim 3","","","240000","255000","100","1076.95","2549","236.78","Townhouse","4","Community,Road","","","","3259","302.81","","G+1","","2026-01-22 00:00:00","Active Listings","","No","","","Brand New | Premium Location | Ready To Move | G+1","Dubai Properties","NULL"
"25106491","2026-01-22 00:00:00","Mudon","Al Ranim","Al Ranim 1","","","185000","185000","83","898.19","2217","206","Townhouse","3","","","","","1808","168","","G+1","","2026-01-22 00:00:00","Active Listings","","No","","","Ranim Premium Location Park Facing | Brand New","Dubai Properties","NULL"
"24818258","2026-01-22 00:00:00","Mudon","Al Ranim","Al Ranim 3","","","215000","240000","93","1005.99","2568","238.55","Townhouse","3","Community,Walkway,Landscaped Garden","","","","1808","168","","G+2","","2026-01-22 00:00:00","Active Listings","","No","","","Monthly Payment | G+2 | Bright Layout | Brand New","Dubai Properties","NULL"
"24805459","2026-01-22 00:00:00","Mudon","Al Ranim","Al Ranim 3","","","189999","189999","74","796.47","2568","238.55","Townhouse","3","Community,Landscaped Garden,Kid's Play Area","","","","1808","168.01","","G+2","","2026-01-22 00:00:00","Active Listings","","No","","","Brand New | Appliances Included | Prime Location","Dubai Properties","NULL"
"25106786","2026-01-22 00:00:00","Mudon","Al Ranim","Al Ranim 2","","","200000","200000","90","971.02","2217","206","Townhouse","3","","","","","1813","168.46","","G+1","","2026-01-22 00:00:00","Active Listings","","No","","","Close To Pool | Ready To Move In | Under Warranty","Dubai Properties","NULL"
"25106792","2026-01-22 00:00:00","Mudon","Al Ranim","Al Ranim 3","","","225000","225000","88","943.12","2568","238.55","Townhouse","3","","","","","1808","168","","G+2","","2026-01-22 00:00:00","Active Listings","","No","","","Park Backing | Family Room | Type 3B2M | G+2","Dubai Properties","NULL"
"25104490","2026-01-22 00:00:00","Mudon","Al Ranim","Al Ranim 3","","","200000","200000","90","971.02","2217","206","Townhouse","3","","","","","2188","203.24","","G+1","","2026-01-22 00:00:00","Active Listings","","Yes","","","Big Plot | Single Row | Brand New","Dubai Properties","NULL"
"25108340","2026-01-22 00:00:00","Mudon","Al Ranim","Al Ranim 3","","","250000","250000","98","1055.83","2549","236.78","Townhouse","4","Community,Road,Landscaped Garden","","","","3275","304.23","","G+1","","2026-01-22 00:00:00","Active Listings","","No","","","Larger Plot | 1ST MONTH RENT FREE | Vacant","Dubai Properties","NULL"
"25104249","2026-01-22 00:00:00","Mudon","Al Ranim","Al Ranim 3","","","305000","305000","102","1102.4","2978","276.7","Townhouse","4","","","","","2726","253.27","","G+2","","2026-01-22 00:00:00","Active Listings","","No","","","Roof Terrace | Largest Layout | Park Backing","Dubai Properties","NULL"
"25107337","2026-01-22 00:00:00","Mudon","Al Ranim","Al Ranim 2","","","240000","240000","94","1013.6","2549","236.78","Townhouse","4","","","","","2730","253.59","","G+1","","2026-01-22 00:00:00","Active Listings","","No","","","4Bed Plus Maids | G+1 | Near Pool","Dubai Properties","NULL"
"25107344","2026-01-22 00:00:00","Mudon","Al Ranim","Al Ranim 2","","","210000","210000","95","1019.57","2217","206","Townhouse","3","","","","","1808","168","","G+1","","2026-01-22 00:00:00","Active Listings","","No","","","Brand New | Green Backing | Vacant","Dubai Properties","NULL"
"25104577","2026-01-22 00:00:00","Mudon","Al Ranim","Al Ranim 3","","","289000","289000","97","1044.57","2978","276.7","Townhouse","4","Community,Landscaped Garden,Walkway","","","","3535","328.42","","G+2","","2026-01-22 00:00:00","Active Listings","","No","","","Corner | Big Plot | G+2 | Close to Pool and Park","Dubai Properties","NULL"
"24661192","2026-01-22 00:00:00","Mudon","Al Ranim","Al Ranim 3","","","215000","215000","97","1043.84","2217","206","Townhouse","3","Community,Road,Landscaped Garden","","","","2202","204.57","","G+1","","2026-01-22 00:00:00","Active Listings","","No","","","Single Row | Near Pool and Park | Large Townhouse","Dubai Properties","NULL"
"25149141","2026-01-22 00:00:00","Mudon","Al Ranim","Al Ranim 3","","","178000","178000","80","864.2","2217","206","Townhouse","3","Community","","","N","1808","168","Type 3B1","G+1","","2027-01-21 00:00:00","Rental Contracts","","","","","","Dubai Properties","New"
"25103321","2026-01-22 00:00:00","Mudon","Al Ranim","Al Ranim 3","","","180000","180000","81","873.79","2217","206","Townhouse","3","Community,Road","","","","1958","181.87","","G+1","","2026-01-22 00:00:00","Active Listings","","No","","","G+1 Layout |Multiple Units | Best Price","Dubai Properties","NULL"
"25103614","2026-01-22 00:00:00","Mudon","Al Ranim","Al Ranim 2","","","249950","249950","98","1054.64","2549","237","Townhouse","4","","","","","0","0","","G+1","","2026-01-22 00:00:00","Active Listings","","No","","","Brand New | Large Corner Plot | Real Ad","Dubai Properties","NULL"
"25104127","2026-01-22 00:00:00","Mudon","Al Ranim","Al Ranim 2","","","240000","240000","94","1013.6","2549","236.78","Townhouse","4","Community,Road,Walkway,Landscaped Garden","","","","2767","257.05","","G+1","","2026-01-22 00:00:00","Active Listings","","No","","","Corner Unit | Single Row | Unfurnished","Dubai Properties","NULL"
"25107563","2026-01-21 00:00:00","Mudon","Al Ranim","Al Ranim 3","","","240000","240000","94","1013.47","2549","236.78","Townhouse","4","Community,Road","","","","2867","266.39","","G+1","","2026-01-21 00:00:00","Active Listings","","No","","","Super Corner 4 BR Family Villa | Mudon Al Ranim 3","Dubai Properties","NULL"
"25062807","2026-01-21 00:00:00","Mudon","Al Ranim","Al Ranim 2","","","245000","245000","96","1034.72","2549","236.78","Townhouse","4","Community,Play area,Landscaped Garden","","","N","2863","265.96","Type 4B1","G+1","","2027-01-20 00:00:00","Rental Contracts","","","","","","Dubai Properties","New"
"25090332","2026-01-20 00:00:00","Mudon","Al Ranim","Al Ranim 3","","","305000","305000","115","1234.82","2657","247","Townhouse","4","","","","","0","0","","G+1","","2026-01-20 00:00:00","Active Listings","","No","","","G+2 | 4 Bed + Family Room | Backing Onto The Park","Dubai Properties","NULL"
"24963109","2026-01-20 00:00:00","Mudon","Al Ranim","Al Ranim 2","","","180000","195000","88","946.74","2217","206","Townhouse","3","","","","","1814","168.48","","G+1","","2026-01-20 00:00:00","Active Listings","","No","","","Unfurnished | Vacant | Family-Friendly Community","Dubai Properties","NULL"
"25089074","2026-01-20 00:00:00","Mudon","Al Ranim","Al Ranim 2","","","205000","205000","92","995.29","2217","206","Townhouse","3","","","","","1813","168.46","","G+1","","2026-01-20 00:00:00","Active Listings","","No","","","BRAND NEW I SINGLE ROW I VACANT READY TO MOVE I APPLIANCES","Dubai Properties","NULL"
"25088821","2026-01-20 00:00:00","Mudon","Al Ranim","Al Ranim 3","","","275000","275000","88","951.56","3116","289","Townhouse","4","","","","","0","0","","G+1","","2026-01-20 00:00:00","Active Listings","","No","","","4BR G+2 l Extra Room l Single Row | Backed up to park","Dubai Properties","NULL"
"25083987","2026-01-20 00:00:00","Mudon","Al Ranim","Al Ranim 3","","","235000","235000","92","992.73","2548","236.78","Townhouse","4","","","","N","2709","251.76","Type 4B1","G+1","","2027-01-19 00:00:00","Rental Contracts","","","","","","Dubai Properties","New"
"25092960","2026-01-20 00:00:00","Mudon","Al Ranim","Al Ranim 3","","","280000","560000","94","1013.42","2978","276.7","Townhouse","4","","","","N","2661","247.23","Type 4B2","G+2","","2028-01-19 00:00:00","Rental Contracts","","","","","","Dubai Properties","New"
"24727138","2026-01-20 00:00:00","Mudon","Al Ranim","Al Ranim 2","","","198000","198000","89","961.31","2217","206","Townhouse","3","","","","","1814","168.48","","G+1","","2026-01-20 00:00:00","Active Listings","","No","","","Unfurnished | Ready to Move | Ideal Family Layout","Dubai Properties","NULL"
"25089130","2026-01-20 00:00:00","Mudon","Al Ranim","Al Ranim 2","","","240000","240000","94","1013.47","2549","236.78","Townhouse","4","","","","","2811","261.12","","G+1","","2026-01-20 00:00:00","Active Listings","","No","","","SINGLE ROW | CORNER UNIT | 4BED+MAID","Dubai Properties","NULL"
"25070699","2026-01-20 00:00:00","Mudon","Al Ranim","Al Ranim 3","","","185000","185000","83","898.19","2217","206","Townhouse","3","Community,Landscaped Garden,Road","","","N","1830","170.03","Type 3B1","G+1","","2027-01-19 00:00:00","Rental Contracts","","","","","","Dubai Properties","New"
"24886892","2026-01-20 00:00:00","Mudon","Al Ranim","Al Ranim 3","","","255000","255000","100","1076.81","2549","236.78","Townhouse","4","Community,Road","","","","3259","302.81","","G+1","","2026-01-20 00:00:00","Active Listings","","No","","","Vastu Unit | Rare Corner Plot | Single Row","Dubai Properties","NULL"
"25085553","2026-01-20 00:00:00","Mudon","Al Ranim","Al Ranim 3","","","350000","350000","118","1265.04","2978","276.7","Townhouse","4","","","","N","5157","479.15","Type 4B2","G+2","","2027-01-19 00:00:00","Rental Contracts","","","","","","Dubai Properties","New"
"24982942","2026-01-20 00:00:00","Mudon","Al Ranim","Al Ranim 3","","","200000","200000","90","971.02","2217","206","Townhouse","3","Community,Landscaped Garden","","","","1808","168","","G+1","","2026-01-20 00:00:00","Active Listings","","No","","","Modern 3BR Home | Prime Location in Mudon Ranim 3","Dubai Properties","NULL"
"24628897","2026-01-20 00:00:00","Mudon","Al Ranim","Al Ranim 3","","","245000","245000","96","1034.72","2549","236.78","Townhouse","4","Community","","","","2633","244.65","","G+1","","2026-01-20 00:00:00","Active Listings","","No","","","Spacious Super Corner 4 BR Home | Mudon Al Ranim 3","Dubai Properties",""
"24628909","2026-01-20 00:00:00","Mudon","Al Ranim","Al Ranim 3","","","245000","245000","96","1034.58","2549","236.78","Townhouse","4","","","","","2681","249.05","","G+1","","2026-01-20 00:00:00","Active Listings","","No","","","Super Corner 4 BR Family Villa | Mudon Al Ranim 3","Dubai Properties",""
"24888497","2026-01-20 00:00:00","Mudon","Al Ranim","Al Ranim 3","","","230000","230000","90","964.08","2568","238.55","Townhouse","3","Community,Walkway,Landscaped Garden","","","","1808","168","","G+2","","2026-01-20 00:00:00","Active Listings","","No","","","Greenbelt Backing | Middle Unit | 3rd Floor Family Room","Dubai Properties","NULL"
"25088954","2026-01-20 00:00:00","Mudon","Al Ranim","Al Ranim 2","","","250000","250000","98","1055.83","2549","236.78","Townhouse","4","","","","","2675","248.5","","G+1","","2026-01-20 00:00:00","Active Listings","","No","","","PARK BACKING l SPACIOUS LAYOUT l BRAND NEW","Dubai Properties","NULL"
"25088708","2026-01-20 00:00:00","Mudon","Al Ranim","Al Ranim 3","","","250000","250000","98","1055.7","2549","236.78","Townhouse","4","Community,Road,Landscaped Garden","","","","3257","302.59","","G+1","","2026-01-20 00:00:00","Active Listings","","No","","","Upgraded | Spacious | Family-Perfect.","Dubai Properties","NULL"
"24806647","2026-01-20 00:00:00","Mudon","Al Ranim","Al Ranim 3","","","265000","265000","104","1119.04","2549","236.78","Townhouse","4","Community,Road","","","","3259","302.81","","G+1","","2026-01-20 00:00:00","Active Listings","","No","","","Brand New | 4BD | G+1 | Single Row | GR8 Location","Dubai Properties","NULL"
"25079812","2026-01-19 00:00:00","Mudon","Al Ranim","Al Ranim 3","","","250000","250000","98","1055.83","2549","236.78","Townhouse","4","Community,Road,Landscaped Garden","","","","3257","302.59","","G+1","","2026-01-19 00:00:00","Active Listings","","No","","","Ready To Move | Single Row | Corner Unit","Dubai Properties","NULL"
"24641568","2026-01-19 00:00:00","Mudon","Al Ranim","Al Ranim 3","","","304999","339999","114","1228.76","2978","276.7","Townhouse","4","","","","","2653","246.46","","G+2","","2026-01-19 00:00:00","Active Listings","","No","","","Park Backing | 4BR G+2 | Largest Layout","Dubai Properties",""
"24924704","2026-01-19 00:00:00","Mudon","Al Ranim","Al Ranim 2","","","235000","235000","92","992.48","2549","236.78","Townhouse","4","","","","N","2728","253.41","Type 4B1","G+1","","2027-01-18 00:00:00","Rental Contracts","","","","","","Dubai Properties","New"
"25079859","2026-01-19 00:00:00","Mudon","Al Ranim","Al Ranim 2","","","240000","240000","94","1013.6","2549","236.78","Townhouse","4","","","","","2741","254.68","","G+1","","2026-01-19 00:00:00","Active Listings","","No","","","Park View , Brand New , Single Row ,Vacant Now","Dubai Properties","NULL"
"25077863","2026-01-19 00:00:00","Mudon","Al Ranim","Al Ranim 3","","","180000","180000","81","873.91","2217","206","Townhouse","3","Community,Landscaped Garden","","","N","1808","168","Type 3B1","G+1","","2027-01-18 00:00:00","Rental Contracts","","","","","","Dubai Properties","New"
"23181253","2026-01-19 00:00:00","Mudon","Al Ranim","Al Ranim 1","","","260000","260000","102","1097.93","2549","236.78","Townhouse","4","","","","","2911","270.42","","G+1","","2026-01-19 00:00:00","Active Listings","","No","","","4BR + M / ON PARK / HANDOVER SOON / CALL NOW","Dubai Properties",""
"24834346","2026-01-18 00:00:00","Mudon","Al Ranim","Al Ranim 1","","","325000","325000","109","1174.56","2978","276.7","Townhouse","4","","","","","2632","244.48","","G+2","","2026-01-18 00:00:00","Active Listings","","No","","","Brand New | Modern | Family Living","Dubai Properties","NULL"
"25078857","2026-01-18 00:00:00","Mudon","Al Ranim","Al Ranim 3","","","335000","335000","131","1414.82","2549","236.78","Townhouse","4","Community,Landscaped Walkway","","","","2888","268.3","","G+1","","2026-01-18 00:00:00","Active Listings","","No","","","Vacant |Elegant 4 bedrooms villa |Good View","Dubai Properties","NULL"
"25079972","2026-01-18 00:00:00","Mudon","Al Ranim","Al Ranim 2","","","180000","180000","99","1071.43","1810","168","Townhouse","3","","","","","0","0","","G+1","","2026-01-18 00:00:00","Active Listings","","No","","","|| Ready to move || 3 br +maid || with kitchen appliances || ideal for family","Dubai Properties","NULL"
"25079220","2026-01-18 00:00:00","Mudon","Al Ranim","Al Ranim 3","","","180000","180000","81","873.91","2217","206","Townhouse","3","","","","","1808","168","","G+1","","2026-01-18 00:00:00","Active Listings","","No","","","Brand New , single row, next to pool and park","Dubai Properties","NULL"
"25098196","2026-01-18 00:00:00","Mudon","Al Ranim","Al Ranim 2","","","230000","230000","90","971.61","2548","236.78","Townhouse","4","Community,Walkway,Road","","","N","2867","266.37","Type 4B1","G+1","","2027-01-17 00:00:00","Rental Contracts","","","","","","Dubai Properties","New"
"25081056","2026-01-18 00:00:00","Mudon","Al Ranim","Al Ranim 3","","","177697","185000","69","747.09","2567","238.55","Townhouse","3","","","","N","1808","168","Type 3B2","G+2","","2027-02-01 00:00:00","Rental Contracts","","","","","","Dubai Properties","New"
"25071335","2026-01-18 00:00:00","Mudon","Al Ranim","Al Ranim 1","","","215000","215000","84","908.25","2548","236.78","Townhouse","4","","","","N","2978","276.69","Type 4B1","G+1","","2027-01-17 00:00:00","Rental Contracts","","","","","","Dubai Properties","New"
"25080048","2026-01-18 00:00:00","Mudon","Al Ranim","Al Ranim 3","","","305000","305000","115","1234.82","2657","247","Townhouse","4","","","","","0","0","","G+1","","2026-01-18 00:00:00","Active Listings","","No","","","On Green Belt | G+2 | 4 Bedroom + Family Room","Dubai Properties","NULL"
"25058293","2026-01-18 00:00:00","Mudon","Al Ranim","Al Ranim 2","","","190000","190000","86","922.33","2217","206","Townhouse","3","","","","","1808","168","","G+1","","2026-01-18 00:00:00","Active Listings","","No","","","Park View |Spacious |High Demand Community","Dubai Properties","NULL"
"25076739","2026-01-17 00:00:00","Mudon","Al Ranim","Al Ranim 3","","","185000","185000","83","898.06","2217","206","Townhouse","3","","","","","0","0","","G+1","","2026-01-17 00:00:00","Active Listings","","No","","","Ready to Move | Brand New | Modern Layout","Dubai Properties","NULL"
"25075246","2026-01-17 00:00:00","Mudon","Al Ranim","Al Ranim 3","","","230000","230000","90","964.16","2568","238.55","Townhouse","3","","","","","1809","168.02","","G+2","","2026-01-17 00:00:00","Active Listings","","No","","","Vacant | Brand New | Park Facing","Dubai Properties","NULL"
"24818020","2026-01-17 00:00:00","Mudon","Al Ranim","Al Ranim 3","","","240000","255000","100","1076.95","2549","236.78","Townhouse","4","Community, Road","","","","2717","252.38","","G+1","","2026-01-17 00:00:00","Active Listings","","No","","","Al Ranim 3 | Quiet Location| Multiple Cheques","Dubai Properties","NULL"
"25075051","2026-01-17 00:00:00","Mudon","Al Ranim","Al Ranim 1","","","215000","215000","74","796.3","2905","270","Townhouse","4","","","","","0","0","","G+1","","2026-01-17 00:00:00","Active Listings","","No","","","Prime Location | Brand New | Family Community","Dubai Properties","NULL"
"25076619","2026-01-17 00:00:00","Mudon","Al Ranim","Al Ranim 3","","","235000","235000","92","992.36","2549","236.78","Townhouse","4","Community,Road","","","","2986","277.43","","G+1","","2026-01-17 00:00:00","Active Listings","","Yes","","","Spacious 4BR + Maid for Rent | Best priced","Dubai Properties","NULL"
"25074850","2026-01-17 00:00:00","Mudon","Al Ranim","Al Ranim 2","","","200000","200000","90","970.87","2216","206","Townhouse","3","","","","","0","0","","G+1","","2026-01-17 00:00:00","Active Listings","","No","","","Elegant 3BR Villa | Familiy Living | Huge Plot","Dubai Properties","NULL"
"25076407","2026-01-17 00:00:00","Mudon","Al Ranim","Al Ranim 3","","","190000","190000","86","922.46","2217","206","Townhouse","3","Community, Road","","","","1840","170.93","","G+1","","2026-01-17 00:00:00","Active Listings","","No","","","Brand New Single Row 3BR + Maid’s Villa | Mudon Al Ranim 3","Dubai Properties","NULL"
"25074876","2026-01-17 00:00:00","Mudon","Al Ranim","Al Ranim 2","","","265000","265000","104","1119.18","2549","236.78","Townhouse","4","Park,Community","","","","4177","388.06","","G+1","","2026-01-17 00:00:00","Active Listings","","No","","","Spacious 4BR Villa | Big Plot | Ready To Move In","Dubai Properties","NULL"
"25075132","2026-01-17 00:00:00","Mudon","Al Ranim","Al Ranim 3","","","230000","230000","90","964.08","2568","238.55","Townhouse","3","Community,Walkway,Landscaped Garden","","","","1808","168","","G+2","","2026-01-17 00:00:00","Active Listings","","No","","","G + 2 | Ready To Move In | Prime Location","Dubai Properties","NULL"
"25074879","2026-01-17 00:00:00","Mudon","Al Ranim","Al Ranim 2","","","200000","200000","90","966.18","2224","207","Townhouse","3","","","","","0","0","","G+1","","2026-01-17 00:00:00","Active Listings","","No","","","Luxury 3BR | Prime Location | Spacious Layout","Dubai Properties","NULL"
"25076440","2026-01-17 00:00:00","Mudon","Al Ranim","Al Ranim 2","","","190000","190000","86","922.33","2217","206","Townhouse","3","","","","","1814","168.48","","G+1","","2026-01-17 00:00:00","Active Listings","","No","","","Brand New | Park Facing | Near to Pool","Dubai Properties","NULL"
"25074649","2026-01-17 00:00:00","Mudon","Al Ranim","Al Ranim 3","","","185000","185000","83","898.06","2217","206","Townhouse","3","","","","","1827","169.77","","G+1","","2026-01-17 00:00:00","Active Listings","","No","","","Single Row | Just Handed Over | 3 Bed + Maids","Dubai Properties","NULL"
"25069066","2026-01-16 00:00:00","Mudon","Al Ranim","Al Ranim 3","","","189000","189000","85","917.61","2217","206","Townhouse","3","Community,Landscaped Garden,Walkway,Kid's play area","","","","1808","168","","G+1","","2026-01-16 00:00:00","Active Listings","","No","","","Brand New | Ready To Move | Near Amenities","Dubai Properties","NULL"
"25067792","2026-01-16 00:00:00","Mudon","Al Ranim","Al Ranim 2","","","239999","239999","94","1013.59","2549","236.78","Townhouse","4","","","","","2675","248.5","","G+1","","2026-01-16 00:00:00","Active Listings","","No","","","Park Backing | 4BR + Maids | Corner Plot","Dubai Properties","NULL"
"25069084","2026-01-16 00:00:00","Mudon","Al Ranim","Al Ranim 4","","","185000","185000","83","898.19","2217","206","Townhouse","3","","","","","1940","180.23","","G+1","","2026-01-16 00:00:00","Active Listings","","No","","","Prime Location | Near Amenities | Best Deal","Dubai Properties","NULL"
"24902701","2026-01-16 00:00:00","Mudon","Al Ranim","Al Ranim 1","","","280000","280000","110","1182.38","2549","236.78","Townhouse","4","","","","","5086","472.52","","G+1","","2026-01-16 00:00:00","Active Listings","","No","","","4BR+Maid l Single Row l Private Garden","Dubai Properties","NULL"
"25067579","2026-01-16 00:00:00","Mudon","Al Ranim","Al Ranim 3","","","200000","200000","90","971.02","2217","206","Townhouse","3","","","","","1850","171.83","","G+1","","2026-01-16 00:00:00","Active Listings","","No","","","Brand New I Fully Fitted I Spacious Layout","Dubai Properties","NULL"
"25067895","2026-01-16 00:00:00","Mudon","Al Ranim","Al Ranim 3","","","240000","240000","88","952.38","2716","252","Townhouse","4","","","","","0","0","","G+1","","2026-01-16 00:00:00","Active Listings","","No","","","BRAND NEW I QUITE NATURAL VIEW I MULTIPLE OPTIONS AVAILABLE","Dubai Properties","NULL"
"25068942","2026-01-16 00:00:00","Mudon","Al Ranim","Al Ranim 3","","","180000","180000","99","1065.09","1817","169","Townhouse","3","","","","","0","0","","G+1","","2026-01-16 00:00:00","Active Listings","","No","","","ENOUGH LOOKING I COME TO VIEW I MULTIPLE LOCATIONS","Dubai Properties","NULL"
"24660902","2026-01-16 00:00:00","Mudon","Al Ranim","Al Ranim 3","","","265000","265000","104","1119.04","2549","236.78","Townhouse","4","","","","","3013","279.88","","G+1","","2026-01-16 00:00:00","Active Listings","","No","","","Mid-Unit | L-shape | Just Handed Over | Prime Location","Dubai Properties","NULL"
"25067442","2026-01-16 00:00:00","Mudon","Al Ranim","Al Ranim 3","","","220000","220000","99","1067.96","2217","206","Townhouse","3","","","","","1834","170.35","","G+1","","2026-01-16 00:00:00","Active Listings","","No","","","Elegant 3BR Townhouse | Single Row | Family Home","Dubai Properties","NULL"
"25069239","2026-01-16 00:00:00","Mudon","Al Ranim","Al Ranim 3","","","280000","280000","94","1010.83","2978","277","Townhouse","4","","","","","0","0","","G+1","","2026-01-16 00:00:00","Active Listings","","No","","","Park Backing | Largest Layout | G+2","Dubai Properties","NULL"
"25002454","2026-01-16 00:00:00","Mudon","Al Ranim","Al Ranim 1","","","175000","175000","79","849.64","2217","206","Townhouse","3","","","","","1810","168.16","","G+1","","2026-01-16 00:00:00","Active Listings","","No","","","Easy Access | Near Park | Unit with white goods","Dubai Properties","NULL"
"25068250","2026-01-16 00:00:00","Mudon","Al Ranim","Al Ranim 3","","","195000","195000","88","946.6","2217","206","Townhouse","3","Community,Landscaped Garden,Road","","","","1830","170.03","","G+1","","2026-01-16 00:00:00","Active Listings","","No","","","SPACIOUS 3 - BEDROOM VILLA with MAID'S ROOM in Al Hebiah 6","Dubai Properties","NULL"
"25069298","2026-01-16 00:00:00","Mudon","Al Ranim","Al Ranim 3","","","190000","190000","101","1085.71","1880","175","Townhouse","3","","","","","0","0","","G+1","","2026-01-16 00:00:00","Active Listings","","No","","","3BR Townhouse | Gated Community | CALL NOW","Dubai Properties","NULL"
"25058844","2026-01-15 00:00:00","Mudon","Al Ranim","Al Ranim 3","","","240000","240000","94","1012.66","2549","237","Townhouse","4","","","","","0","0","","G+1","","2026-01-15 00:00:00","Active Listings","","No","","","Park View | Premium 4Bed+maids Corner | Ready to move","Dubai Properties","NULL"
"25058382","2026-01-15 00:00:00","Mudon","Al Ranim","Al Ranim 3","","","275000","275000","88","951.56","3116","289","Townhouse","4","","","","","0","0","","G+1","","2026-01-15 00:00:00","Active Listings","","No","","","Keys in Hand |4BR G+2 l Extra Room l Single Row","Dubai Properties","NULL"
"25058913","2026-01-15 00:00:00","Mudon","Al Ranim","Al Ranim 1","","","210000","210000","116","1250","1808","168","Townhouse","3","","","","","0","0","","G+1","","2026-01-15 00:00:00","Active Listings","","No","","","Unfurnished | Vacant | 3 Bed + Maid","Dubai Properties","NULL"
"25043067","2026-01-15 00:00:00","Mudon","Al Ranim","Al Ranim 3","","","180000","180000","81","873.91","2217","206","Townhouse","3","","","","N","1953","181.46","Type 3B1","G+1","","2027-01-14 00:00:00","Rental Contracts","","","","","","Dubai Properties","New"
"24938132","2026-01-15 00:00:00","Mudon","Al Ranim","Al Ranim 3","","","195000","195000","88","946.74","2217","206","Townhouse","3","","","","N","1808","168","Type 3B1","G+1","","2027-01-14 00:00:00","Rental Contracts","","","","","","Dubai Properties","New"
"24329376","2026-01-15 00:00:00","Mudon","Al Ranim","Al Ranim 2","","","262000","262000","103","1106.37","2549","236.78","Townhouse","4","Community,Play area,Landscaped Garden","","","","2863","265.96","","G+1","","2026-01-15 00:00:00","Active Listings","","No","","","Spacious Corner Unit on Park","Dubai Properties",""
"24976808","2026-01-15 00:00:00","Mudon","Al Ranim","Al Ranim 1","","","210000","210000","82","887.12","2548","236.78","Townhouse","4","","","","N","2733","253.98","Type 4B1","G+1","","2027-01-14 00:00:00","Rental Contracts","","","","","","Dubai Properties","New"
"25043628","2026-01-15 00:00:00","Mudon","Al Ranim","Al Ranim 3","","","185000","185000","83","898.19","2217","206","Townhouse","3","","","","N","1808","168","Type 3B1","G+1","","2027-01-14 00:00:00","Rental Contracts","","","","","","Dubai Properties","New"
"25059021","2026-01-15 00:00:00","Mudon","Al Ranim","Al Ranim 3","","","180000","180000","81","873.91","2217","206","Townhouse","3","","","","","1808","168.01","","G+1","","2026-01-15 00:00:00","Active Listings","","No","","","Single Row | 3BR Villa with Maids","Dubai Properties","NULL"
"25059541","2026-01-15 00:00:00","Mudon","Al Ranim","Al Ranim 1","","","225000","225000","88","950.13","2549","236.78","Townhouse","4","","","","","2978","276.69","","G+1","","2026-01-15 00:00:00","Active Listings","","No","","","CLOSE TO PARK | Brand New | UNFURNISHED","Dubai Properties","NULL"
"24984563","2026-01-15 00:00:00","Mudon","Al Ranim","Al Ranim 1","","","245000","245000","96","1034.72","2549","236.78","Townhouse","4","Community,Landscaped Garden","","","N","2662","247.34","Type 4B1","G+1","","2027-01-14 00:00:00","Rental Contracts","","","","","","Dubai Properties","New"
"25005061","2026-01-14 00:00:00","Mudon","Al Ranim","Al Ranim 3","","","190000","190000","86","922.33","2217","206","Townhouse","3","","","","","1809","168.07","","G+1","","2026-01-14 00:00:00","Active Listings","","No","","","Brand New | 3-BR | 5 mins. from Jabel Ali School","Dubai Properties","NULL"
"25002006","2026-01-14 00:00:00","Mudon","Al Ranim","Al Ranim 3","","","240000","240000","94","1012.66","2549","237","Townhouse","4","","","","","0","0","","G+1","","2026-01-14 00:00:00","Active Listings","","No","","","On Greenbelt | Ready to Move In | Brand New","Dubai Properties","NULL"
"25002014","2026-01-14 00:00:00","Mudon","Al Ranim","Al Ranim 1","","","190000","190000","86","922.33","2217","206","Townhouse","3","","","","","0","0","","G+1","","2026-01-14 00:00:00","Active Listings","","No","","","3 Bedroom | Brand New | Opposite Pool and Park","Dubai Properties","NULL"
"25004352","2026-01-14 00:00:00","Mudon","Al Ranim","Al Ranim 1","","","240000","240000","94","1013.6","2549","236.78","Townhouse","4","Community,Road","","","","2905","269.9","","G+1","","2026-01-14 00:00:00","Active Listings","","No","","","Spacious 4 Bedroom + Maid | G+1 | Family Community","Dubai Properties","NULL"
"25004388","2026-01-14 00:00:00","Mudon","Al Ranim","Al Ranim 2","","","244999","244999","96","1034.71","2549","236.78","Townhouse","4","Community,Road,Walkway,Landscaped Garden","","","","2767","257.05","","G+1","","2026-01-14 00:00:00","Active Listings","","No","","","BRAND NEW | SINGLE ROW | MAID | ALL APPLIANCES","Dubai Properties","NULL"
"25004652","2026-01-14 00:00:00","Mudon","Al Ranim","Al Ranim 2","","","200000","200000","90","971.02","2217","206","Townhouse","3","Park,Swimming Pool,Community","","","","1858","172.62","","G+1","","2026-01-14 00:00:00","Active Listings","","No","","","Modern 3BR+Maid-Direct Pool Access-Park Facing","Dubai Properties","NULL"
"25004674","2026-01-14 00:00:00","Mudon","Al Ranim","Al Ranim 3","","","230000","230000","90","964.08","2568","238.55","Townhouse","3","Community,Walkway,Landscaped Garden","","","","1808","168","","G+2","","2026-01-14 00:00:00","Active Listings","","","","","Luxury Modern Villa | G+2 | Single Row","Dubai Properties","NULL"
"24982791","2026-01-13 00:00:00","Mudon","Al Ranim","Al Ranim 2","","","340000","340000","114","1228.77","2978","276.7","Townhouse","4","","","","","3827","355.52","","G+2","","2026-01-13 00:00:00","Active Listings","","Yes","","","G + 2 | Largest Layout | Park View |Semi Furnished","Dubai Properties","NULL"
"24982798","2026-01-13 00:00:00","Mudon","Al Ranim","Al Ranim 3","","","180000","180000","81","873.79","2217","206","Townhouse","3","","","","","1827","169.77","","G+1","","2026-01-13 00:00:00","Active Listings","","No","","","Single Row Arabella View | Upgraded Garden | Maids","Dubai Properties","NULL"
"24983323","2026-01-13 00:00:00","Mudon","Al Ranim","Al Ranim 2","","","200000","200000","90","971.02","2217","206","Townhouse","3","","","","","1813","168.46","","G+1","","2026-01-13 00:00:00","Active Listings","","No","","","Brand New | Single Row | Available Now","Dubai Properties","NULL"
"24981295","2026-01-13 00:00:00","Mudon","Al Ranim","Al Ranim 3","","","250000","250000","98","1055.83","2549","236.78","Townhouse","4","Community,Road","","","","3096","287.62","","G+1","","2026-01-13 00:00:00","Active Listings","","No","","","Vacant and Ready | Big plot | G+1","Dubai Properties","NULL"
"24982073","2026-01-13 00:00:00","Mudon","Al Ranim","Al Ranim 1","","","179999","179999","70","754.49","2568","238.55","Townhouse","3","","","","","1808","168","","G+2","","2026-01-13 00:00:00","Active Listings","","No","","","Single Row 3BR G+2 | Park Facing | Mudon Al Ranim","Dubai Properties","NULL"
"24981307","2026-01-13 00:00:00","Mudon","Al Ranim","Al Ranim 3","","","200000","200000","90","970.87","2217","206","Townhouse","3","","","","","0","0","","G+1","","2026-01-13 00:00:00","Active Listings","","No","","","Next to Entrance and Pool | G+1 | On the Park","Dubai Properties","NULL"
"24269907","2026-01-13 00:00:00","Mudon","Al Ranim","Al Ranim 1","","","240000","240000","94","1013.6","2549","236.78","Townhouse","4","Community,Road","","","","2905","269.9","","G+1","","2026-01-13 00:00:00","Active Listings","","No","","","Bright 4BR Townhouse | Prime Family Location","Dubai Properties",""
"24981614","2026-01-13 00:00:00","Mudon","Al Ranim","Al Ranim 3","","","265000","265000","104","1119.18","2549","236.78","Townhouse","4","Community,Road","","","","2986","277.43","","G+1","","2026-01-13 00:00:00","Active Listings","","No","","","Single Row I Walk In to the Park I Ready to Move","Dubai Properties","NULL"
"24885365","2026-01-13 00:00:00","Mudon","Al Ranim","Al Ranim 2","","","250000","250000","98","1055.83","2549","236.78","Townhouse","4","","","","","2676","248.58","","G+1","","2026-01-13 00:00:00","Active Listings","","No","","","Fully Fitted Kitchen | Corner Unit | On the Park","Dubai Properties","NULL"
"24957565","2026-01-13 00:00:00","Mudon","Al Ranim","Al Ranim 2","","","230000","250000","98","1055.83","2549","236.78","Townhouse","4","Community,Walkway,Road","","","","2867","266.37","","G+1","","2026-01-13 00:00:00","Active Listings","","Yes","","","Brand New | Single Row | Community Park View","Dubai Properties","NULL"
"24981665","2026-01-13 00:00:00","Mudon","Al Ranim","Al Ranim 2","","","235000","235000","92","992.48","2549","236.78","Townhouse","4","Community,Road,Walkway,Landscaped Garden","","","","2767","257.05","","G+1","","2026-01-13 00:00:00","Active Listings","","No","","","Spacious Villa | Corner Unit | Fitted Kitchen","Dubai Properties","NULL"
"24983223","2026-01-13 00:00:00","Mudon","Al Ranim","Al Ranim 3","","","255000","255000","100","1076.81","2549","236.78","Townhouse","4","Community,Road","","","","3259","302.81","","G+1","","2026-01-13 00:00:00","Active Listings","","No","","","Brand New Property | Great Community","Dubai Properties","NULL"
"24983232","2026-01-13 00:00:00","Mudon","Al Ranim","Al Ranim 3","","","245000","245000","96","1034.72","2549","236.78","Townhouse","4","Community, Road","","","","2717","252.38","","G+1","","2026-01-13 00:00:00","Active Listings","","No","","","Available Now | New | End Unit","Dubai Properties","NULL"
"24983488","2026-01-13 00:00:00","Mudon","Al Ranim","Al Ranim 2","","","340000","340000","114","1228.77","2978","276.7","Townhouse","4","","","","","3827","355.52","","G+2","","2026-01-13 00:00:00","Active Listings","","No","","","Premium Corner | Largest Plot | Direct Park View","Dubai Properties","NULL"
"24810438","2026-01-13 00:00:00","Mudon","Al Ranim","Al Ranim 3","","","230000","230000","90","964.08","2568","238.55","Townhouse","3","Community,Landscaped Garden","","","","1808","168.01","","G+2","","2026-01-13 00:00:00","Active Listings","","No","","","ON GREEN BELT / G+2 / MULTIPLE OPTIONS","Dubai Properties","NULL"
"24982989","2026-01-13 00:00:00","Mudon","Al Ranim","Al Ranim 2","","","230000","230000","90","971.37","2549","236.78","Townhouse","4","Community,Walkway,Road","","","","2867","266.37","","G+1","","2026-01-13 00:00:00","Active Listings","","No","","","4 bed G+1 | Landscaped | Furnished or Unfurnished","Dubai Properties","NULL"
"24982229","2026-01-13 00:00:00","Mudon","Al Ranim","Al Ranim 3","","","310000","310000","104","1120.35","2978","276.7","Townhouse","4","Community,Landscaped Garden,Walkway","","","","3535","328.42","","G+2","","2026-01-13 00:00:00","Active Listings","","No","","","Corner | Big Plot | G+2 | Close to Pool and Park","Dubai Properties","NULL"
"24980960","2026-01-13 00:00:00","Mudon","Al Ranim","Al Ranim 3","","","195000","195000","88","946.6","2217","206","Townhouse","3","","","","","1808","168","","G+1","","2026-01-13 00:00:00","Active Listings","","No","","","Green Belt | Brand New | Modern Finishes","Dubai Properties","NULL"
"24982755","2026-01-13 00:00:00","Mudon","Al Ranim","Al Ranim 2","","","340000","340000","114","1228.77","2978","276.7","Townhouse","4","","","","","3827","355.52","","G+2","","2026-01-13 00:00:00","Active Listings","","No","","","Largest Plot 4BR Townhouse | Single Row | Mudon Al","Dubai Properties","NULL"
"24982782","2026-01-13 00:00:00","Mudon","Al Ranim","Al Ranim 1","","","220000","220000","86","922.16","2568","238.55","Townhouse","3","","","","","1808","168","","G+2","","2026-01-13 00:00:00","Active Listings","","No","","","Spacious 3BR G plus 2 | Single Row | Park Facing","Dubai Properties","NULL"
"23300112","2026-01-12 00:00:00","Mudon","Al Ranim","Al Ranim 2","","","220000","220000","99","1067.96","2217","206","Townhouse","3","","","","","1813","168.46","","G+1","","2026-01-12 00:00:00","Active Listings","","No","","","Brand New | Open Kitchen | Corner Unit | Dubai","Dubai Properties",""
"24974674","2026-01-12 00:00:00","Mudon","Al Ranim","Al Ranim 3","","","240000","240000","94","1013.6","2549","236.78","Townhouse","4","Community,Landscaped Garden","","","","2659","247.05","","G+1","","2026-01-12 00:00:00","Active Listings","","No","","","Brand New | Built-In Kitchen | Spacious","Dubai Properties","NULL"
"24967965","2026-01-11 00:00:00","Mudon","Al Ranim","Al Ranim 1","","","230000","230000","90","971.37","2549","236.78","Townhouse","4","Community,Road","","","","2927","271.94","","G+1","","2026-01-11 00:00:00","Active Listings","","No","","","Vacant | Private Location | Spacious","Dubai Properties","NULL"
"24826667","2026-01-11 00:00:00","Mudon","Al Ranim","Al Ranim 3","","","185000","185000","83","898.06","2217","206","Townhouse","3","","","","","1827","169.77","","G+1","","2026-01-11 00:00:00","Active Listings","","Yes","","","Brand New | Maids Room | Premium Finishing","Dubai Properties","NULL"
"24968766","2026-01-11 00:00:00","Mudon","Al Ranim","Al Ranim 2","","","240000","240000","94","1013.6","2549","236.78","Townhouse","4","Community,Road,Walkway,Landscaped Garden","","","","2767","257.05","","G+1","","2026-01-11 00:00:00","Active Listings","","No","","","Brand New | Next To Park | Multiple Cheques","Dubai Properties","NULL"
"24905345","2026-01-11 00:00:00","Mudon","Al Ranim","Al Ranim 3","","","182500","182500","82","886.05","2217","206","Townhouse","3","","","","","1808","168","","G+1","","2026-01-11 00:00:00","Active Listings","","No","","","Premium Location | New 3BR + Maid | Multiple Option","Dubai Properties","NULL"
"24971144","2026-01-11 00:00:00","Mudon","Al Ranim","Al Ranim 1","","","240000","240000","94","1013.6","2549","236.78","Townhouse","4","Community,Road","","","","2908","270.2","","G+1","","2026-01-11 00:00:00","Active Listings","","No","","","4 bed G+1 | Easy Access | Quiet Location","Dubai Properties","NULL"
"23225743","2026-01-11 00:00:00","Mudon","Al Ranim","Al Ranim 1","","","310000","220000","99","1068.12","2217","206","Townhouse","3","Community,Road","","","","1928","179.16","","G+1","","2026-01-11 00:00:00","Active Listings","","No","","","4BR + MAIDS + FAMILY ROOM / ON GREEN BELT / READY TO MOVE","Dubai Properties",""
"24810403","2026-01-11 00:00:00","Mudon","Al Ranim","Al Ranim 3","","","310000","335000","112","1210.83","2978","276.7","Townhouse","4","","","","","2726","253.27","","G+2","","2026-01-11 00:00:00","Active Listings","","No","","","ON GREEN BELT / G+2 / MULTIPLE OPTIONS","Dubai Properties","NULL"
"24933353","2026-01-11 00:00:00","Mudon","Al Ranim","Al Ranim 1","","","175000","175000","79","849.64","2217","206","Townhouse","3","","","","N","1973","183.32","Type 3B1","G+1","","2027-01-10 00:00:00","Rental Contracts","","","","","","Dubai Properties","New"
"24971252","2026-01-11 00:00:00","Mudon","Al Ranim","Al Ranim 1","","","245000","245000","95","1027.04","2568","238.55","Townhouse","3","","","","","1808","168","","G+2","","2026-01-11 00:00:00","Active Listings","","No","","","G+1 | SINGLE ROW | LANDSCAPE GARDEN","Dubai Properties","NULL"
"24967681","2026-01-10 00:00:00","Mudon","Al Ranim","Al Ranim 3","","","320000","320000","103","1103.45","3117","290","Townhouse","4","","","","","0","0","","G+1","","2026-01-10 00:00:00","Active Listings","","No","","","Corner Unit Villa | East Facing | Semi-Detached","Dubai Properties","NULL"
"24135703","2026-01-10 00:00:00","Mudon","Al Ranim","Al Ranim 1","","","245000","245000","95","1026.95","2568","238.55","Townhouse","3","","","","","1808","168","","G+2","","2026-01-10 00:00:00","Active Listings","","","","","Single Row | Prime Location | Spacious","Dubai Properties",""
"24967200","2026-01-10 00:00:00","Mudon","Al Ranim","Al Ranim 3","","","240000","240000","94","1013.6","2549","236.78","Townhouse","4","Community,Road","","","","2867","266.39","","G+1","","2026-01-10 00:00:00","Active Listings","","No","","","Spacious | Premium Finishes | Close to Park","Dubai Properties","NULL"
"25091115","2026-01-10 00:00:00","Mudon","Al Ranim","Al Ranim 2","","","175000","175000","79","849.64","2217","206","Townhouse","3","Community,Walkway,Road","","","N","1810","168.2","Type 3B1","G+1","","2027-01-09 00:00:00","Rental Contracts","","","","","","Dubai Properties","New"
"24925027","2026-01-10 00:00:00","Mudon","Al Ranim","Al Ranim 1","","","200000","200000","78","838.64","2567","238.55","Townhouse","3","","","","N","1864","173.24","Type 3B2","G+2","","2027-01-09 00:00:00","Rental Contracts","","","","","","Dubai Properties","New"
"24967524","2026-01-10 00:00:00","Mudon","Al Ranim","Al Ranim 1","","","180000","180000","99","1071.43","1813","168","Townhouse","3","","","","","0","0","","G+1","","2026-01-10 00:00:00","Active Listings","","No","","","BRAND NEW I READY TO MOVE IN I QUITE NATURAL VIEW","Dubai Properties","NULL"
"24967287","2026-01-10 00:00:00","Mudon","Al Ranim","Al Ranim 2","","","260000","260000","102","1097.93","2549","236.78","Townhouse","4","","","","","2667","247.75","","G+1","","2026-01-10 00:00:00","Active Listings","","No","","","Next to pool | Type G+1 | Direct on park","Dubai Properties","NULL"
"24884882","2026-01-10 00:00:00","Mudon","Al Ranim","Al Ranim 3","","","195000","200000","90","970.87","2217","206","Townhouse","3","Community,Park","","","","1808","168.01","","G+1","","2026-01-10 00:00:00","Active Listings","","No","","","Brand New 3BR + Maid Townhouse| Mudon Al Ranim","Dubai Properties","NULL"
"24133031","2026-01-10 00:00:00","Mudon","Al Ranim","Al Ranim 1","","","245000","245000","95","1027.04","2568","238.55","Townhouse","3","","","","","1808","168","","G+2","","2026-01-10 00:00:00","Active Listings","","No","","","G+1 | SINGLE ROW | LANDSCAPE GARDEN","Dubai Properties",""
"24934576","2026-01-10 00:00:00","Mudon","Al Ranim","Al Ranim 3","","","190000","190000","74","796.71","2567","238.55","Townhouse","3","Community,Landscaped Garden,Kid's Play Area","","","N","1808","168.02","Type 3B2","G+2","","2027-01-09 00:00:00","Rental Contracts","","","","","","Dubai Properties","New"
"24133300","2026-01-10 00:00:00","Mudon","Al Ranim","Al Ranim 2","","","250000","260000","91","977.44","2862","266","Townhouse","4","","","","","0","0","","G+1","","2026-01-10 00:00:00","Active Listings","","No","","","Ranim 4 Beds Corner Unit Brand New Ready To Move","Dubai Properties",""
"24967092","2026-01-10 00:00:00","Mudon","Al Ranim","Al Ranim 3","","","270000","270000","95","1018.87","2852","265","Townhouse","4","","","","","0","0","","G+1","","2026-01-10 00:00:00","Active Listings","","No","","","Big plot | Ready to move in | G+1","Dubai Properties","NULL"
"24967604","2026-01-10 00:00:00","Mudon","Al Ranim","Al Ranim 3","","","189999","189999","86","922.46","2217","206","Townhouse","3","","","","","1931","179.39","","G+1","","2026-01-10 00:00:00","Active Listings","","No","","","Park Backing | SMEG Appliance | Brand New","Dubai Properties","NULL"
"24967096","2026-01-10 00:00:00","Mudon","Al Ranim","Al Ranim 2","","","205000","205000","93","995.15","2215","206","Townhouse","3","","","","","0","0","","G+1","","2026-01-10 00:00:00","Active Listings","","No","","","G+1 | Ready to Move In | Direct on Pool","Dubai Properties","NULL"
"24911324","2026-01-10 00:00:00","Mudon","Al Ranim","Al Ranim 3","","","187500","375000","85","911.58","2217","206","Townhouse","3","","","","N","1808","168.04","Type 3B1","G+1","","2028-01-09 00:00:00","Rental Contracts","","","","","","Dubai Properties","New"
"24967401","2026-01-10 00:00:00","Mudon","Al Ranim","Al Ranim 1","","","200000","200000","90","970.87","2217","206","Townhouse","3","","","","","1808","168","","G+1","","2026-01-10 00:00:00","Active Listings","","No","","","Park-Facing | Single Row | Vacant","Dubai Properties","NULL"
"24963356","2026-01-09 00:00:00","Mudon","Al Ranim","Al Ranim 3","","","195000","195000","108","1160.71","1806","168","Townhouse","3","","","","","0","0","","G+1","","2026-01-09 00:00:00","Active Listings","","No","","","Single Row | Spacious | Brand New","Dubai Properties","NULL"
"24963358","2026-01-09 00:00:00","Mudon","Al Ranim","Al Ranim 3","","","230000","230000","90","966.39","2567","238","Townhouse","3","","","","","0","0","","G+1","","2026-01-09 00:00:00","Active Listings","","No","","","G+2 | Green belt | Ready To Move In | Next to Pool","Dubai Properties","NULL"
"24964659","2026-01-09 00:00:00","Mudon","Al Ranim","Al Ranim 2","","","248000","248000","97","1047.25","2549","236.78","Townhouse","4","","","","","2582","239.83","","G+1","","2026-01-09 00:00:00","Active Listings","","No","","","Hot and big offer 4bhk villa for rent /good location/cheaper rent/just in 248k","Dubai Properties","NULL"
"24964149","2026-01-09 00:00:00","Mudon","Al Ranim","Al Ranim 3","","","255000","255000","100","1076.81","2549","236.78","Townhouse","4","Community,Road","","","","3259","302.81","","G+1","","2026-01-09 00:00:00","Active Listings","","No","","","Large Plot | 4 Bedrooms G+1 | Vacant |","Dubai Properties","NULL"
"24925023","2026-01-09 00:00:00","Mudon","Al Ranim","Al Ranim 3","","","175000","175000","79","849.64","2217","206","Townhouse","3","Community,Road","","","N","1957","181.87","Type 3B1","G+1","","2027-01-08 00:00:00","Rental Contracts","","","","","","Dubai Properties","New"
"24965471","2026-01-09 00:00:00","Mudon","Al Ranim","Al Ranim 2","","","200000","200000","90","971.02","2217","206","Townhouse","3","","","","","1813","168.46","","G+1","","2026-01-09 00:00:00","Active Listings","","No","","","Brand New | Prime Location | Ready to Move In","Dubai Properties","NULL"
"24965773","2026-01-09 00:00:00","Mudon","Al Ranim","Al Ranim 1","","","180000","180000","81","873.91","2217","206","Townhouse","3","","","","","1808","168","","G+1","","2026-01-09 00:00:00","Active Listings","","No","","","BRAND NEW | READY TO MOVE | 3BEDROOM TH","Dubai Properties","NULL"
"24961280","2026-01-08 00:00:00","Mudon","Al Ranim","Al Ranim 1","","","250000","250000","98","1055.83","2549","236.78","Townhouse","4","","","","","2995","278.21","","G+1","","2026-01-08 00:00:00","Active Listings","","No","","","Best Priced | Single Row Park View | Ready To Move","Dubai Properties","NULL"
"24961281","2026-01-08 00:00:00","Mudon","Al Ranim","Al Ranim 2","","","190000","190000","86","922.46","2217","206","Townhouse","3","","","","","2023","187.97","","G+1","","2026-01-08 00:00:00","Active Listings","","","","","Brand new | Kitchen Appliances | Spacious","Dubai Properties","NULL"
"24928272","2026-01-08 00:00:00","Mudon","Al Ranim","Al Ranim 3","","","335000","335000","112","1210.83","2978","276.7","Townhouse","4","","","","N","6598","613.04","Type 4B2","G+2","","2027-01-07 00:00:00","Rental Contracts","","","","","","Dubai Properties","New"
"24961577","2026-01-08 00:00:00","Mudon","Al Ranim","Al Ranim 2","","","200000","200000","90","971.02","2217","206","Townhouse","3","","","","","1813","168.46","","G+1","","2026-01-08 00:00:00","Active Listings","","No","","","Brand New I Fully Fitted I Spacious Layout","Dubai Properties","NULL"
"24961853","2026-01-08 00:00:00","Mudon","Al Ranim","Al Ranim 2","","","200000","200000","90","971.02","2217","206","Townhouse","3","Community,Swimming Pool,Park","","","","1808","168","","G+1","","2026-01-08 00:00:00","Active Listings","","No","","","Vacant 3BR TH | Pool and Park View | Single Row","Dubai Properties","NULL"
"24960832","2026-01-08 00:00:00","Mudon","Al Ranim","Al Ranim 1","","","190000","190000","86","922.33","2217","206","Townhouse","3","","","","","1808","168","","G+1","","2026-01-08 00:00:00","Active Listings","","No","","","Stop Scrolling | Appliances | Single Row Park","Dubai Properties","NULL"
"24962661","2026-01-08 00:00:00","Mudon","Al Ranim","Al Ranim 2","","","260000","260000","102","1097.05","2549","237","Townhouse","4","","","","","0","0","","G+1","","2026-01-08 00:00:00","Active Listings","","No","","","Lagoon/Park View | Vacant | Real Advert","Dubai Properties","NULL"
"24962680","2026-01-08 00:00:00","Mudon","Al Ranim","Al Ranim 3","","","240000","240000","93","1004.18","2568","239","Townhouse","3","","","","","0","0","","G+1","","2026-01-08 00:00:00","Active Listings","","No","","","Rare G+2 Layout | Directly On The Park","Dubai Properties","NULL"
"24962692","2026-01-08 00:00:00","Mudon","Al Ranim","Al Ranim 2","","","249950","249950","98","1054.64","2549","237","Townhouse","4","","","","","0","0","","G+1","","2026-01-08 00:00:00","Active Listings","","No","","","Brand New | Large Corner Plot | Real Ad","Dubai Properties","NULL"
"24961194","2026-01-08 00:00:00","Mudon","Al Ranim","Al Ranim 1","","","240000","240000","84","905.66","2855","265","Townhouse","4","","","","","0","0","","G+1","","2026-01-08 00:00:00","Active Listings","","","","","Vastu G+1 | Direct on Park | Prime Location","Dubai Properties","NULL"
"24962521","2026-01-08 00:00:00","Mudon","Al Ranim","Al Ranim 1","","","200000","200000","90","971.02","2217","206","Townhouse","3","","","","","1808","168","","G+1","","2026-01-08 00:00:00","Active Listings","","No","","","Ready To Move In | Single Row | 3 Bed + Maid","Dubai Properties","NULL"
"24962287","2026-01-08 00:00:00","Mudon","Al Ranim","","","","195000","195000","108","1160.71","1808","168","Townhouse","3","","","","","0","0","","G+1","","2026-01-08 00:00:00","Active Listings","","No","","","Brand new | Mordern finishing | Ready to move","Dubai Properties","NULL"
"24959552","2026-01-07 00:00:00","Mudon","Al Ranim","Al Ranim 2","","","200000","200000","90","971.02","2217","206","Townhouse","3","Community,Swimming Pool,Park","","","","1808","168","","G+1","","2026-01-07 00:00:00","Active Listings","","No","","","Facing Pool & Park | 3BR + Maids Room | Brand New","Dubai Properties","NULL"
"24933197","2026-01-07 00:00:00","Mudon","Al Ranim","Al Ranim 2","","","235000","235000","92","992.73","2548","236.78","Townhouse","4","","","","N","2581","239.83","Type 4B1","G+1","","2027-01-06 00:00:00","Rental Contracts","","","","","","Dubai Properties","New"
"24978786","2026-01-07 00:00:00","Mudon","Al Ranim","Al Ranim 1","","","180000","180000","81","873.91","2217","206","Townhouse","3","","","","N","1835","170.53","Type 3B1","G+1","","2027-01-06 00:00:00","Rental Contracts","","","","","","Dubai Properties","New"
"24959587","2026-01-07 00:00:00","Mudon","Al Ranim","Al Ranim 3","","","205000","205000","80","859.36","2568","238.55","Townhouse","3","Community,Landscaped Garden,Distant Play Area","","","","1808","168.01","","G+2","","2026-01-07 00:00:00","Active Listings","","No","","","Available Mid December| Rare 3 Bed G+2 Unit |Maids","Dubai Properties","NULL"
"24958849","2026-01-07 00:00:00","Mudon","Al Ranim","Al Ranim 2","","","240000","240000","94","1013.47","2549","236.78","Townhouse","4","","","","","2678","248.84","","G+1","","2026-01-07 00:00:00","Active Listings","","No","","","Brand New | 4 BR + Maid | Single Row| End Unit","Dubai Properties","NULL"
"24958870","2026-01-07 00:00:00","Mudon","Al Ranim","Al Ranim 2","","","205000","205000","92","995.29","2217","206","Townhouse","3","","","","","1813","168.46","","G+1","","2026-01-07 00:00:00","Active Listings","","No","","","Brand New | 3BR + Maids Room | Single Row","Dubai Properties","NULL"
"24956838","2026-01-07 00:00:00","Mudon","Al Ranim","Al Ranim 1","","","240000","240000","94","1013.47","2549","236.78","Townhouse","4","Community,Landscaped Garden","","","","2662","247.34","","G+1","","2026-01-07 00:00:00","Active Listings","","No","","","4 Bed G+1 | Park Backing | Close To Pool","Dubai Properties","NULL"
"24957609","2026-01-07 00:00:00","Mudon","Al Ranim","Al Ranim 3","","","340000","340000","114","1228.9","2978","276.7","Townhouse","4","","","","","2653","246.46","","G+2","","2026-01-07 00:00:00","Active Listings","","No","","","G+2 | Multiple Options | Prime Location","Dubai Properties","NULL"
"24957617","2026-01-07 00:00:00","Mudon","Al Ranim","Al Ranim 1","","","225000","225000","79","845.86","2864","266","Townhouse","4","","","","","0","0","","G+1","","2026-01-07 00:00:00","Active Listings","","No","","","G+1 | Multiple Options Available | Corner Unit","Dubai Properties","NULL"
"24957877","2026-01-07 00:00:00","Mudon","Al Ranim","Al Ranim 2","","","250000","250000","98","1055.83","2549","236.78","Townhouse","4","Community,Walkway,Road","","","","2713","252.02","","G+1","","2026-01-07 00:00:00","Active Listings","","No","","","Spacious 4BR Family TH | Mudon Al Ranim","Dubai Properties","NULL"
"24957899","2026-01-07 00:00:00","Mudon","Al Ranim","Al Ranim 3","","","230000","230000","90","964.16","2568","238.55","Townhouse","3","Community,Walkway,Landscaped Garden","","","","1808","168","","G+2","","2026-01-07 00:00:00","Active Listings","","No","","","BRAND NEW | SPACIOUS LAYOUT | 3 BHK + MAID","Dubai Properties","NULL"
"24956891","2026-01-07 00:00:00","Mudon","Al Ranim","Al Ranim 2","","","220000","220000","100","1073.17","2211","205","Townhouse","3","","","","","0","0","","G+1","","2026-01-07 00:00:00","Active Listings","","No","","","Brand New | Kitchen Appliances Included | 3BR+Maid","Dubai Properties","NULL"
"24957927","2026-01-07 00:00:00","Mudon","Al Ranim","Al Ranim 2","","","245000","245000","96","1034.72","2549","236.78","Townhouse","4","Community,Play area,Landscaped Garden","","","","2863","265.96","","G+1","","2026-01-07 00:00:00","Active Listings","","No","","","EXTENDED GARDEN | ON THE PARK | SINGLE ROW","Dubai Properties","NULL"
"24957429","2026-01-07 00:00:00","Mudon","Al Ranim","Al Ranim 1","","","190000","190000","86","922.33","2217","206","Townhouse","3","","","","","0","0","","G+1","","2026-01-07 00:00:00","Active Listings","","No","","","Viewing Possible | On the Park | Single Row","Dubai Properties","NULL"
"24955922","2026-01-06 00:00:00","Mudon","Al Ranim","Al Ranim 2","","","244999","244999","96","1034.58","2549","236.78","Townhouse","4","Community,Road,Walkway,Landscaped Garden","","","","2767","257.05","","G+1","","2026-01-06 00:00:00","Active Listings","","No","","","BRAND NEW | SINGLE ROW | MAID | ALL APPLIANCES","Dubai Properties","NULL"
"24954200","2026-01-06 00:00:00","Mudon","Al Ranim","Al Ranim 1","","","185000","185000","83","898.06","2217","206","Townhouse","3","","","","","0","0","","G+1","","2026-01-06 00:00:00","Active Listings","","No","","","Keys on Hand | Great Location | Brand New","Dubai Properties","NULL"
"24954984","2026-01-06 00:00:00","Mudon","Al Ranim","Al Ranim 3","","","239999","239999","94","1013.47","2549","236.78","Townhouse","4","","","","","2630","244.33","","G+1","","2026-01-06 00:00:00","Active Listings","","No","","","Brand New | Direct on Park | Bright | Vastu","Dubai Properties","NULL"
"24955496","2026-01-06 00:00:00","Mudon","Al Ranim","Al Ranim 3","","","235000","235000","92","991.56","2549","237","Townhouse","4","","","","","0","0","","G+1","","2026-01-06 00:00:00","Active Listings","","No","","","Exclusive 4 Bedroom Corner Unit | Gated Community | Brand new","Dubai Properties","NULL"
"24954485","2026-01-06 00:00:00","Mudon","Al Ranim","Al Ranim 2","","","230000","230000","90","971.24","2549","236.78","Townhouse","4","Community,Road,Walkway,Landscaped Garden","","","","2767","257.05","","G+1","","2026-01-06 00:00:00","Active Listings","","No","","","Brand New | 4 Bed G Plus 1 | Ready To Move","Dubai Properties","NULL"
"24956022","2026-01-06 00:00:00","Mudon","Al Ranim","Al Ranim 3","","","235000","235000","92","985.04","2568","238.55","Townhouse","3","","","","","1808","168.01","","G+2","","2026-01-06 00:00:00","Active Listings","","No","","","READY TO MOVE | SERENE LOCATION | GORGEOUS VILLA","Dubai Properties","NULL"
"24955278","2026-01-06 00:00:00","Mudon","Al Ranim","Al Ranim 2","","","250000","250000","98","1055.7","2549","236.78","Townhouse","4","Community,Walkway,Road","","","","2867","266.37","","G+1","","2026-01-06 00:00:00","Active Listings","","Yes","","","Vacant | Landscape | Brand New","Dubai Properties","NULL"
"24953762","2026-01-06 00:00:00","Mudon","Al Ranim","Al Ranim 3","","","295000","295000","95","1020.76","3116","289","Townhouse","4","","","","","0","0","","G+1","","2026-01-06 00:00:00","Active Listings","","No","","","Keys in Hand |4BR G+2 l Extra Room l Single Row","Dubai Properties","NULL"
"24955303","2026-01-06 00:00:00","Mudon","Al Ranim","Al Ranim 1","","","190000","190000","102","1098.27","1866","173","Townhouse","3","","","","","0","0","","G+1","","2026-01-06 00:00:00","Active Listings","","No","","","Multiple Options | Brand New | Unfurnished","Dubai Properties","NULL"
"24955310","2026-01-06 00:00:00","Mudon","Al Ranim","Al Ranim 3","","","264999","264999","104","1119.04","2549","236.78","Townhouse","4","Community,Landscaped Garden,Sports Area","","","","3955","367.41","","G+1","","2026-01-06 00:00:00","Active Listings","","No","","","Brand New | Direct Park Access | Well Lit | Privacy","Dubai Properties","NULL"
"24955312","2026-01-06 00:00:00","Mudon","Al Ranim","Al Ranim 1","","","215000","215000","119","1279.76","1808","168","Townhouse","3","","","","","0","0","","G+1","","2026-01-06 00:00:00","Active Listings","","No","","","Direct park access | Ready to move | G+1","Dubai Properties","NULL"
"24956104","2026-01-06 00:00:00","Mudon","Al Ranim","Al Ranim 1","","","250000","250000","98","1055.83","2549","236.78","Townhouse","4","","","","","2995","278.21","","G+1","","2026-01-06 00:00:00","Active Listings","","No","","","BrandNew | Single-Row | Living in Serene Community","Dubai Properties","NULL"
"24954579","2026-01-06 00:00:00","Mudon","Al Ranim","Al Ranim 1","","","230000","230000","90","971.37","2549","236.78","Townhouse","4","","","","","2978","276.69","","G+1","","2026-01-06 00:00:00","Active Listings","","No","","","Vacant | Brand New | Mudon | Multiple Cheques","Dubai Properties","NULL"
"24953560","2026-01-06 00:00:00","Mudon","Al Ranim","Al Ranim 3","","","190000","190000","86","922.33","2217","206","Townhouse","3","","","","","1872","173.95","","G+1","","2026-01-06 00:00:00","Active Listings","","No","","","BEST PRICED / READY TO MOVE / MULTIPLE OPTIONS","Dubai Properties","NULL"
"24927210","2026-01-06 00:00:00","Mudon","Al Ranim","Al Ranim 1","","","175000","175000","79","849.64","2217","206","Townhouse","3","","","","N","1991","185.04","Type 3B1","G+1","","2027-01-05 00:00:00","Rental Contracts","","","","","","Dubai Properties","New"
"24952867","2026-01-05 00:00:00","Mudon","Al Ranim","Al Ranim 2","","","210000","210000","95","1019.57","2217","206","Townhouse","3","","","","","1813","168.46","","G+1","","2026-01-05 00:00:00","Active Listings","","No","","","G +1| SINGLE ROW | NEAR POOL V","Dubai Properties","NULL"
"24952872","2026-01-05 00:00:00","Mudon","Al Ranim","Al Ranim 1","","","325000","325000","66","706.52","4950","460","Townhouse","4","","","","","0","0","","G+1","","2026-01-05 00:00:00","Active Listings","","No","","","G+2 | Rare Huge Plot | Serene Park Views","Dubai Properties","NULL"
"24929913","2026-01-05 00:00:00","Mudon","Al Ranim","Al Ranim 1","","","280000","280000","94","1012.04","2978","276.7","Townhouse","4","","","","N","4559","423.57","Type 4B2","G+2","","2027-01-04 00:00:00","Rental Contracts","","","","","","Dubai Properties","New"
"24915844","2026-01-05 00:00:00","Mudon","Al Ranim","Al Ranim 1","","","184500","369000","83","896.99","2217","206","Townhouse","3","Community","","","N","1859","172.74","Type 3B1","G+1","","2028-01-04 00:00:00","Rental Contracts","","","","","","Dubai Properties","New"
"24946205","2026-01-04 00:00:00","Mudon","Al Ranim","Al Ranim 3","","","310000","310000","104","1119.13","2978","277","Townhouse","4","","","","","0","0","","G+1","","2026-01-04 00:00:00","Active Listings","","No","","","Premium 4Beds+maids G+2 | Ready to move | On the park","Dubai Properties","NULL"
"24946990","2026-01-04 00:00:00","Mudon","Al Ranim","Al Ranim 2","","","249999","249999","98","1055.83","2549","236.78","Townhouse","4","","","","","2582","239.83","","G+1","","2026-01-04 00:00:00","Active Listings","","No","","","Exclusive Brand New 4BR + MAID Villa | Direct Park Access | Landscaped | Mudon Al Ranim","Dubai Properties","NULL"
"23307361","2026-01-04 00:00:00","Mudon","Al Ranim","Al Ranim 2","","","200000","200000","90","971.02","2217","206","Townhouse","3","","","","","1813","168.46","","G+1","","2026-01-04 00:00:00","Active Listings","","No","","","BRAND NEW | READY TO MOVE | SINGLE ROW","Dubai Properties",""
"23288182","2026-01-04 00:00:00","Mudon","Al Ranim","Al Ranim 2","","","190000","190000","86","922.33","2217","206","Townhouse","3","","","","","2023","187.97","","G+1","","2026-01-04 00:00:00","Active Listings","","","","","Premium Location | Single Row | Spacious Layout","Dubai Properties",""
"24947585","2026-01-04 00:00:00","Mudon","Al Ranim","Al Ranim 3","","","185000","185000","83","898.06","2217","206","Townhouse","3","","","","","0","0","","G+1","","2026-01-04 00:00:00","Active Listings","","No","","","Elegant Park-Facing 3Bed+Maids Family townhouse","Dubai Properties","NULL"
"24327042","2026-01-04 00:00:00","Mudon","Al Ranim","Al Ranim 2","","","190000","190000","86","922.33","2217","206","Townhouse","3","","","","","1813","168.46","","G+1","","2026-01-04 00:00:00","Active Listings","","","","","3 bedroom G+1 | Near pool and park | Single row","Dubai Properties",""
"24947348","2026-01-04 00:00:00","Mudon","Al Ranim","Al Ranim 3","","","170000","170000","77","825.36","2217","206","Townhouse","3","Community,Road,Landscaped Garden","","","","2125","197.43","","G+1","","2026-01-04 00:00:00","Active Listings","","No","","","BRAND NEW- READY TO MOVE-AMAZING LOCATION","Dubai Properties","NULL"
"24946326","2026-01-04 00:00:00","Mudon","Al Ranim","Al Ranim 3","","","320000","320000","107","1156.49","2978","276.7","Townhouse","4","Community,Landscaped Garden,Walkway","","","","3535","328.42","","G+2","","2026-01-04 00:00:00","Active Listings","","No","","","Luxurious Villa | Ready To Move | Facing Community","Dubai Properties","NULL"
"24325548","2026-01-04 00:00:00","Mudon","Al Ranim","Al Ranim 2","","","210000","210000","95","1019.42","2217","206","Townhouse","3","","","","","1813","168.46","","G+1","","2026-01-04 00:00:00","Active Listings","","No","","","G +1| SINGLE ROW | NEAR POOL V","Dubai Properties",""
"24947141","2026-01-04 00:00:00","Mudon","Al Ranim","Al Ranim 3","","","218500","218500","80","867.06","2716","252","Townhouse","3","","","","","0","0","","G+1","","2026-01-04 00:00:00","Active Listings","","No","","","3 Bed G+2 | Park Backing | Great Location","Dubai Properties","NULL"
"24946125","2026-01-04 00:00:00","Mudon","Al Ranim","Al Ranim 3","","","190000","190000","86","922.33","2217","206","Townhouse","3","Community","","","","1808","168","","G+1","","2026-01-04 00:00:00","Active Listings","","No","","","Ranim Single Row Facing The Park 3 Bedrooms","Dubai Properties","NULL"
"24947662","2026-01-04 00:00:00","Mudon","Al Ranim","Al Ranim 3","","","189999","189999","86","929.59","2200","204","Townhouse","3","","","","","0","0","","G+1","","2026-01-04 00:00:00","Active Listings","","No","","","AMENITIES VIEW || BRAND NEW || READY TO MOVE","Dubai Properties","NULL"
"24947159","2026-01-04 00:00:00","Mudon","Al Ranim","Al Ranim 2","","","230000","230000","90","971.37","2549","236.78","Townhouse","4","","","","","2583","239.99","","G+1","","2026-01-04 00:00:00","Active Listings","","No","","","Brand New | Single Row | Opposite Pool and Park","Dubai Properties","NULL"
"23318255","2026-01-04 00:00:00","Mudon","Al Ranim","Al Ranim 1","","","250000","260000","102","1097.93","2549","236.78","Townhouse","4","","","","","3033","281.75","","G+1","","2026-01-04 00:00:00","Active Listings","","No","","","Spacious | Vacant | Brand New | Serene Setting","Dubai Properties",""
"24911602","2026-01-04 00:00:00","Mudon","Al Ranim","Al Ranim 2","","","245000","245000","96","1034.72","2549","236.78","Townhouse","4","Community,Kid's Play Area","","","N","2976","276.52","Type 4B1","G+1","","2027-01-03 00:00:00","Rental Contracts","","","","","","Dubai Properties","New"
"24253428","2026-01-04 00:00:00","Mudon","Al Ranim","Al Ranim 1","","","235000","235000","92","992.36","2549","236.78","Townhouse","4","","","","","2912","270.54","","G+1","","2026-01-04 00:00:00","Active Listings","","No","","","Brand New | Community View | Single Row","Dubai Properties",""
"24912677","2026-01-03 00:00:00","Mudon","Al Ranim","Al Ranim 3","","","190000","190000","101","1085.71","1880","175","Townhouse","3","","","","","0","0","","G+1","","2026-01-03 00:00:00","Active Listings","","No","","","3BR Townhouse | Gated Community | CALL NOW","Dubai Properties","NULL"
"24445225","2026-01-03 00:00:00","Mudon","Al Ranim","Al Ranim 2","","","230000","250000","98","1055.7","2549","236.78","Townhouse","4","","","","","2583","239.99","","G+1","","2026-01-03 00:00:00","Active Listings","","No","","","Brand New | Single Row | Opposite Pool and Park","Dubai Properties",""
"24915761","2026-01-03 00:00:00","Mudon","Al Ranim","Al Ranim 2","","","210000","210000","95","1019.57","2217","206","Townhouse","3","","","","N","1808","168","Type 3B1","G+1","","2027-01-02 00:00:00","Rental Contracts","","","","","","Dubai Properties","New"
"24912701","2026-01-03 00:00:00","Mudon","Al Ranim","Al Ranim 3","","","200000","200000","90","970.87","2217","206","Townhouse","3","","","","","0","0","","G+1","","2026-01-03 00:00:00","Active Listings","","No","","","Next to Entrance and Park | Brand New | G+1","Dubai Properties","NULL"
"24261958","2026-01-03 00:00:00","Mudon","Al Ranim","Al Ranim 1","","","220000","220000","86","922.24","2568","238.55","Townhouse","3","","","","","1865","173.24","","G+2","","2026-01-03 00:00:00","Active Listings","","No","","","G + 2 | Park Facing | Brand New","Dubai Properties",""
"24913006","2026-01-03 00:00:00","Mudon","Al Ranim","Al Ranim 3","","","230000","230000","90","964.16","2568","238.55","Townhouse","3","Community,Walkway,Landscaped Garden","","","","1808","168","","G+2","","2026-01-03 00:00:00","Active Listings","","No","","","Brand New 3BR + Maid | G + 2 | Ready To Move","Dubai Properties","NULL"
"24912543","2026-01-03 00:00:00","Mudon","Al Ranim","Al Ranim 2","","","250000","250000","98","1055.7","2549","236.78","Townhouse","4","","","","","2582","239.83","","G+1","","2026-01-03 00:00:00","Active Listings","","No","","","4 bed G+1 | Park Backing | Landscaped","Dubai Properties","NULL"
"24913866","2026-01-03 00:00:00","Mudon","Al Ranim","Al Ranim 3","","","255000","255000","100","1076.81","2549","236.78","Townhouse","4","Community,Road","","","","3303","306.84","","G+1","","2026-01-03 00:00:00","Active Listings","","No","","","Brand New | With Maids Room | Private Garden","Dubai Properties","NULL"
"24914126","2026-01-03 00:00:00","Mudon","Al Ranim","Al Ranim 2","","","230000","230000","90","971.24","2549","236.78","Townhouse","4","","","","","2730","253.59","","G+1","","2026-01-03 00:00:00","Active Listings","","No","","","SINGLE ROW | READY TO MOVE IN | SPACIOUS","Dubai Properties","NULL"
"24260568","2026-01-03 00:00:00","Mudon","Al Ranim","Al Ranim 2","","","244999","260000","102","1097.93","2549","236.78","Townhouse","4","","","","","2728","253.41","","G+1","","2026-01-03 00:00:00","Active Listings","","No","","","Park View | 4BR Single Row | Landscaped","Dubai Properties",""
"24913113","2026-01-03 00:00:00","Mudon","Al Ranim","Al Ranim 3","","","245000","245000","96","1034.72","2549","236.78","Townhouse","4","Community, Road","","","","2717","252.38","","G+1","","2026-01-03 00:00:00","Active Listings","","No","","","AVAILABLE | CORNER UNIT | 4BR + MAIDS | SINGLE ROW","Dubai Properties","NULL"
"24912624","2026-01-03 00:00:00","Mudon","Al Ranim","Al Ranim 3","","","260000","260000","102","1097.93","2549","236.78","Townhouse","4","Community, Road","","","","2852","264.96","","G+1","","2026-01-03 00:00:00","Active Listings","","No","","","Type G+1 | Next to Park and Entrance | Brand New","Dubai Properties","NULL"
"24902662","2026-01-02 00:00:00","Mudon","Al Ranim","Al Ranim 3","","","190000","190000","86","922.33","2216","206","Townhouse","3","","","","","0","0","","G+1","","2026-01-02 00:00:00","Active Listings","","No","","","Sinlge Row | Greenbelt G+1 | Fitted Kitchen","Dubai Properties","NULL"
"24906506","2026-01-02 00:00:00","Mudon","Al Ranim","Al Ranim 1","","","215000","215000","84","907.9","2549","236.78","Townhouse","4","","","","","2995","278.21","","G+1","","2026-01-02 00:00:00","Active Listings","","No","","","BrandNew | Single-Row | Living in a Serene Community","Dubai Properties","NULL"
"24904731","2026-01-02 00:00:00","Mudon","Al Ranim","Al Ranim 1","","","180000","180000","81","873.79","2217","206","Townhouse","3","","","","","1812","168.37","","G+1","","2026-01-02 00:00:00","Active Listings","","No","","","Mudon Al Ranim 1 | Ready to Move | Good Price","Dubai Properties","NULL"
"24907549","2026-01-02 00:00:00","Mudon","Al Ranim","Al Ranim 3","","","229999","229999","85","912.69","2716","252","Townhouse","3","","","","","0","0","","G+1","","2026-01-02 00:00:00","Active Listings","","No","","","Brand New | 3 Floors | Park Backing | Modern","Dubai Properties","NULL"
"24907550","2026-01-02 00:00:00","Mudon","Al Ranim","Al Ranim 3","","","245000","245000","96","1033.76","2549","237","Townhouse","4","","","","","0","0","","G+1","","2026-01-02 00:00:00","Active Listings","","No","","","PREMIUM 4BHK TOWNHOUSE IN MUDON AL RANIM 3","Dubai Properties","NULL"
"24904739","2026-01-02 00:00:00","Mudon","Al Ranim","Al Ranim 1","","","250000","250000","98","1055.7","2549","236.78","Townhouse","4","","","","","2995","278.21","","G+1","","2026-01-02 00:00:00","Active Listings","","No","","","4BHK Villa | With Maids Room | Available","Dubai Properties","NULL"
"24903975","2026-01-02 00:00:00","Mudon","Al Ranim","Al Ranim 3","","","230000","230000","90","964.08","2568","238.55","Townhouse","3","","","","","1809","168.02","","G+2","","2026-01-02 00:00:00","Active Listings","","No","","","Brand New | Single Row | Community View","Dubai Properties","NULL"
"24903993","2026-01-02 00:00:00","Mudon","Al Ranim","Al Ranim 3","","","210000","210000","82","880.32","2568","238.55","Townhouse","3","","","","","1808","168.01","","G+2","","2026-01-02 00:00:00","Active Listings","","No","","","Al ranim 3 | G+2 | Community Park View | NEW","Dubai Properties","NULL"
"24908348","2026-01-02 00:00:00","Mudon","Al Ranim","Al Ranim 1","","","240000","240000","94","1013.47","2549","236.78","Townhouse","4","","","","","2995","278.21","","G+1","","2026-01-02 00:00:00","Active Listings","","No","","","MUDON | RANIM 1 | BRABD NEW | 4 BED ROOM + MAID'S | REDY TO MOVE IN","Dubai Properties","NULL"
"24905280","2026-01-02 00:00:00","Mudon","Al Ranim","Al Ranim 3","","","229999","229999","80","864.66","2865","266","Townhouse","4","","","","","0","0","","G+1","","2026-01-02 00:00:00","Active Listings","","No","","","CHEAPEST UNIT ON PARK | VASTU COMPLIANT | FLEXIBLE","Dubai Properties","NULL"
"24907084","2026-01-02 00:00:00","Mudon","Al Ranim","Al Ranim 3","","","280000","280000","94","1011.93","2978","276.7","Townhouse","4","Community,Landscaped Garden,Sports Area","","","","2614","242.88","","G+2","","2026-01-02 00:00:00","Active Listings","","No","","","DIRECT ACCESS TO PARK | NEAR TO ENTRANCE EASY ACCESS","Dubai Properties","NULL"
"24906318","2026-01-02 00:00:00","Mudon","Al Ranim","Al Ranim 3","","","190000","190000","86","922.46","2217","206","Townhouse","3","","","","","1953","181.46","","G+1","","2026-01-02 00:00:00","Active Listings","","","","","Near Amenities | Bright Unit | Best Price","Dubai Properties","NULL"
"24905306","2026-01-02 00:00:00","Mudon","Al Ranim","Al Ranim 1","","","175000","175000","79","849.64","2217","206","Townhouse","3","","","","","1808","168","","G+1","","2026-01-02 00:00:00","Active Listings","","No","","","Near to Pool and Park | Vacant | Single Row","Dubai Properties","NULL"
"24903780","2026-01-02 00:00:00","Mudon","Al Ranim","Al Ranim 3","","","285000","285000","96","1030","2978","276.7","Townhouse","4","Community,Landscaped Garden,Walkway","","","","2656","246.74","","G+2","","2026-01-02 00:00:00","Active Listings","","No","","","4BR+Family+Maid | G+2 | Pool View | Big Plot | 4B2","Dubai Properties","NULL"
"24906089","2026-01-02 00:00:00","Mudon","Al Ranim","Al Ranim 3","","","220000","220000","99","1067.96","2217","206","Townhouse","3","","","","","1808","168","","G+1","","2026-01-02 00:00:00","Active Listings","","No","","","BRAND NEW | 3BR VILLA PLUS MAID’S ROOM | MID UNIT","Dubai Properties","NULL"
"24906091","2026-01-02 00:00:00","Mudon","Al Ranim","Al Ranim 1","","","180000","180000","81","873.79","2217","206","Townhouse","3","","","","","1812","168.37","","G+1","","2026-01-02 00:00:00","Active Listings","","No","","","Brand New 3BR Villa | Single Row |Rare","Dubai Properties","NULL"
"24906354","2026-01-02 00:00:00","Mudon","Al Ranim","Al Ranim 1","","","179999","179999","81","873.78","2217","206","Townhouse","3","","","","","1812","168.37","","G+1","","2026-01-02 00:00:00","Active Listings","","No","","","BrandNew | Single-Row | Living in a Serene Community","Dubai Properties","NULL"
"24904051","2026-01-02 00:00:00","Mudon","Al Ranim","Al Ranim 3","","","190000","190000","86","922.46","2217","206","Townhouse","3","Community,Landscaped Garden,Road","","","","1830","170.03","","G+1","","2026-01-02 00:00:00","Active Listings","","No","","","Brand New | Single Row | 3 Beds + Maid’s","Dubai Properties","NULL"
"24906613","2026-01-02 00:00:00","Mudon","Al Ranim","Al Ranim 2","","","200000","200000","90","971.02","2217","206","Townhouse","3","","","","","1813","168.46","","G+1","","2026-01-02 00:00:00","Active Listings","","No","","","New Townhouse | Single Row | Close to Pool","Dubai Properties","NULL"
"24906872","2026-01-02 00:00:00","Mudon","Al Ranim","Al Ranim 2","","","184999","184999","83","898.05","2217","206","Townhouse","3","","","","","0","0","","G+1","","2026-01-02 00:00:00","Active Listings","","No","","","Single Row | Brand New | Landscaped Garden","Dubai Properties","NULL"
"24903549","2026-01-02 00:00:00","Mudon","Al Ranim","Al Ranim 3","","","200000","200000","90","970.87","2217","206","Townhouse","3","","","","","0","0","","G+1","","2026-01-02 00:00:00","Active Listings","","No","","","Prime Location | On The Park | Brand New","Dubai Properties","NULL"
"24904875","2026-01-02 00:00:00","Mudon","Al Ranim","Al Ranim 2","","","180000","180000","81","873.79","2217","206","Townhouse","3","","","","","1814","168.48","","G+1","","2026-01-02 00:00:00","Active Listings","","Yes","","","Park Facing | Bright Unit | Best Price","Dubai Properties","NULL"
"24841659","2026-01-02 00:00:00","Mudon","Al Ranim","Al Ranim 3","","","215000","215000","84","901.28","2567","238.55","Townhouse","3","","","","N","1808","168.01","","G+2","","2027-01-01 00:00:00","Rental Contracts","","","","","","Dubai Properties","New"
"24905661","2026-01-02 00:00:00","Mudon","Al Ranim","Al Ranim 3","","","200000","200000","90","970.87","2217","206","Townhouse","3","","","","","1810","168.11","","G+1","","2026-01-02 00:00:00","Active Listings","","No","","","Park Backing | Near Sports Pitches | Vacant","Dubai Properties","NULL"
"24907716","2026-01-02 00:00:00","Mudon","Al Ranim","Al Ranim 3","","","185000","185000","83","898.06","2217","206","Townhouse","3","","","","","1827","169.77","","G+1","","2026-01-02 00:00:00","Active Listings","","No","","","Vacant | Brand new 3BR + Maid | Good Location","Dubai Properties","NULL"
"24904904","2026-01-02 00:00:00","Mudon","Al Ranim","Al Ranim 1","","","245000","245000","96","1034.58","2549","236.78","Townhouse","4","","","","","2978","276.69","","G+1","","2026-01-02 00:00:00","Active Listings","","No","","","CLOSE TO PARK | SINGLE ROW | UNFURNISHED","Dubai Properties","NULL"
"24903882","2026-01-02 00:00:00","Mudon","Al Ranim","Al Ranim 3","","","250000","250000","98","1055.7","2549","236.78","Townhouse","4","Community,Road","","","","2986","277.43","","G+1","","2026-01-02 00:00:00","Active Listings","","No","","","Spacious | Brand New | Ready To Move","Dubai Properties","NULL"
"24905429","2026-01-02 00:00:00","Mudon","Al Ranim","Al Ranim 3","","","274999","274999","108","1161.41","2549","236.78","Townhouse","4","","","","","5764","535.47","","G+1","","2026-01-02 00:00:00","Active Listings","","No","","","FLEXIBLE ON CHQS | BIGGEST PLOT | CHEAPEST UNIT","Dubai Properties","NULL"
"24905449","2026-01-02 00:00:00","Mudon","Al Ranim","Al Ranim 3","","","240000","240000","86","930.23","2778","258","Townhouse","4","","","","","0","0","","G+1","","2026-01-02 00:00:00","Active Listings","","No","","","Prime Location | Spacious 4Bed+Maid Villa | G+1","Dubai Properties","NULL"
"24903935","2026-01-02 00:00:00","Mudon","Al Ranim","Al Ranim 2","","","210000","210000","95","1019.57","2217","206","Townhouse","3","","","","","1813","168.46","","G+1","","2026-01-02 00:00:00","Active Listings","","","","","Spacious 3BR Villa with Pool Access | Mudon Al Ranim 2","Dubai Properties","NULL"
"24872211","2026-01-01 00:00:00","Mudon","Al Ranim","Al Ranim 1","","","180000","360000","81","875.11","2217","206","Townhouse","3","","","","N","1808","168","Type 3B1","G+1","","2027-12-31 00:00:00","Rental Contracts","","","","","","Dubai Properties","New"
"24843292","2026-01-01 00:00:00","Mudon","Al Ranim","Al Ranim 1","","","180000","180000","81","873.79","2217","206","Townhouse","3","","","","N","1835","170.55","","G+1","","2026-12-31 00:00:00","Rental Contracts","","","","","","Dubai Properties","New"
"24869958","2026-01-01 00:00:00","Mudon","Al Ranim","Al Ranim 3","","","170000","170000","77","825.24","2217","206","Townhouse","3","Community,Landscaped Garden,Walkway","","","N","1808","168","Type 3B1","G+1","","2026-12-31 00:00:00","Rental Contracts","","","","","","Dubai Properties","New"
"24843367","2026-01-01 00:00:00","Mudon","Al Ranim","Al Ranim 2","","","206000","206000","93","1000.15","2217","206","Townhouse","3","","","","N","1808","168","Type 3B1","G+1","","2026-12-31 00:00:00","Rental Contracts","","","","","","Dubai Properties","New"
"24846192","2026-01-01 00:00:00","Mudon","Al Ranim","Al Ranim 1","","","180000","180000","81","873.79","2217","206","Townhouse","3","","","","N","1808","168","Type 3B1","G+1","","2026-12-31 00:00:00","Rental Contracts","","","","","","Dubai Properties","New"
"24910483","2026-01-01 00:00:00","Mudon","Al Ranim","Al Ranim 3","","","180000","180000","81","873.91","2217","206","Townhouse","3","Community,Road","","","N","2163","200.97","Type 3B1","G+1","","2026-12-31 00:00:00","Rental Contracts","","","","","","Dubai Properties","New"
"24924591","2026-01-01 00:00:00","Mudon","Al Ranim","Al Ranim 1","","","255000","255000","100","1076.95","2549","236.78","Townhouse","4","","","","N","2599","241.49","Type 4B1","G+1","","2026-12-31 00:00:00","Rental Contracts","","","","","","Dubai Properties","New"
"24891876","2026-01-01 00:00:00","Mudon","Al Ranim","Al Ranim 3","","","210000","210000","82","880.32","2567","238.55","Townhouse","3","","","","N","1808","168.01","Type 3B2","G+2","","2026-12-31 00:00:00","Rental Contracts","","","","","","Dubai Properties","New"
"24839147","2025-12-31 00:00:00","Mudon","Al Ranim","Al Ranim 2","","","165000","165000","74","800.97","2217","206","Townhouse","3","","","","N","1813","168.5","","G+1","","2026-12-30 00:00:00","Rental Contracts","","","","","","Dubai Properties","New"
"24893286","2025-12-30 00:00:00","Mudon","Al Ranim","Al Ranim 3","","","185000","185000","83","898.06","2217","206","Townhouse","3","","","","N","1831","170.19","Type 3B1","G+1","","2026-12-29 00:00:00","Rental Contracts","","","","","","Dubai Properties","New"
"24885512","2025-12-29 00:00:00","Mudon","Al Ranim","Al Ranim 3","","","180000","180000","81","873.91","2217","206","Townhouse","3","","","","","1808","168","","G+1","","2025-12-29 00:00:00","Active Listings","","No","","","BRAND NEW| 3 BED ROOM + Maid| BRIGHT & SPECIOUS","Dubai Properties","NULL"
"24884520","2025-12-29 00:00:00","Mudon","Al Ranim","Al Ranim 2","","","200000","200000","90","971.02","2217","206","Townhouse","3","","","","","1813","168.46","","G+1","","2025-12-29 00:00:00","Active Listings","","No","","","Refined 3BR Townhouse | Mudon Al Ranim 2","Dubai Properties","NULL"
"24884778","2025-12-29 00:00:00","Mudon","Al Ranim","Al Ranim 3","","","250000","250000","98","1055.7","2549","236.78","Townhouse","4","","","","","3013","279.88","","G+1","","2025-12-29 00:00:00","Active Listings","","No","","","Ready To Move | Brand New | Community View","Dubai Properties","NULL"
"24808747","2025-12-29 00:00:00","Mudon","Al Ranim","Al Ranim 3","","","185000","185000","83","898.06","2217","206","Townhouse","3","","","","","1827","169.77","","G+1","","2025-12-29 00:00:00","Active Listings","","No","","","Quiet Location | 3 bed G+1 | Ready now","Dubai Properties","NULL"
"24885561","2025-12-29 00:00:00","Mudon","Al Ranim","Al Ranim 3","","","180000","180000","81","873.79","2217","206","Townhouse","3","","","","","1808","168.01","","G+1","","2025-12-29 00:00:00","Active Listings","","No","","","BRIGHT & SPECIOUS | BRAND NEW TOWNHOUSE | 3 Bed room","Dubai Properties","NULL"
"24887100","2025-12-29 00:00:00","Mudon","Al Ranim","Al Ranim 3","","","250000","250000","98","1055.7","2549","236.78","Townhouse","4","Community,Road","","","","2986","277.43","","G+1","","2025-12-29 00:00:00","Active Listings","","No","","","Spacious | Brand New | Ready To Move","Dubai Properties","NULL"
"23312712","2025-12-29 00:00:00","Mudon","Al Ranim","Al Ranim 3","","","250000","250000","98","1055.83","2549","236.78","Townhouse","4","","","","","3269","303.68","","G+1","","2025-12-29 00:00:00","Active Listings","","No","","","NEAR POOL | BRAND NEW | GREAT COMMUNITY","Dubai Properties",""
"24887120","2025-12-29 00:00:00","Mudon","Al Ranim","Al Ranim 3","","","349000","349000","137","1473.94","2549","236.78","Townhouse","4","","","","","3590","333.53","","G+1","","2025-12-29 00:00:00","Active Listings","","No","","","Exclusive | Brand New | Big Layout | Vacant","Dubai Properties","NULL"
"24875349","2025-12-29 00:00:00","Mudon","Al Ranim","Al Ranim 3","","","215000","215000","84","901.28","2568","238.55","Townhouse","3","","","","","1808","168.01","","G+2","","2025-12-29 00:00:00","Active Listings","","No","","","3+Maid | Park Facing | Brand New | Appliances","Dubai Properties","NULL"
"24805974","2025-12-29 00:00:00","Mudon","Al Ranim","Al Ranim 2","","","249000","249000","98","1051.48","2549","236.78","Townhouse","4","Community,Play area,Landscaped Garden","","","","2863","265.96","","G+1","","2025-12-29 00:00:00","Active Listings","","No","","","EXTENDED GARDEN | ON THE PARK | SINGLE ROW","Dubai Properties","NULL"
"24888154","2025-12-29 00:00:00","Mudon","Al Ranim","Al Ranim 3","","","250000","250000","98","1055.83","2549","236.78","Townhouse","4","","","","","2710","251.76","","G+1","","2025-12-29 00:00:00","Active Listings","","No","","","Ranim 4 Beds Park Facing Brand New Landscaped","Dubai Properties","NULL"
"24886875","2025-12-29 00:00:00","Mudon","Al Ranim","Al Ranim 3","","","210000","210000","82","880.32","2568","238.55","Townhouse","3","","","","","1808","168.01","","G+2","","2025-12-29 00:00:00","Active Listings","","","","","Family-Friendly 3BR Villa with Balcony","Dubai Properties","NULL"
"24630919","2025-12-29 00:00:00","Mudon","Al Ranim","Al Ranim 3","","","289999","299999","118","1266.99","2549","236.78","Townhouse","4","","","","","5764","535.47","","G+1","","2025-12-29 00:00:00","Active Listings","","No","","","FLEXIBLE ON CHQS | BIGGEST PLOT | CLOSE TO PARK","Dubai Properties",""
"24878728","2025-12-29 00:00:00","Mudon","Al Ranim","Al Ranim 2","","","185000","185000","83","898.06","2217","206","Townhouse","3","","","","N","1808","168","Type 3B1","G+1","","2026-12-28 00:00:00","Rental Contracts","","","","","","Dubai Properties","New"
"24884365","2025-12-29 00:00:00","Mudon","Al Ranim","Al Ranim 2","","","250000","250000","98","1055.83","2549","236.78","Townhouse","4","Community,Play area,Landscaped Garden","","","","2863","265.96","","G+1","","2025-12-29 00:00:00","Active Listings","","No","","","Best Landscaped | Bigger Plot | On the Park","Dubai Properties","NULL"
"24886430","2025-12-29 00:00:00","Mudon","Al Ranim","Al Ranim 2","","","250000","250000","98","1055.83","2549","236.78","Townhouse","4","","","","","2582","239.83","","G+1","","2025-12-29 00:00:00","Active Listings","","No","","","Brand New 4BR Townhouse Mudon Al Ranim","Dubai Properties","NULL"
"24840891","2025-12-29 00:00:00","Mudon","Al Ranim","Al Ranim 1","","","230000","230000","90","964.16","2568","238.55","Townhouse","3","","","","","1808","168","","G+2","","2025-12-29 00:00:00","Active Listings","","No","","","Brand New | Single Row | Close To Pool & Park","Dubai Properties","NULL"
"24886719","2025-12-29 00:00:00","Mudon","Al Ranim","Al Ranim 3","","","190000","190000","86","922.33","2217","206","Townhouse","3","Community","","","","1808","168","","G+1","","2025-12-29 00:00:00","Active Listings","","No","","","Ranim Single Row Facing The Park 3 Bedrooms","Dubai Properties","NULL"
"24547776","2025-12-29 00:00:00","Mudon","Al Ranim","Al Ranim 2","","","200000","200000","90","971.02","2217","206","Townhouse","3","","","","","1813","168.46","","G+1","","2025-12-29 00:00:00","Active Listings","","No","","","Elegant Townhouse | Prime Location | Unfurnished","Dubai Properties",""
"24885954","2025-12-29 00:00:00","Mudon","Al Ranim","Al Ranim 1","","","175000","175000","97","1041.67","1810","168","Apartment","3","","","","","0","0","","","","2025-12-29 00:00:00","Active Listings","","No","","","3 Bed + Maids l Multiple cheques l Best Price","Dubai Properties","NULL"
"24884685","2025-12-29 00:00:00","Mudon","Al Ranim","Al Ranim 3","","","245000","245000","96","1034.72","2549","236.78","Townhouse","4","","","","","2710","251.76","","G+1","","2025-12-29 00:00:00","Active Listings","","No","","","Landscaped Corner Unit | Upgraded 4BR+M","Dubai Properties","NULL"
"24896977","2025-12-29 00:00:00","Mudon","Al Ranim","Al Ranim 3","","","210000","210000","82","880.32","2567","238.55","Townhouse","3","","","","N","1808","168.01","Type 3B2","G+2","","2026-12-28 00:00:00","Rental Contracts","","","","","","Dubai Properties","New"
"24888028","2025-12-29 00:00:00","Mudon","Al Ranim","Al Ranim 3","","","250000","250000","98","1055.83","2549","236.78","Townhouse","4","Community,Road","","","","3259","302.81","","G+1","","2025-12-29 00:00:00","Active Listings","","No","","","Big Garden | Corner Plot | Brand New","Dubai Properties","NULL"
"24884452","2025-12-29 00:00:00","Mudon","Al Ranim","Al Ranim 3","","","330000","330000","111","1192.63","2978","276.7","Townhouse","4","","","","","2726","253.27","","G+2","","2025-12-29 00:00:00","Active Listings","","No","","","Park Facing | 4 Bedroom G+2 | Recently Handedover","Dubai Properties","NULL"
"24884454","2025-12-29 00:00:00","Mudon","Al Ranim","Al Ranim 2","","","270000","270000","106","1140.15","2549","236.78","Townhouse","4","Park,Community","","","","4177","388.06","","G+1","","2025-12-29 00:00:00","Active Listings","","No","","","Modern 4BR + Maid | Rare Corner Unit","Dubai Properties","NULL"
"24889326","2025-12-29 00:00:00","Mudon","Al Ranim","Al Ranim 3","","","190000","190000","86","922.46","2217","206","Townhouse","3","","","","","1953","181.46","","G+1","","2025-12-29 00:00:00","Active Listings","","No","","","Park View | Brand New | Ready to Move","Dubai Properties","NULL"
"23314930","2025-12-29 00:00:00","Mudon","Al Ranim","Al Ranim 2","","","270000","270000","106","1140.15","2549","236.78","Townhouse","4","","","","","2742","254.78","","G+1","","2025-12-29 00:00:00","Active Listings","","No","","","Corner Unit | Single Row | Near Amenities","Dubai Properties",""
"24840959","2025-12-29 00:00:00","Mudon","Al Ranim","Al Ranim 3","","","210000","220000","86","922.24","2568","238.55","Townhouse","3","","","","","1808","168","","G+2","","2025-12-29 00:00:00","Active Listings","","No","","","G+2 | Family Room | Community & Park View","Dubai Properties","NULL"
"24910649","2025-12-27 00:00:00","Mudon","Al Ranim","Al Ranim 3","","","175000","175000","79","849.64","2217","206","Townhouse","3","","","","N","1833","170.38","Type 3B1","G+1","","2026-12-26 00:00:00","Rental Contracts","","","","","","Dubai Properties","New"
"24884404","2025-12-27 00:00:00","Mudon","Al Ranim","Al Ranim 3","","","250000","250000","98","1055.7","2549","236.78","Townhouse","4","Community,Road","","","","2986","277.43","","G+1","","2025-12-27 00:00:00","Active Listings","","No","","","Brand New | Ready to Move | Luxe Living","Dubai Properties","NULL"
"24865305","2025-12-26 00:00:00","Mudon","Al Ranim","Al Ranim 3","","","235000","235000","92","992.36","2549","236.78","Townhouse","4","","","","","3269","303.68","","G+1","","2025-12-26 00:00:00","Active Listings","","No","","","BRAND NEW| PRIME LOCATION| READY TO MOVE","Dubai Properties","NULL"
"24876836","2025-12-26 00:00:00","Mudon","Al Ranim","Al Ranim 3","","","200000","200000","90","970.87","2213","206","Townhouse","3","","","","","0","0","","G+1","","2025-12-26 00:00:00","Active Listings","","No","","","G+1 | Next to Entrance and Pool | On the Park","Dubai Properties","NULL"
"24875563","2025-12-26 00:00:00","Mudon","Al Ranim","Al Ranim 1","","","220000","220000","99","1068.12","2217","206","Townhouse","3","Community,Road","","","","1928","179.16","","G+1","","2025-12-26 00:00:00","Active Listings","","No","","","Single Row I Near Park I Ready to Move In","Dubai Properties","NULL"
"24866112","2025-12-26 00:00:00","Mudon","Al Ranim","Al Ranim 3","","","310000","310000","104","1120.47","2978","276.7","Townhouse","4","Community,Landscaped Garden,Walkway","","","","3535","328.42","","G+2","","2025-12-26 00:00:00","Active Listings","","No","","","4BR + Maid (G+2) | On the Park | Corner plot","Dubai Properties","NULL"
"24865345","2025-12-26 00:00:00","Mudon","Al Ranim","Al Ranim 3","","","190000","190000","86","922.33","2217","206","Townhouse","3","Community,Landscaped Garden,Road","","","","1830","170.03","","G+1","","2025-12-26 00:00:00","Active Listings","","No","","","Spacious 3BR Villa with Private Garden | Mudon","Dubai Properties","NULL"
"24876874","2025-12-26 00:00:00","Mudon","Al Ranim","Al Ranim 3","","","180000","180000","82","882.35","2200","204","Townhouse","3","","","","","0","0","","G+1","","2025-12-26 00:00:00","Active Listings","","No","","","Brand New and Single Row 3br with Nice Big plot","Dubai Properties","NULL"
"24323662","2025-12-26 00:00:00","Mudon","Al Ranim","Al Ranim 2","","","195000","195000","88","946.6","2217","206","Townhouse","3","","","","","1808","168","","G+1","","2025-12-26 00:00:00","Active Listings","","No","","","Prime Location | Park Facing | Single Row","Dubai Properties",""
"24875094","2025-12-26 00:00:00","Mudon","Al Ranim","Al Ranim 3","","","185000","185000","102","1101.19","1809","168","Townhouse","3","","","","","0","0","","G+1","","2025-12-26 00:00:00","Active Listings","","No","","","Brand New | Park facing | Gated community","Dubai Properties","NULL"
"24876383","2025-12-26 00:00:00","Mudon","Al Ranim","Al Ranim 3","","","230000","230000","90","964.08","2568","238.55","Townhouse","3","Community,Walkway,Landscaped Garden","","","","1808","168","","G+2","","2025-12-26 00:00:00","Active Listings","","No","","","G+2 | Vacant | Single Row | Close To Amenities","Dubai Properties","NULL"
"24874922","2025-12-26 00:00:00","Mudon","Al Ranim","Al Ranim 3","","","230000","230000","85","912.7","2716","252","Townhouse","3","","","","","0","0","","G+1","","2025-12-26 00:00:00","Active Listings","","No","","","Genuine Resale | G+2 | On the Park","Dubai Properties","NULL"
"24875694","2025-12-26 00:00:00","Mudon","Al Ranim","Al Ranim 1","","","270000","270000","106","1140.3","2549","236.78","Townhouse","4","Community,Road","","","","2908","270.2","","G+1","","2025-12-26 00:00:00","Active Listings","","No","","","Brand New I Close to Park I Ready to Move In","Dubai Properties","NULL"
"24869808","2025-12-26 00:00:00","Mudon","Al Ranim","Al Ranim 3","","","220000","220000","86","929.13","2548","236.78","Townhouse","4","","","","N","2753","255.83","Type 4B1","G+1","","2026-12-25 00:00:00","Rental Contracts","","","","","","Dubai Properties","New"
"24875697","2025-12-26 00:00:00","Mudon","Al Ranim","Al Ranim 1","","","190000","190000","86","922.33","2217","206","Townhouse","3","Community,Green belt","","","","1812","168.37","","G+1","","2025-12-26 00:00:00","Active Listings","","No","","","Green Belt I Close to Gate I Ready to Move","Dubai Properties","NULL"
"23322804","2025-12-26 00:00:00","Mudon","Al Ranim","Al Ranim 2","","","185000","215000","97","1043.69","2217","206","Townhouse","3","Community","","","","1814","168.51","","G+1","","2025-12-26 00:00:00","Active Listings","","No","","","Brand new | Single Row | 3BR+M | Spacious Layout Prime Location","Dubai Properties",""
"24833215","2025-12-26 00:00:00","Mudon","Al Ranim","Al Ranim 3","","","195000","195000","88","946.6","2217","206","Townhouse","3","","","","","1810","168.12","","G+1","","2025-12-26 00:00:00","Active Listings","","","","","Maid Room | Brand New | Unfurnished | Big Layout","Dubai Properties","NULL"
"24864451","2025-12-26 00:00:00","Mudon","Al Ranim","Al Ranim 1","","","265000","265000","104","1119.18","2549","236.78","Townhouse","4","","","","","4522","420.15","","G+1","","2025-12-26 00:00:00","Active Listings","","No","","","4BR with Maids | Biggest Plot | Newly Landscaped","Dubai Properties","NULL"
"24864227","2025-12-26 00:00:00","Mudon","Al Ranim","Al Ranim 3","","","310000","310000","104","1120.47","2978","276.7","Townhouse","4","Community,Landscaped Garden,Walkway","","","","3535","328.42","","G+2","","2025-12-26 00:00:00","Active Listings","","No","","","4BR G+2 | Best Location | Big Size | Vacant | Brand New","Dubai Properties","NULL"
"24809466","2025-12-26 00:00:00","Mudon","Al Ranim","Al Ranim 3","","","200000","220000","86","922.24","2568","238.55","Townhouse","3","Community,Landscaped Garden,Kid's Play Area","","","","1808","168.01","","G+2","","2025-12-26 00:00:00","Active Listings","","No","","","Modren Unfurnished 3 Beds Villa For Rent In Mudon","Dubai Properties","NULL"
"24865567","2025-12-24 00:00:00","Mudon","Al Ranim","Al Ranim 1","","","210000","210000","116","1250","1808","168","Townhouse","3","","","","","0","0","","G+1","","2025-12-24 00:00:00","Active Listings","","No","","","Facing Park | Brand New | Ready to Move","Dubai Properties","NULL"
"23186779","2025-12-24 00:00:00","Mudon","Al Ranim","Al Ranim 1","","","220000","220000","99","1067.96","2217","206","Townhouse","3","Community,Road","","","","1928","179.16","","G+1","","2025-12-24 00:00:00","Active Listings","","No","","","Single Row I Near Park I Ready to Move In","Dubai Properties",""
"24135260","2025-12-24 00:00:00","Mudon","Al Ranim","Al Ranim 2","","","180000","230000","104","1116.67","2217","206","Townhouse","3","Community,Play area,Landscaped Garden","","","","1846","171.47","","G+1","","2025-12-24 00:00:00","Active Listings","","No","","","Garden View | Single Row | 3BHK | Villa | Al Ranim 2 | Mudon","Dubai Properties",""
"24726377","2025-12-24 00:00:00","Mudon","Al Ranim","Al Ranim 3","","","229000","235000","92","992.48","2549","236.78","Townhouse","4","Community,Road","","","","2914","270.75","","G+1","","2025-12-24 00:00:00","Active Listings","","No","","","Exclusive | Close To Park | Ready To Move In","Dubai Properties","NULL"
"24726909","2025-12-24 00:00:00","Mudon","Al Ranim","Al Ranim 3","","","260000","260000","102","1097.93","2549","236.78","Townhouse","4","","","","","2740","254.55","","G+1","","2025-12-24 00:00:00","Active Listings","","No","","","New and Vacant | On the Park | Single Row","Dubai Properties","NULL"
"23240859","2025-12-24 00:00:00","Mudon","Al Ranim","Al Ranim 1","","","190000","190000","86","922.33","2217","206","Townhouse","3","Community,Green belt","","","","1812","168.37","","G+1","","2025-12-24 00:00:00","Active Listings","","No","","","Green Belt I Close to Gate I Ready to Move","Dubai Properties",""
"23305154","2025-12-24 00:00:00","Mudon","Al Ranim","Al Ranim 1","","","185000","185000","83","898.19","2217","206","Townhouse","3","Community,Road","","","","1924","178.71","","G+1","","2025-12-24 00:00:00","Active Listings","","No","","","Brand New | | 3 Bedroom Plus Maid | | Single Row","Dubai Properties",""
"23258583","2025-12-24 00:00:00","Mudon","Al Ranim","Al Ranim 1","","","270000","270000","106","1140.15","2549","236.78","Townhouse","4","Community,Road","","","","2908","270.2","","G+1","","2025-12-24 00:00:00","Active Listings","","No","","","Brand New I Close to Park I Ready to Move In","Dubai Properties",""
"24498394","2025-12-24 00:00:00","Mudon","Al Ranim","Al Ranim 3","","","215000","215000","97","1043.84","2217","206","Townhouse","3","","","","","1810","168.11","","G+1","","2025-12-24 00:00:00","Active Listings","","No","","","Facing Central Park | Near Amenities and Courts","Dubai Properties",""
"24858880","2025-12-23 00:00:00","Mudon","Al Ranim","Al Ranim 2","","","290000","290000","97","1048.18","2978","276.7","Townhouse","4","","","","","4780","444.1","","G+2","","2025-12-23 00:00:00","Active Listings","","No","","","G + 2 | PARK FACING | BIGGEST CORNER PLOT","Dubai Properties","NULL"
"24858641","2025-12-23 00:00:00","Mudon","Al Ranim","Al Ranim 3","","","330000","330000","111","1192.63","2978","276.7","Townhouse","4","","","","","2726","253.27","","G+2","","2025-12-23 00:00:00","Active Listings","","No","","","Park Facing | 4 Bedroom G+2 | Recently Handedover","Dubai Properties","NULL"
"24857194","2025-12-23 00:00:00","Mudon","Al Ranim","Al Ranim 3","","","184999","184999","83","898.05","2217","206","Townhouse","3","","","","","1827","169.77","","G+1","","2025-12-23 00:00:00","Active Listings","","No","","","Landscaped | Great Location | Available","Dubai Properties","NULL"
"24853140","2025-12-23 00:00:00","Mudon","Al Ranim","Al Ranim 2","","","180000","180000","81","873.91","2217","206","Townhouse","3","Community,Play area,Landscaped Garden","","","N","1845","171.47","Type 3B1","G+1","","2026-12-22 00:00:00","Rental Contracts","","","","","","Dubai Properties","New"
"24858005","2025-12-23 00:00:00","Mudon","Al Ranim","Al Ranim 3","","","190000","190000","86","922.46","2217","206","Townhouse","3","","","","","1850","171.83","","G+1","","2025-12-23 00:00:00","Active Listings","","","","","Al Ranim 3 | 3 Bed G+1 | Great Value | New","Dubai Properties","NULL"
"23264667","2025-12-23 00:00:00","Mudon","Al Ranim","Al Ranim 2","","","220000","220000","99","1067.96","2217","206","Townhouse","3","Community,Swimming Pool,Park","","","","1808","168","","G+1","","2025-12-23 00:00:00","Active Listings","","No","","","Brand New Villa | Vacant | Near to Amenities","Dubai Properties",""
"24859036","2025-12-23 00:00:00","Mudon","Al Ranim","Al Ranim 3","","","249999","249999","98","1055.69","2549","236.78","Townhouse","4","","","","","3013","279.88","","G+1","","2025-12-23 00:00:00","Active Listings","","No","","","Townhouse in Ranim 3| big layout|prime location","Dubai Properties","NULL"
"24857515","2025-12-23 00:00:00","Mudon","Al Ranim","Al Ranim 3","","","310000","310000","104","1120.35","2978","276.7","Townhouse","4","Community,Landscaped Garden,Walkway","","","","3535","328.42","","G+2","","2025-12-23 00:00:00","Active Listings","","No","","","Big Plot | G+2 | Direct Access to the Park","Dubai Properties","NULL"
"24858582","2025-12-23 00:00:00","Mudon","Al Ranim","Al Ranim 3","","","190000","190000","104","1117.65","1829","170","Townhouse","3","","","","","0","0","","G+1","","2025-12-23 00:00:00","Active Listings","","","","","SINGLE ROW | BRAND NEW | MULTIPLE OPTIONS","Dubai Properties","NULL"
"24858875","2025-12-23 00:00:00","Mudon","Al Ranim","Al Ranim 2","","","240000","240000","81","867.46","2978","276.7","Townhouse","4","","","","","2646","245.86","","G+2","","2025-12-23 00:00:00","Active Listings","","No","","","G+2 | PARK FACING | MULTIPLE UNITS","Dubai Properties","NULL"
"24850946","2025-12-22 00:00:00","Mudon","Al Ranim","Al Ranim 3","","","200000","200000","90","970.87","2217","206","Townhouse","3","","","","","1834","170.42","","G+1","","2025-12-22 00:00:00","Active Listings","","No","","","Greenbelt Backing | Middle Unit | Ready To Move","Dubai Properties","NULL"
"24763211","2025-12-22 00:00:00","Mudon","Al Ranim","Al Ranim 2","","","240000","240000","94","1013.6","2549","236.78","Townhouse","4","","","","","2793","259.46","","G+1","","2025-12-22 00:00:00","Active Listings","","No","","","Vacant | Single Row | Park Facing","Dubai Properties","NULL"
"24854512","2025-12-22 00:00:00","Mudon","Al Ranim","Al Ranim 3","","","159748","165000","72","777.54","2217","206","Townhouse","3","Community,Road","","","N","1919","178.32","Type 3B1","G+1","","2027-01-02 00:00:00","Rental Contracts","","","","","","Dubai Properties","New"
"24850940","2025-12-22 00:00:00","Mudon","Al Ranim","Al Ranim 3","","","300000","300000","118","1267","2549","236.78","Townhouse","4","","","","","2863","265.98","","G+1","","2025-12-22 00:00:00","Active Listings","","No","","","End Unit | Park Backing | Brand New","Dubai Properties","NULL"
"24848673","2025-12-21 00:00:00","Mudon","Al Ranim","Al Ranim 1","","","189999","189999","86","922.46","2217","206","Townhouse","3","","","","","1859","172.74","","G+1","","2025-12-21 00:00:00","Active Listings","","No","","","Brand New | 3 bed+ maids | Reday to move in","Dubai Properties","NULL"
"24847445","2025-12-21 00:00:00","Mudon","Al Ranim","Al Ranim 3","","","225000","225000","88","950.25","2549","236.78","Townhouse","4","","","","","2754","255.83","","G+1","","2025-12-21 00:00:00","Active Listings","","No","","","Biggest plot | Largest Layout | Price Negotiable","Dubai Properties","NULL"
"24258163","2025-12-21 00:00:00","Mudon","Al Ranim","Al Ranim 1","","","189000","189000","85","917.48","2217","206","Townhouse","3","","","","","1924","178.71","","G+1","","2025-12-21 00:00:00","Active Listings","","No","","","Brand New Modern style 3BR Townhouse Ready to Move-in","Dubai Properties",""
"24848028","2025-12-21 00:00:00","Mudon","Al Ranim","Al Ranim 2","","","200000","200000","90","971.02","2217","206","Townhouse","3","","","","","1808","168","","G+1","","2025-12-21 00:00:00","Active Listings","","No","","","Park Backed | 3 Bed + Maids | Brand New","Dubai Properties","NULL"
"24848079","2025-12-21 00:00:00","Mudon","Al Ranim","Al Ranim 3","","","220000","220000","99","1068.12","2217","206","Townhouse","3","","","","","1810","168.11","","G+1","","2025-12-21 00:00:00","Active Listings","","No","","","Park Facing, Brand New , Single Row","Dubai Properties","NULL"
"24841746","2025-12-20 00:00:00","Mudon","Al Ranim","Al Ranim 3","","","230000","230000","90","971.37","2548","236.78","Townhouse","4","","","","N","2826","262.59","","G+1","","2026-12-19 00:00:00","Rental Contracts","","","","","","Dubai Properties","New"
"24828490","2025-12-20 00:00:00","Mudon","Al Ranim","Al Ranim 3","","","205000","205000","92","995.15","2217","206","Townhouse","3","","","","N","1808","168","","G+1","","2026-12-19 00:00:00","Rental Contracts","","","","","","Dubai Properties","New"
"24843344","2025-12-20 00:00:00","Mudon","Al Ranim","Al Ranim 1","","","170000","170000","77","825.36","2217","206","Townhouse","3","","","","N","1849","171.81","","G+1","","2026-12-19 00:00:00","Rental Contracts","","","","","","Dubai Properties","New"
"24843884","2025-12-20 00:00:00","Mudon","Al Ranim","Al Ranim 3","","","220000","220000","86","924.37","2567","238","Townhouse","3","","","","","0","0","","G+1","","2025-12-20 00:00:00","Active Listings","","No","","","G+2 | Park Facing | Ready to move in","Dubai Properties","NULL"
"24844763","2025-12-20 00:00:00","Mudon","Al Ranim","Al Ranim 3","","","270000","270000","106","1140.3","2549","236.78","Townhouse","4","","","","","3303","306.84","","G+1","","2025-12-20 00:00:00","Active Listings","","","","","EXCLUSIVE PRICE | BRAND NEW PARK-FACING HOME | 4BR + MAID + FAMILY ROOM","Dubai Properties","NULL"
"24844254","2025-12-20 00:00:00","Mudon","Al Ranim","Al Ranim 3","","","225000","225000","88","945.38","2567","238","Townhouse","3","","","","","0","0","","G+1","","2025-12-20 00:00:00","Active Listings","","No","","","3 Bed G+2 | True Park Backing | Prime Location","Dubai Properties","NULL"
"24839683","2025-12-19 00:00:00","Mudon","Al Ranim","Al Ranim 3","","","240000","240000","94","1013.47","2549","236.78","Townhouse","4","","","","","2867","266.39","","G+1","","2025-12-19 00:00:00","Active Listings","","No","","","Spacious Apt | Premium Finishes | Close to Park","Dubai Properties","NULL"
"24840971","2025-12-19 00:00:00","Mudon","Al Ranim","Al Ranim 2","","","260000","260000","102","1097.93","2549","236.78","Townhouse","4","","","","","4177","388.06","","G+1","","2025-12-19 00:00:00","Active Listings","","No","","","Largest Plot | Corner Unit | Single Row | G+1","Dubai Properties","NULL"
"24833292","2025-12-19 00:00:00","Mudon","Al Ranim","Al Ranim 2","","","250000","250000","98","1055.7","2549","236.78","Townhouse","4","","","","","2582","239.83","","G+1","","2025-12-19 00:00:00","Active Listings","","No","","","Park-Facing 4BR plus Maid | Brand New Luxury Villa","Dubai Properties","NULL"
"24840979","2025-12-19 00:00:00","Mudon","Al Ranim","Al Ranim 2","","","200000","200000","90","970.87","2217","206","Townhouse","3","","","","","2023","187.97","","G+1","","2025-12-19 00:00:00","Active Listings","","No","","","Brand New | Spacious Layout | Prime Location","Dubai Properties","NULL"
"24834407","2025-12-19 00:00:00","Mudon","Al Ranim","Al Ranim 3","","","265000","265000","104","1119.04","2549","236.78","Townhouse","4","","","","","2986","277.43","","G+1","","2025-12-19 00:00:00","Active Listings","","No","","","BRAND NEW | READY TO MOVE IN| SINGLE ROW","Dubai Properties","NULL"
"24840047","2025-12-19 00:00:00","Mudon","Al Ranim","Al Ranim 3","","","260000","260000","102","1097.93","2549","236.78","Townhouse","4","","","","","2717","252.38","","G+1","","2025-12-19 00:00:00","Active Listings","","","","","Vacant | Corner Villa | Prime Location","Dubai Properties","NULL"
"24840820","2025-12-19 00:00:00","Mudon","Al Ranim","Al Ranim 1","","","255000","255000","100","1076.81","2549","236.78","Townhouse","4","","","","","2582","239.86","","G+1","","2025-12-19 00:00:00","Active Listings","","No","","","Brand New | On The Park | Prime Location","Dubai Properties","NULL"
"24839289","2025-12-19 00:00:00","Mudon","Al Ranim","Al Ranim 2","","","210000","210000","95","1019.42","2217","206","Townhouse","3","","","","","1813","168.46","","G+1","","2025-12-19 00:00:00","Active Listings","","","","","Brand New | Single Row | Spacious Layout | 3BR + Maid","Dubai Properties","NULL"
"24840573","2025-12-19 00:00:00","Mudon","Al Ranim","Al Ranim 1","","","180000","180000","81","873.79","2217","206","Townhouse","3","","","","","1872","173.93","","G+1","","2025-12-19 00:00:00","Active Listings","","No","","","Premium Quality | Park Facing | Brand New","Dubai Properties","NULL"
"24834191","2025-12-19 00:00:00","Mudon","Al Ranim","Al Ranim 2","","","200000","200000","90","971.02","2217","206","Townhouse","3","","","","","1814","168.48","","G+1","","2025-12-19 00:00:00","Active Listings","","No","","","VILLA | RANIM 2| BRAND NEW| SPACIOUS| READY TO MOVE","Dubai Properties","NULL"
"24839065","2025-12-19 00:00:00","Mudon","Al Ranim","Al Ranim 2","","","185000","185000","83","898.19","2217","206","Townhouse","3","","","","N","1808","168","","G+1","","2026-12-18 00:00:00","Rental Contracts","","","","","","Dubai Properties","New"
"24541852","2025-12-19 00:00:00","Mudon","Al Ranim","Al Ranim 2","","","190000","200000","90","970.87","2217","206","Townhouse","1","","","","","1813","168.46","","G+1","","2025-12-19 00:00:00","Active Listings","","No","","","GREAT COMMUNITY | READY TO MOVE | BRAND NEW","Dubai Properties",""
"24840100","2025-12-19 00:00:00","Mudon","Al Ranim","Al Ranim 3","","","330000","330000","111","1192.76","2978","276.7","Townhouse","4","","","","","2726","253.27","","G+2","","2025-12-19 00:00:00","Active Listings","","No","","","BRAND NEW PARK-FACING HOME | 4BR + MAID + FAMILY ROOM- Negotiable Price","Dubai Properties","NULL"
"24841133","2025-12-19 00:00:00","Mudon","Al Ranim","Al Ranim 1","","","195000","195000","88","946.6","2217","206","Townhouse","3","","","","","1808","168","","G+1","","2025-12-19 00:00:00","Active Listings","","No","","","Brand New | Prime Location | Single Row","Dubai Properties","NULL"
"24832460","2025-12-19 00:00:00","Mudon","Al Ranim","Al Ranim 3","","","320000","320000","107","1156.49","2978","276.7","Townhouse","4","","","","","2661","247.23","","G+2","","2025-12-19 00:00:00","Active Listings","","No","","","Vacant | Corner Villa | Prime Location","Dubai Properties","NULL"
"24861654","2025-12-19 00:00:00","Mudon","Al Ranim","Al Ranim 3","","","195000","195000","88","946.74","2217","206","Townhouse","3","","","","N","1809","168.12","Type 3B1","G+1","","2026-12-18 00:00:00","Rental Contracts","","","","","","Dubai Properties","New"
"24834520","2025-12-19 00:00:00","Mudon","Al Ranim","Al Ranim 3","","","179999","179999","81","873.91","2217","206","Townhouse","3","","","","","1850","171.83","","G+1","","2025-12-19 00:00:00","Active Listings","","No","","","Park Facing | Bright Unit | Best Price","Dubai Properties","NULL"
"24834549","2025-12-19 00:00:00","Mudon","Al Ranim","Al Ranim 3","","","210000","210000","82","880.32","2568","238.55","Townhouse","3","","","","","1808","168.01","","G+2","","2025-12-19 00:00:00","Active Listings","","No","","","3 Bed G+2 | Very Spacious | Under Warranty | Vacant","Dubai Properties","NULL"
"23176714","2025-12-18 00:00:00","Mudon","Al Ranim","Al Ranim 1","","","190000","190000","86","922.33","2217","206","Townhouse","3","","","","","1808","168","","G+1","","2025-12-18 00:00:00","Active Listings","","No","","","Close to Swimming Pool | Brand New","Dubai Properties",""
"24833804","2025-12-18 00:00:00","Mudon","Al Ranim","Al Ranim 3","","","250000","250000","98","1055.83","2549","236.78","Townhouse","4","","","","","2986","277.43","","G+1","","2025-12-18 00:00:00","Active Listings","","No","","","Brand New | Prime Location | Vacant","Dubai Properties","NULL"
"24841998","2025-12-18 00:00:00","Mudon","Al Ranim","Al Ranim 2","","","230000","230000","90","971.61","2548","236.78","Townhouse","4","","","","N","2792","259.46","","G+1","","2026-12-17 00:00:00","Rental Contracts","","","","","","Dubai Properties","New"
"24827175","2025-12-18 00:00:00","Mudon","Al Ranim","Al Ranim 3","","","246999","246999","97","1043.16","2549","236.78","Townhouse","4","","","","","2710","251.76","","G+1","","2025-12-18 00:00:00","Active Listings","","No","","","Ready to move | Brand new | maid room","Dubai Properties","NULL"
"24832651","2025-12-18 00:00:00","Mudon","Al Ranim","Al Ranim 3","","","225000","225000","88","950.25","2549","236.78","Townhouse","4","","","","","2754","255.83","","G+1","","2025-12-18 00:00:00","Active Listings","","No","","","Brand New 4 Beds Park Facing Ready To Move","Dubai Properties","NULL"
"24826779","2025-12-18 00:00:00","Mudon","Al Ranim","Al Ranim 3","","","180000","180000","81","873.91","2217","206","Townhouse","3","","","","","1849","171.81","","G+1","","2025-12-18 00:00:00","Active Listings","","No","","","Single Row | Spacious | Brand New","Dubai Properties","NULL"
"24833711","2025-12-18 00:00:00","Mudon","Al Ranim","Al Ranim 1","","","190000","190000","105","1130.95","1808","168","Townhouse","3","","","","","0","0","","G+1","","2025-12-18 00:00:00","Active Listings","","No","","","Ranim Premium Location Park Facing | Brand New","Dubai Properties","NULL"
"24478159","2025-12-18 00:00:00","Mudon","Al Ranim","Al Ranim 2","","","180000","200000","90","970.87","2217","206","Townhouse","3","","","","","1814","168.5","","G+1","","2025-12-18 00:00:00","Active Listings","","No","","","Landscaped | Single Row | Ready to Move","Dubai Properties",""
"24253960","2025-12-17 00:00:00","Mudon","Al Ranim","Al Ranim 1","","","195000","200000","90","970.87","2217","206","Townhouse","3","","","","","1808","168","","G+1","","2025-12-17 00:00:00","Active Listings","","No","","","3BR Townhouse | Private Garden | Mudon Al Ranim 1","Dubai Properties",""
"24641805","2025-12-17 00:00:00","Mudon","Al Ranim","Al Ranim 3","","","190000","190000","74","796.48","2568","238.55","Townhouse","3","","","","","1808","168.01","","G+2","","2025-12-17 00:00:00","Active Listings","","No","","","Brand New | Single Row | 4 Payments","Dubai Properties",""
"24826638","2025-12-17 00:00:00","Mudon","Al Ranim","Al Ranim 3","","","247000","247000","97","1043.03","2549","236.78","Townhouse","4","","","","","2717","252.38","","G+1","","2025-12-17 00:00:00","Active Listings","","No","","","4BHK+Maid | Spacious Layout | Ready To Move","Dubai Properties","NULL"
"24793129","2025-12-17 00:00:00","Mudon","Al Ranim","Al Ranim 3","","","174999","174999","79","849.63","2217","206","Townhouse","3","","","","","1881","174.73","","G+1","","2025-12-17 00:00:00","Active Listings","","No","","","BEST PRICE | OPPOSITE PARK | VASTU COMPLIANT","Dubai Properties","NULL"
"24825134","2025-12-17 00:00:00","Mudon","Al Ranim","Al Ranim 3","","","220000","220000","86","920.5","2568","239","Townhouse","3","","","","","0","0","","G+1","","2025-12-17 00:00:00","Active Listings","","No","","","Brand New | Ready to Move In | Prime Location","Dubai Properties","NULL"
"24827197","2025-12-17 00:00:00","Mudon","Al Ranim","Al Ranim 2","","","254999","254999","100","1076.81","2549","237","Townhouse","4","","","","","0","0","","G+1","","2025-12-17 00:00:00","Active Listings","","No","","","Brand New , Corner 4 Bedrooms +maid","Dubai Properties","NULL"
"24825665","2025-12-17 00:00:00","Mudon","Al Ranim","","","","190000","190000","105","1130.95","1810","168","Townhouse","3","","","","","0","0","","G+1","","2025-12-17 00:00:00","Active Listings","","No","","","Ready to Move-in | Direct Park Access | Brand New","Dubai Properties","NULL"
"24826181","2025-12-17 00:00:00","Mudon","Al Ranim","Al Ranim 3","","","180000","180000","81","873.79","2217","206","Townhouse","3","","","","","1881","174.73","","G+1","","2025-12-17 00:00:00","Active Listings","","No","","","Ready to Settle In | Spacious & Cozy | Keys in Hand","Dubai Properties","NULL"
"24259400","2025-12-17 00:00:00","Mudon","Al Ranim","Al Ranim 2","","","240000","240000","93","1005.99","2568","238.55","Townhouse","3","","","","","1847","171.57","","G+2","","2025-12-17 00:00:00","Active Listings","","No","","","Park Facing | 3 Bedroom + Maid | Ground + 2 Floors","Dubai Properties",""
"24825433","2025-12-17 00:00:00","Mudon","Al Ranim","Al Ranim 1","","","200000","200000","90","970.87","2217","206","Apartment","3","","","","","0","0","","","","2025-12-17 00:00:00","Active Listings","","No","","","Ready | Next to the Park | Close to Lagoon Pool","Dubai Properties","NULL"
"24825456","2025-12-17 00:00:00","Mudon","Al Ranim","Al Ranim 2","","","260000","260000","102","1097.05","2549","237","Townhouse","4","","","","","0","0","","G+1","","2025-12-17 00:00:00","Active Listings","","No","","","Lagoon/Park View | Vacant | Real Advert","Dubai Properties","NULL"
"24825993","2025-12-17 00:00:00","Mudon","Al Ranim","Al Ranim 2","","","200000","200000","110","1190.48","1813","168","Townhouse","3","","","","","0","0","","G+1","","2025-12-17 00:00:00","Active Listings","","No","","","Elegant 3 Bedroom | Huge Layout | Single Row","Dubai Properties","NULL"
"24748682","2025-12-17 00:00:00","Mudon","Al Ranim","Al Ranim 1","","","175000","175000","68","733.54","2568","238.55","Townhouse","3","","","","","1914","177.8","","G+2","","2025-12-17 00:00:00","Active Listings","","No","","","3 BED | Mid Unit | Single Row","Dubai Properties","NULL"
"24825498","2025-12-17 00:00:00","Mudon","Al Ranim","Al Ranim 3","","","300000","300000","101","1084.21","2978","276.7","Townhouse","4","","","","","3535","328.42","","G+2","","2025-12-17 00:00:00","Active Listings","","No","","","4BR VILLA G+2 | BIGGEST PLOT I | MULTIPLE OPTION","Dubai Properties","NULL"
"24825499","2025-12-17 00:00:00","Mudon","Al Ranim","Al Ranim 1","","","170000","170000","77","829.27","2205","205","Townhouse","3","","","","","0","0","","G+1","","2025-12-17 00:00:00","Active Listings","","No","","","Ready to Move | Brandnew | Best Deal","Dubai Properties","NULL"
"24402084","2025-12-17 00:00:00","Mudon","Al Ranim","Al Ranim 3","","","320000","320000","120","1295.55","2661","247","Townhouse","4","","","","","0","0","","G+1","","2025-12-17 00:00:00","Active Listings","","No","","","Vacant | Corner Villa | Prime Location","Dubai Properties",""
"24825509","2025-12-17 00:00:00","Mudon","Al Ranim","Al Ranim 3","","","189999","189999","86","922.33","2216","206","Townhouse","3","","","","","0","0","","G+1","","2025-12-17 00:00:00","Active Listings","","No","","","Brandnew | Great Community | Best Price","Dubai Properties","NULL"
"24824500","2025-12-17 00:00:00","Mudon","Al Ranim","Al Ranim 3","","","295000","295000","95","1020.76","3116","289","Townhouse","4","","","","","0","0","","G+1","","2025-12-17 00:00:00","Active Listings","","No","","","Keys in Hand |4BR G+2 l Extra Room l Single Row","Dubai Properties","NULL"
"24825270","2025-12-17 00:00:00","Mudon","Al Ranim","Al Ranim 1","","","220000","220000","100","1073.17","2211","205","Townhouse","3","","","","","0","0","","G+1","","2025-12-17 00:00:00","Active Listings","","No","","","3g+1 l Bright and spacious living","Dubai Properties","NULL"
"24327115","2025-12-17 00:00:00","Mudon","Al Ranim","Al Ranim 1","","","190000","200000","90","971.02","2217","206","Townhouse","3","","","","","1808","168","","G+1","","2025-12-17 00:00:00","Active Listings","","No","","","Ranim Ready To Move In 3 Beds Full Park View","Dubai Properties",""
"24825035","2025-12-17 00:00:00","Mudon","Al Ranim","Al Ranim 3","","","209999","209999","82","880.24","2568","238.55","Townhouse","3","","","","","1808","168.01","","G+2","","2025-12-17 00:00:00","Active Listings","","No","","","Ready to Move | G Plus 2 | Multiple Options","Dubai Properties","NULL"
"24825037","2025-12-17 00:00:00","Mudon","Al Ranim","Al Ranim 3","","","350000","350000","99","1067.07","3535","328","Townhouse","4","","","","","0","0","","G+1","","2025-12-17 00:00:00","Active Listings","","No","","","Ready to Move In | 4G+2 | Corner Unit","Dubai Properties","NULL"
"24826586","2025-12-17 00:00:00","Mudon","Al Ranim","Al Ranim 2","","","200000","200000","10","110.31","19518","1813","Townhouse","3","","","","","0","0","","G+1","","2025-12-17 00:00:00","Active Listings","","No","","","3 Bed | Big Lay out | Ready to Move in","Dubai Properties","NULL"
"24826348","2025-12-17 00:00:00","Mudon","Al Ranim","Al Ranim 3","","","249999","249999","98","1055.69","2549","236.78","Townhouse","4","","","","","2717","252.38","","G+1","","2025-12-17 00:00:00","Active Listings","","No","","","VILLA | RANIM 3| 4 BED| BRAND NEW| SPACIOUS| READY TO MOVE","Dubai Properties","NULL"
"24806666","2025-12-16 00:00:00","Mudon","Al Ranim","Al Ranim 2","","","220000","220000","86","929.01","2549","236.78","Townhouse","4","","","","","2793","259.46","","G+1","","2025-12-16 00:00:00","Active Listings","","Yes","","","Brand New | Fully Equipped Kitchen | Vacant","Dubai Properties","NULL"
"24818450","2025-12-16 00:00:00","Mudon","Al Ranim","Al Ranim 3","","","200000","200000","78","838.33","2568","238.55","Townhouse","3","","","","","1808","168.01","","G+2","","2025-12-16 00:00:00","Active Listings","","No","","","Amazing Location | Best Deal | Ready to move in","Dubai Properties","NULL"
"24817183","2025-12-16 00:00:00","Mudon","Al Ranim","Al Ranim 1","","","260000","260000","66","708.45","3950","367","Townhouse","4","","","","","0","0","","G+1","","2025-12-16 00:00:00","Active Listings","","No","","","4Bed + Maids | Unfurnished | Corner Unit","Dubai Properties","NULL"
"24817194","2025-12-16 00:00:00","Mudon","Al Ranim","Al Ranim 1","","","240000","240000","80","863.31","2995","278","Townhouse","4","","","","","0","0","","G+1","","2025-12-16 00:00:00","Active Listings","","No","","","Brand New | Unfurnished | Corner Unit","Dubai Properties","NULL"
"24817210","2025-12-16 00:00:00","Mudon","Al Ranim","Al Ranim 3","","","180000","180000","81","873.91","2217","206","Townhouse","3","","","","","1958","181.87","","G+1","","2025-12-16 00:00:00","Active Listings","","No","","","Brand New | Single Row | Vacant Now","Dubai Properties","NULL"
"24817978","2025-12-16 00:00:00","Mudon","Al Ranim","Al Ranim 3","","","204999","204999","92","995.29","2217","206","Townhouse","3","","","","","1808","168.01","","G+1","","2025-12-16 00:00:00","Active Listings","","No","","","Prime Location | Vacant | Lagoon Views","Dubai Properties","NULL"
"24818236","2025-12-16 00:00:00","Mudon","Al Ranim","Al Ranim 2","","","265000","265000","104","1119.18","2549","236.78","Townhouse","4","","","","","4177","388.06","","G+1","","2025-12-16 00:00:00","Active Listings","","No","","","G+1 | Biggest Plot | On the Park","Dubai Properties","NULL"
"24811331","2025-12-16 00:00:00","Mudon","Al Ranim","Al Ranim 3","","","250000","250000","98","1055.7","2549","236.78","Townhouse","4","","","","","2852","264.96","","G+1","","2025-12-16 00:00:00","Active Listings","","No","","","4BR + MAIDS / G+1 / BRAND NEW / CALL NOW","Dubai Properties","NULL"
"24817480","2025-12-16 00:00:00","Mudon","Al Ranim","Al Ranim 3","","","320000","320000","120","1295.55","2657","247","Townhouse","4","","","","","0","0","","G+1","","2025-12-16 00:00:00","Active Listings","","No","","","On Green Belt | G+2 | 4 Bedroom + Family Room","Dubai Properties","NULL"
"24817995","2025-12-16 00:00:00","Mudon","Al Ranim","Al Ranim 1","","","240000","240000","92","995.85","2597","241","Townhouse","4","","","","","0","0","","G+1","","2025-12-16 00:00:00","Active Listings","","No","","","Brand New | Unfurnished | Corner Unit","Dubai Properties","NULL"
"24818003","2025-12-16 00:00:00","Mudon","Al Ranim","Al Ranim 2","","","175000","175000","79","849.64","2217","206","Townhouse","3","","","","","1813","168.46","","G+1","","2025-12-16 00:00:00","Active Listings","","No","","","Prime Location | Spacious 3BR | Brandnew","Dubai Properties","NULL"
"24807004","2025-12-16 00:00:00","Mudon","Al Ranim","Al Ranim 2","","","195000","195000","88","946.74","2217","206","Townhouse","3","","","","","1808","168","","G+1","","2025-12-16 00:00:00","Active Listings","","No","","","Brand New 3BR | Park Facing | Single Row","Dubai Properties","NULL"
"24818284","2025-12-16 00:00:00","Mudon","Al Ranim","Al Ranim 1","","","210000","210000","116","1250","1808","168","Townhouse","3","","","","","0","0","","G+1","","2025-12-16 00:00:00","Active Listings","","No","","","Brand New | Unfurnished | Vacant","Dubai Properties","NULL"
"24818287","2025-12-16 00:00:00","Mudon","Al Ranim","Al Ranim 1","","","180000","180000","98","1052.63","1836","171","Townhouse","3","","","","","0","0","","G+1","","2025-12-16 00:00:00","Active Listings","","No","","","Brand New | Unfurnished | Vacant","Dubai Properties","NULL"
"24817529","2025-12-16 00:00:00","Mudon","Al Ranim","Al Ranim 3","","","180000","180000","81","873.91","2217","206","Townhouse","3","","","","","1808","168","","G+1","","2025-12-16 00:00:00","Active Listings","","No","","","PRIME LOCATION | VACANT | 3BHK + MAIDROOM","Dubai Properties","NULL"
"24818297","2025-12-16 00:00:00","Mudon","Al Ranim","Al Ranim 1","","","180000","180000","98","1052.63","1836","171","Townhouse","3","","","","","0","0","","G+1","","2025-12-16 00:00:00","Active Listings","","No","","","3bed plus Maids | Unfurnished | Vacant","Dubai Properties","NULL"
"24817562","2025-12-16 00:00:00","Mudon","Al Ranim","Al Ranim 2","","","200000","200000","90","971.02","2217","206","Townhouse","3","","","","","1813","168.46","","G+1","","2025-12-16 00:00:00","Active Listings","","No","","","Refined 3BR Townhouse | Mudon Al Ranim 2","Dubai Properties","NULL"
"24817570","2025-12-16 00:00:00","Mudon","Al Ranim","Al Ranim 3","","","210000","210000","82","880.24","2568","238.55","Townhouse","3","","","","","1808","168.01","","G+2","","2025-12-16 00:00:00","Active Listings","","No","","","G+2 | Park Backing | Brand New","Dubai Properties","NULL"
"24808895","2025-12-16 00:00:00","Mudon","Al Ranim","Al Ranim 3","","","225000","225000","88","950.13","2549","236.78","Townhouse","4","","","","","2754","255.83","","G+1","","2025-12-16 00:00:00","Active Listings","","No","","","Brand New 4 Beds Park Facing Ready To Move","Dubai Properties","NULL"
"24809670","2025-12-16 00:00:00","Mudon","Al Ranim","Al Ranim 3","","","180000","180000","81","873.79","2217","206","Townhouse","3","Community,Road","","","","2154","200.07","","G+1","","2025-12-16 00:00:00","Active Listings","","No","","","3 BR Plus Maid I Single Row Villa | Largest Plot","Dubai Properties","NULL"
"24817892","2025-12-16 00:00:00","Mudon","Al Ranim","Al Ranim 2","","","239999","239999","94","1013.59","2549","236.78","Townhouse","4","","","","","2793","259.46","","G+1","","2025-12-16 00:00:00","Active Listings","","No","","","Brand New | Single Row | Multiple Options","Dubai Properties","NULL"
"24818409","2025-12-16 00:00:00","Mudon","Al Ranim","Al Ranim 2","","","240000","240000","94","1013.6","2549","236.78","Townhouse","4","","","","","2793","259.46","","G+1","","2025-12-16 00:00:00","Active Listings","","No","","","G+1 | Close to Park and Pool | Multiple Option","Dubai Properties","NULL"
"24817899","2025-12-16 00:00:00","Mudon","Al Ranim","Al Ranim 3","","","220000","220000","86","922.16","2568","238.55","Townhouse","3","","","","","1808","168.01","","G+2","","2025-12-16 00:00:00","Active Listings","","No","","","G+2 Ranim Park Facing 3 Bedrooms Ready To Move","Dubai Properties","NULL"
"24817647","2025-12-16 00:00:00","Mudon","Al Ranim","Al Ranim 3","","","249999","249999","98","1055.69","2549","236.78","Townhouse","4","","","","","2717","252.38","","G+1","","2025-12-16 00:00:00","Active Listings","","No","","","Corner | Stunning | Built-In Kitchen Goods","Dubai Properties","NULL"
"24819447","2025-12-16 00:00:00","Mudon","Al Ranim","Al Ranim 3","","","255000","255000","100","1076.81","2549","236.78","Townhouse","4","","","","","2717","252.38","","G+1","","2025-12-16 00:00:00","Active Listings","","","","","ELEGANT 4BR VILLA l G + 1 FLOOR l BRAND NEW l SINGLE ROW","Dubai Properties","NULL"
"24646139","2025-12-16 00:00:00","Mudon","Al Ranim","Al Ranim 3","","","240000","240000","93","1006.08","2568","238.55","Townhouse","3","","","","","1808","168","","G+2","","2025-12-16 00:00:00","Active Listings","","No","","","Park Backing | Family Room | Type 3B2M | G+2","Dubai Properties",""
"24809727","2025-12-16 00:00:00","Mudon","Al Ranim","Al Ranim 3","","","230000","230000","90","964.16","2568","238.55","Townhouse","3","","","","","1808","168.01","","G+2","","2025-12-16 00:00:00","Active Listings","","No","","","VILLA | RANIM 3| 3 BED| BRAND NEW| SPACIOUS| READY TO MOVE","Dubai Properties","NULL"
"24839197","2025-12-15 00:00:00","Mudon","Al Ranim","Al Ranim 3","","","180000","180000","81","873.91","2217","206","Townhouse","3","","","","N","1880","174.73","","G+1","","2026-12-14 00:00:00","Rental Contracts","","","","","","Dubai Properties","New"
"24302368","2025-12-15 00:00:00","Mudon","Al Ranim","Al Ranim 1","","","245000","220000","86","922.24","2568","238.55","Townhouse","3","Community,Park,Play Area","","","","1924","178.79","","G+2","","2025-12-15 00:00:00","Active Listings","","Yes","","","Best Deal | Rooftop Access | Serene Garden View","Dubai Properties",""
"23210296","2025-12-15 00:00:00","Mudon","Al Ranim","Al Ranim 1","","","335000","330000","111","1192.63","2978","276.7","Townhouse","4","","","","","4901","455.29","","G+2","","2025-12-15 00:00:00","Active Listings","","No","","","4BR+Family+Maid | G+2 | Pool and Park Facing | 4B2","Dubai Properties",""
"24839232","2025-12-15 00:00:00","Mudon","Al Ranim","Al Ranim 1","","","250000","250000","98","1056.1","2548","236.78","Townhouse","4","","","","N","4082","379.24","","G+1","","2026-12-14 00:00:00","Rental Contracts","","","","","","Dubai Properties","New"
"24798821","2025-12-15 00:00:00","Mudon","Al Ranim","Al Ranim 2","","","225000","225000","88","943.48","2567","238.55","Townhouse","3","","","","N","1808","168.02","","G+2","","2026-12-14 00:00:00","Rental Contracts","","","","","","Dubai Properties","New"
"23172212","2025-12-15 00:00:00","Mudon","Al Ranim","Al Ranim 1","","","200000","200000","90","971.02","2217","206","Townhouse","3","","","","","1808","168","","G+1","","2025-12-15 00:00:00","Active Listings","","No","","","G+1 / BRAND NEW / READY TO MOVE / CALL NOW","Dubai Properties",""
"24839030","2025-12-15 00:00:00","Mudon","Al Ranim","Al Ranim 1","","","205000","205000","80","859.61","2567","238.55","Townhouse","3","","","","N","1808","168","","G+2","","2026-12-14 00:00:00","Rental Contracts","","","","","","Dubai Properties","New"
"23278727","2025-12-15 00:00:00","Mudon","Al Ranim","Al Ranim 2","","","300000","300000","101","1084.21","2978","276.7","Townhouse","4","Community,Park,Swimming Pool","","","","3728","346.35","","G+2","","2025-12-15 00:00:00","Active Listings","","No","","","Single Row _ On Pool and Park _ Corner Unit","Dubai Properties",""
"24757132","2025-12-15 00:00:00","Mudon","Al Ranim","Al Ranim 2","","","260000","260000","102","1097.93","2549","236.78","Townhouse","4","","","","","4177","388.06","","G+1","","2025-12-15 00:00:00","Active Listings","","No","","","Corner Unit | Largest Plot | Single Row","Dubai Properties","NULL"
"24267170","2025-12-15 00:00:00","Mudon","Al Ranim","Al Ranim 2","","","200000","200000","90","970.87","2217","206","Townhouse","3","","","","","1808","168.01","","G+1","","2025-12-15 00:00:00","Active Listings","","No","","","Brand New 3BR G+1 | Mudon Al Ranim 2 | Park View","Dubai Properties",""
"24557756","2025-12-15 00:00:00","Mudon","Al Ranim","Al Ranim 3","","","350000","350000","118","1265.04","2978","276.7","Townhouse","4","","","","","2614","242.88","","G+2","","2025-12-15 00:00:00","Active Listings","","No","","","New G+2 | 4 Bed + Maids | Single Row | Park Backed","Dubai Properties",""
"24739558","2025-12-15 00:00:00","Mudon","Al Ranim","Al Ranim 3","","","230000","240000","93","1006.08","2568","238.55","Townhouse","3","","","","","1808","168.01","","G+2","","2025-12-15 00:00:00","Active Listings","","No","","","Greenbelt Backing | Third Floor Family Room","Dubai Properties","NULL"
"24808939","2025-12-15 00:00:00","Mudon","Al Ranim","Al Ranim 3","","","220000","220000","122","1309.52","1808","168","Townhouse","3","","","","","0","0","","G+1","","2025-12-15 00:00:00","Active Listings","","No","","","G+2 Ranim Park Facing 3 Bedrooms Ready To Move","Dubai Properties","NULL"
"24782094","2025-12-14 00:00:00","Mudon","Al Ranim","Al Ranim 1","","","175000","175000","79","849.51","2217","206","Townhouse","3","","","","N","1808","168.01","","G+1","","2026-12-13 00:00:00","Rental Contracts","","","","","","Dubai Properties","New"
"24806432","2025-12-13 00:00:00","Mudon","Al Ranim","Al Ranim 1","","","280000","280000","110","1182.53","2549","236.78","Townhouse","4","","","","","4112","382","","G+1","","2025-12-13 00:00:00","Active Listings","","No","","","Large Plot | Brand New 4BR | Corner Unit","Dubai Properties","NULL"
"24782652","2025-12-13 00:00:00","Mudon","Al Ranim","Al Ranim 3","","","182500","365000","82","887.14","2217","206","Townhouse","3","","","","N","2158","200.49","","G+1","","2027-12-12 00:00:00","Rental Contracts","","","","","","Dubai Properties","New"
"24838991","2025-12-13 00:00:00","Mudon","Al Ranim","Al Ranim 1","","","225000","225000","88","950.25","2548","236.78","Townhouse","4","","","","N","2735","254.18","","G+1","","2026-12-12 00:00:00","Rental Contracts","","","","","","Dubai Properties","New"
"24806494","2025-12-13 00:00:00","Mudon","Al Ranim","Al Ranim 3","","","225000","225000","82","879.73","2753","256","Townhouse","4","","","","","0","0","","G+1","","2025-12-13 00:00:00","Active Listings","","No","","","Biggest plot | Largest Layout | Price Negotiable","Dubai Properties","NULL"
"24806515","2025-12-13 00:00:00","Mudon","Al Ranim","Al Ranim 2","","","250000","250000","98","1055.7","2549","236.78","Townhouse","4","","","","","4177","388.06","","G+1","","2025-12-13 00:00:00","Active Listings","","No","","","Over 4000 sqft | Rare corner unit | Biggest garden","Dubai Properties","NULL"
"24806010","2025-12-13 00:00:00","Mudon","Al Ranim","Al Ranim 1","","","230000","230000","90","971.37","2549","236.78","Townhouse","4","Community,Road","","","","2927","271.94","","G+1","","2025-12-13 00:00:00","Active Listings","","No","","","Vacant | Private Location | Spacious","Dubai Properties","NULL"
"24806313","2025-12-13 00:00:00","Mudon","Al Ranim","Al Ranim 1","","","175000","175000","69","739.08","2549","236.78","Townhouse","3","Community,Green belt,Back to Back","","","","2656","246.75","","G+1","","2025-12-13 00:00:00","Active Listings","","No","","","G+1 I Big Plot I Close to Amenities","Dubai Properties","NULL"
"24806599","2025-12-13 00:00:00","Mudon","Al Ranim","Al Ranim 1","","","170000","170000","77","825.36","2217","206","Townhouse","3","","","","","1836","170.55","","G+1","","2025-12-13 00:00:00","Active Listings","","No","","","G+1 | Best Location | Brand New","Dubai Properties","NULL"
"24807166","2025-12-13 00:00:00","Mudon","Al Ranim","Al Ranim 3","","","189999","189999","103","1104.65","1849","172","Townhouse","3","","","","","0","0","","G+1","","2025-12-13 00:00:00","Active Listings","","No","","","Brand New | Single Row | 3 Beds + Maid’s","Dubai Properties","NULL"
"24794628","2025-12-12 00:00:00","Mudon","Al Ranim","Al Ranim 3","","","190000","190000","74","796.48","2568","238.55","Townhouse","3","Community,Landscaped Garden,Kid's Play Area","","","","1808","168.01","","G+2","","2025-12-12 00:00:00","Active Listings","","No","","","Brand New | Appliances Included | Prime Location","Dubai Properties","NULL"
"24794129","2025-12-12 00:00:00","Mudon","Al Ranim","Al Ranim 3","","","185000","185000","83","898.19","2217","206","Townhouse","3","","","","","1919","178.32","","G+1","","2025-12-12 00:00:00","Active Listings","","No","","","BRAND NEW | SINGLE ROW | PREMIUM FINISHING","Dubai Properties","NULL"
"24796185","2025-12-12 00:00:00","Mudon","Al Ranim","Al Ranim 2","","","250000","250000","98","1055.83","2549","236.78","Townhouse","4","","","","","2863","265.96","","G+1","","2025-12-12 00:00:00","Active Listings","","No","","","Ready to Move In| Landscaped Garden Area|Park View","Dubai Properties","NULL"
"24549665","2025-12-12 00:00:00","Mudon","Al Ranim","Al Ranim 2","","","185000","185000","83","898.06","2217","206","Townhouse","3","","","","","1814","168.5","","G+1","","2025-12-12 00:00:00","Active Listings","","No","","","G+1 I Big Plot I Close to Amenities","Dubai Properties",""
"24795174","2025-12-12 00:00:00","Mudon","Al Ranim","Al Ranim 3","","","219999","219999","86","920.5","2568","239","Townhouse","3","","","","","0","0","","G+1","","2025-12-12 00:00:00","Active Listings","","No","","","Park Backing | 3BR G+2 | Available Now","Dubai Properties","NULL"
"24794421","2025-12-12 00:00:00","Mudon","Al Ranim","Al Ranim 2","","","200000","200000","90","970.87","2217","206","Townhouse","3","","","","","1813","168.46","","G+1","","2025-12-12 00:00:00","Active Listings","","No","","","Single Row | Prime Location | Unbeatable Price","Dubai Properties","NULL"
"24795763","2025-12-12 00:00:00","Mudon","Al Ranim","Al Ranim 3","","","260000","260000","102","1097.93","2549","236.78","Townhouse","4","","","","","2986","277.43","","G+1","","2025-12-12 00:00:00","Active Listings","","No","","","Spacious | Brand New | Ready To Move","Dubai Properties","NULL"
"24796791","2025-12-12 00:00:00","Mudon","Al Ranim","Al Ranim 2","","","245000","245000","96","1034.58","2549","236.78","Townhouse","4","","","","","2678","248.84","","G+1","","2025-12-12 00:00:00","Active Listings","","No","","","Park Facing | Prime Location | 4Br+Maid","Dubai Properties","NULL"
"24794500","2025-12-12 00:00:00","Mudon","Al Ranim","Al Ranim 2","","","245000","245000","96","1034.72","2549","236.78","Townhouse","4","","","","","2793","259.46","","G+1","","2025-12-12 00:00:00","Active Listings","","No","","","Newly Handed Over | Elegant Villa | Open Kitchen | Bright Interiors","Dubai Properties","NULL"
"24794756","2025-12-12 00:00:00","Mudon","Al Ranim","Al Ranim 3","","","190000","190000","86","922.46","2217","206","Townhouse","3","","","","","1830","170.03","","G+1","","2025-12-12 00:00:00","Active Listings","","No","","","Ideal Family Home with Maids Room | Spacious","Dubai Properties","NULL"
"24796588","2025-12-12 00:00:00","Mudon","Al Ranim","Al Ranim 3","","","180000","180000","81","873.91","2217","206","Townhouse","3","","","","","1830","170.03","","G+1","","2025-12-12 00:00:00","Active Listings","","No","","","Ready to Move | Big Layout | Good Location","Dubai Properties","NULL"
"24795623","2025-12-12 00:00:00","Mudon","Al Ranim","Al Ranim 3","","","190000","190000","86","922.33","2217","206","Townhouse","3","","","","","0","0","","G+1","","2025-12-12 00:00:00","Active Listings","","No","","","Spacious Layout | Brand New | Park Backing","Dubai Properties","NULL"
"24795370","2025-12-12 00:00:00","Mudon","Al Ranim","Al Ranim 2","","","190000","190000","86","922.33","2217","206","Townhouse","3","","","","","1813","168.46","","G+1","","2025-12-12 00:00:00","Active Listings","","","","","Brand New | Ready to Move | Good Location","Dubai Properties","NULL"
"24795633","2025-12-12 00:00:00","Mudon","Al Ranim","Al Ranim 3","","","250000","250000","98","1055.7","2549","236.78","Townhouse","4","","","","","3257","302.59","","G+1","","2025-12-12 00:00:00","Active Listings","","No","","","Spacious I Ready To Move In I Prime Location","Dubai Properties","NULL"
"24793600","2025-12-11 00:00:00","Mudon","Al Ranim","Al Ranim 3","","","305000","305000","102","1102.28","2978","276.7","Townhouse","4","","","","","2656","246.74","","G+2","","2025-12-11 00:00:00","Active Listings","","","","","ELEGANT 4BR VILLA l G + 2F l INTERNAL UNIT l UNFURNISHED","Dubai Properties","NULL"
"24793134","2025-12-11 00:00:00","Mudon","Al Ranim","Al Ranim 1","","","180000","180000","81","873.91","2217","206","Townhouse","3","","","","","1872","173.93","","G+1","","2025-12-11 00:00:00","Active Listings","","No","","","3 Bed | Prime Location | On Park","Dubai Properties","NULL"
"24793393","2025-12-11 00:00:00","Mudon","Al Ranim","Al Ranim 2","","","270000","270000","106","1140.15","2549","236.78","Townhouse","4","","","","","2667","247.75","","G+1","","2025-12-11 00:00:00","Active Listings","","No","","","G+1 | Best Price | On the Park","Dubai Properties","NULL"
"24791350","2025-12-11 00:00:00","Mudon","Al Ranim","Al Ranim 3","","","200000","200000","78","840.34","2567","238","Townhouse","3","","","","","0","0","","G+1","","2025-12-11 00:00:00","Active Listings","","No","","","Brand New | Spacious | Family Room + Maids Room","Dubai Properties","NULL"
"24793916","2025-12-11 00:00:00","Mudon","Al Ranim","Al Ranim 2","","","245000","245000","96","1034.58","2549","236.78","Townhouse","4","","","","","2728","253.41","","G+1","","2025-12-11 00:00:00","Active Listings","","No","","","Available for Rent| Brand New| Prime Location","Dubai Properties","NULL"
"24792637","2025-12-11 00:00:00","Mudon","Al Ranim","Al Ranim 3","","","180000","180000","81","873.91","2217","206","Townhouse","3","Community,Landscaped Garden","","","","1808","168","","G+1","","2025-12-11 00:00:00","Active Listings","","No","","","Ready to Move-in | Brand New | 3 Cheques","Dubai Properties","NULL"
"24793690","2025-12-11 00:00:00","Mudon","Al Ranim","Al Ranim 1","","","269999","269999","106","1140.29","2549","236.78","Townhouse","4","","","","","4112","382","","G+1","","2025-12-11 00:00:00","Active Listings","","No","","","BRAND NEW | LARGE PLOT | SINGLE ROW | UNFURNISHED","Dubai Properties","NULL"
"24793694","2025-12-11 00:00:00","Mudon","Al Ranim","Al Ranim 3","","","190000","190000","103","1104.65","1851","172","Townhouse","3","","","","","0","0","","G+1","","2025-12-11 00:00:00","Active Listings","","No","","","Brand New | Park Facing | 3 Beds + Maid's","Dubai Properties","NULL"
"24793702","2025-12-11 00:00:00","Mudon","Al Ranim","Al Ranim 2","","","185000","185000","83","898.06","2217","206","Townhouse","3","","","","","1808","168","","G+1","","2025-12-11 00:00:00","Active Listings","","No","","","Spacious Layout | Single Row | Close to Poll & Park","Dubai Properties","NULL"
"24791655","2025-12-11 00:00:00","Mudon","Al Ranim","Al Ranim 3","","","240000","240000","94","1013.6","2549","236.78","Townhouse","4","","","","","3112","289.1","","G+1","","2025-12-11 00:00:00","Active Listings","","","","","Single Row | Corner | L-Shaped Garden | Largest Plot | Smeg Kitchen","Dubai Properties","NULL"
"24327276","2025-12-11 00:00:00","Mudon","Al Ranim","Al Ranim 2","","","205000","215000","97","1043.84","2217","206","Townhouse","3","","","","","1813","168.46","","G+1","","2025-12-11 00:00:00","Active Listings","","No","","","Brand New | 3BR + Maids Room | Single Row","Dubai Properties",""
"24793712","2025-12-11 00:00:00","Mudon","Al Ranim","Al Ranim 3","","","260000","260000","94","1007.75","2776","258","Townhouse","4","","","","","0","0","","G+1","","2025-12-11 00:00:00","Active Listings","","No","","","4 BED + Maids | Corner Unit | Park Facing","Dubai Properties","NULL"
"24787606","2025-12-11 00:00:00","Mudon","Al Ranim","Al Ranim 2","","","170000","170000","77","825.24","2217","206","Townhouse","3","","","","N","1814","168.55","","G+1","","2026-12-10 00:00:00","Rental Contracts","","","","","","Dubai Properties","New"
"24783527","2025-12-11 00:00:00","Mudon","Al Ranim","Al Ranim 2","","","170000","170000","77","825.24","2217","206","Townhouse","3","Community","","","N","1814","168.55","","G+1","","2026-12-10 00:00:00","Rental Contracts","","","","","","Dubai Properties","New"
"24791730","2025-12-11 00:00:00","Mudon","Al Ranim","Al Ranim 3","","","230000","230000","85","916.33","2700","251","Townhouse","3","","","","","0","0","","G+1","","2025-12-11 00:00:00","Active Listings","","No","","","3 Bed G+2 | Brand new | Excellent location","Dubai Properties","NULL"
"24792257","2025-12-11 00:00:00","Mudon","Al Ranim","Al Ranim 2","","","205000","205000","93","995.15","2215","206","Townhouse","3","","","","","0","0","","G+1","","2025-12-11 00:00:00","Active Listings","","No","","","G+1 | Ready to Move In | Direct on Pool","Dubai Properties","NULL"
"24791500","2025-12-11 00:00:00","Mudon","Al Ranim","Al Ranim 3","","","180000","180000","81","873.91","2217","206","Townhouse","3","","","","","1830","170.03","","G+1","","2025-12-11 00:00:00","Active Listings","","No","","","Facing Park | Bright Unit | Multiple Options","Dubai Properties","NULL"
"24793040","2025-12-11 00:00:00","Mudon","Al Ranim","Al Ranim 3","","","199999","199999","90","971.01","2217","206","Townhouse","3","","","","","1832","170.19","","G+1","","2025-12-11 00:00:00","Active Listings","","No","","","Bright n Spacious Brand-New Villa | Prime Location","Dubai Properties","NULL"
"24793049","2025-12-11 00:00:00","Mudon","Al Ranim","Al Ranim 3","","","270000","270000","95","1018.87","2852","265","Townhouse","4","","","","","0","0","","G+1","","2025-12-11 00:00:00","Active Listings","","No","","","Big plot | Ready to move in | G+1","Dubai Properties","NULL"
"24792538","2025-12-11 00:00:00","Mudon","Al Ranim","Al Ranim 1","","","180000","180000","77","825.69","2344","218","Townhouse","3","","","","","0","0","","G+1","","2025-12-11 00:00:00","Active Listings","","No","","","Best Price | Spacious Layout | Great Community","Dubai Properties","NULL"
"24300768","2025-12-11 00:00:00","Mudon","Al Ranim","Al Ranim 2","","","240000","260000","102","1097.93","2549","236.78","Townhouse","4","","","","","2678","248.84","","G+1","","2025-12-11 00:00:00","Active Listings","","No","","","Brand New | 4 BR + Maid | Single Row| End Unit","Dubai Properties",""
"24749289","2025-12-11 00:00:00","Mudon","Al Ranim","Al Ranim 3","","","235000","250000","98","1055.83","2549","236.78","Townhouse","4","","","","","2740","254.55","","G+1","","2025-12-11 00:00:00","Active Listings","","No","","","Directly on the Park | Brand New 4BR | G+1","Dubai Properties","NULL"
"24792057","2025-12-11 00:00:00","Mudon","Al Ranim","Al Ranim 2","","","200000","200000","90","970.87","2217","206","Townhouse","3","","","","","1813","168.46","","G+1","","2025-12-11 00:00:00","Active Listings","","","","","3BR VILLA l G + 1 Floor l SINGLE ROW l NEAR TO PARK l UNFURNISHED","Dubai Properties","NULL"
"24793593","2025-12-11 00:00:00","Mudon","Al Ranim","Al Ranim 2","","","250000","250000","98","1055.83","2549","236.78","Townhouse","4","","","","","2793","259.46","","G+1","","2025-12-11 00:00:00","Active Listings","","No","","","Corner Unit | Single Row | Largest Plot | Vacant","Dubai Properties","NULL"
"24792831","2025-12-11 00:00:00","Mudon","Al Ranim","Al Ranim 3","","","310000","310000","104","1120.35","2978","276.7","Townhouse","4","","","","","2726","253.27","","G+2","","2025-12-11 00:00:00","Active Listings","","No","","","VILLA | G+2|RANIM 3| BRAND NEW| SPACIOUS| READY TO MOVE","Dubai Properties","NULL"
"24784129","2025-12-10 00:00:00","Mudon","Al Ranim","Al Ranim 3","","","180000","180000","83","900","2157","200","Townhouse","3","","","","","0","0","","G+1","","2025-12-10 00:00:00","Active Listings","","No","","","Brandnew | Prime Location | Exclusive","Dubai Properties","NULL"
"24783623","2025-12-10 00:00:00","Mudon","Al Ranim","Al Ranim 2","","","185000","185000","83","898.19","2217","206","Townhouse","3","","","","N","1831","170.13","","G+1","","2026-12-09 00:00:00","Rental Contracts","","","","","","Dubai Properties","New"
"24785718","2025-12-10 00:00:00","Mudon","Al Ranim","Al Ranim 2","","","200000","200000","90","970.87","2217","206","Townhouse","3","","","","","1813","168.46","","G+1","","2025-12-10 00:00:00","Active Listings","","No","","","VILLA | RANIM 2| BRAND NEW| SPACIOUS| READY TO MOVE","Dubai Properties","NULL"
"24785473","2025-12-10 00:00:00","Mudon","Al Ranim","Al Ranim 3","","","230000","230000","90","966.39","2567","238","Townhouse","3","","","","","0","0","","G+1","","2025-12-10 00:00:00","Active Listings","","No","","","G+2 | Direct On Park | Ready To Move In","Dubai Properties","NULL"
"24784972","2025-12-10 00:00:00","Mudon","Al Ranim","Al Ranim 1","","","229999","229999","90","971.36","2549","236.78","Townhouse","4","","","","","4112","382","","G+1","","2025-12-10 00:00:00","Active Listings","","No","","","Outstanding Brand New 4 Bed Corner, Sin Row, Ranim","Dubai Properties","NULL"
"24652880","2025-12-10 00:00:00","Mudon","Al Ranim","Al Ranim 3","","","264999","269999","106","1140.15","2549","236.78","Townhouse","4","","","","","3955","367.41","","G+1","","2025-12-10 00:00:00","Active Listings","","No","","","CLOSE TO ENTRY | NEW HANDOVER | PRIVACY | BIG PLOT","Dubai Properties","NULL"
"24784722","2025-12-10 00:00:00","Mudon","Al Ranim","Al Ranim 3","","","195000","195000","89","955.88","2200","204","Townhouse","3","","","","","0","0","","G+1","","2025-12-10 00:00:00","Active Listings","","No","","","Single Row | Spacious | Brand New","Dubai Properties","NULL"
"24784228","2025-12-10 00:00:00","Mudon","Al Ranim","Al Ranim 1","","","220000","220000","86","929.13","2549","236.78","Townhouse","4","","","","","2734","253.98","","G+1","","2025-12-10 00:00:00","Active Listings","","No","","","Single Row | Maids Room Included | Huge Layout","Dubai Properties","NULL"
"24784269","2025-12-10 00:00:00","Mudon","Al Ranim","Al Ranim 3","","","265000","265000","104","1119.18","2549","236.78","Townhouse","4","","","","","2986","277.43","","G+1","","2025-12-10 00:00:00","Active Listings","","No","","","Single Row I Walk In to the Park I Ready to Move","Dubai Properties","NULL"
"24784036","2025-12-10 00:00:00","Mudon","Al Ranim","Al Ranim 3","","","230000","230000","85","912.7","2717","252","Townhouse","3","","","","","0","0","","G+1","","2025-12-10 00:00:00","Active Listings","","No","","","Park Facing | Single Row | Brandnew","Dubai Properties","NULL"
"24568491","2025-12-10 00:00:00","Mudon","Al Ranim","Al Ranim 2","","","195000","195000","88","946.74","2217","206","Townhouse","3","","","","N","1808","168","","G+1","","2026-12-09 00:00:00","Rental Contracts","","","","","","Dubai Properties","New"
"24784304","2025-12-10 00:00:00","Mudon","Al Ranim","Al Ranim 1","","","310000","310000","117","1260.16","2645","246","Townhouse","4","","","","","0","0","","G+1","","2025-12-10 00:00:00","Active Listings","","No","","","Spacious 4BR | Ready to move | Prime Location","Dubai Properties","NULL"
"24785334","2025-12-10 00:00:00","Mudon","Al Ranim","Al Ranim 3","","","255000","255000","100","1076.81","2549","236.78","Townhouse","4","","","","","2717","252.38","","G+1","","2025-12-10 00:00:00","Active Listings","","No","","","4 Bed G+1 | Great location | Ready Now","Dubai Properties","NULL"
"24601036","2025-12-10 00:00:00","Mudon","Al Ranim","Al Ranim 3","","","225000","225000","88","943.12","2568","238.55","Townhouse","3","Community,Landscaped Garden,Distant Play Area","","","","1808","168.01","","G+2","","2025-12-10 00:00:00","Active Listings","","No","","","G+2 | Family Room | Park Facing | Brand New","Dubai Properties",""
"24785888","2025-12-10 00:00:00","Mudon","Al Ranim","Al Ranim 3","","","205000","205000","80","859.36","2568","238.55","Townhouse","3","","","","","1808","168.01","","G+2","","2025-12-10 00:00:00","Active Listings","","No","","","Park Backing | 3 Bed G+2 | Vacant","Dubai Properties","NULL"
"24784099","2025-12-10 00:00:00","Mudon","Al Ranim","Al Ranim 1","","","175000","175000","86","925.93","2031","189","Townhouse","3","","","","","0","0","","G+1","","2025-12-10 00:00:00","Active Listings","","No","","","Spacious 3 BR | Multiple Options | Ready to Move","Dubai Properties","NULL"
"24785635","2025-12-10 00:00:00","Mudon","Al Ranim","Al Ranim 3","","","200000","200000","90","970.87","2217","206","Townhouse","3","","","","","0","0","","G+1","","2025-12-10 00:00:00","Active Listings","","No","","","Single Row | Easy to view | Vacant","Dubai Properties","NULL"
"24783595","2025-12-10 00:00:00","Mudon","Al Ranim","Al Ranim 3","","","300000","300000","101","1084.32","2978","276.7","Townhouse","4","","","","N","2649","246.18","","G+2","","2026-12-09 00:00:00","Rental Contracts","","","","","","Dubai Properties","New"
"24784636","2025-12-10 00:00:00","Mudon","Al Ranim","Al Ranim 2","","","255000","255000","100","1076.95","2549","236.78","Townhouse","4","","","","","2863","265.96","","G+1","","2025-12-10 00:00:00","Active Listings","","No","","","Garden Unit in Gated Community","Dubai Properties","NULL"
"24777992","2025-12-09 00:00:00","Mudon","Al Ranim","Al Ranim 1","","","180000","180000","81","873.79","2217","206","Townhouse","3","","","","","1808","168","","G+1","","2025-12-09 00:00:00","Active Listings","","No","","","mudon al ranim 1 , 3 bed townhouse 0n park","Dubai Properties","NULL"
"24775695","2025-12-09 00:00:00","Mudon","Al Ranim","Al Ranim 3","","","199998","199998","90","970.86","2217","206","Townhouse","3","","","","","1809","168.04","","G+1","","2025-12-09 00:00:00","Active Listings","","No","","","G+1 | Greenbelt Backing | Brand New","Dubai Properties","NULL"
"24777504","2025-12-09 00:00:00","Mudon","Al Ranim","Al Ranim 3","","","245000","245000","96","1033.76","2549","237","Townhouse","4","","","","","0","0","","G+1","","2025-12-09 00:00:00","Active Listings","","No","","","Corner Townhouse | Brand New | Big Garden","Dubai Properties","NULL"
"24775457","2025-12-09 00:00:00","Mudon","Al Ranim","Al Ranim 3","","","200000","200000","111","1190.48","1808","168","Townhouse","3","","","","","0","0","","G+1","","2025-12-09 00:00:00","Active Listings","","No","","","Backing green belt / Close to main park/Negotiable","Dubai Properties","NULL"
"24775235","2025-12-09 00:00:00","Mudon","Al Ranim","Al Ranim 1","","","190000","190000","83","887.85","2300","214","Townhouse","3","","","","","0","0","","G+1","","2025-12-09 00:00:00","Active Listings","","No","","","Brand New | Single row | Full kitchen Appliances","Dubai Properties","NULL"
"24776517","2025-12-09 00:00:00","Mudon","Al Ranim","Al Ranim 3","","","200000","200000","90","971.02","2217","206","Townhouse","3","","","","","1953","181.46","","G+1","","2025-12-09 00:00:00","Active Listings","","No","","","Park Backing | 3 bedrooms | Vacant |","Dubai Properties","NULL"
"24777606","2025-12-09 00:00:00","Mudon","Al Ranim","Al Ranim 3","","","240000","240000","94","1013.47","2549","236.78","Townhouse","4","","","","","2710","251.76","","G+1","","2025-12-09 00:00:00","Active Listings","","No","","","Brand New , Single Row ,Vacant Now","Dubai Properties","NULL"
"24775572","2025-12-09 00:00:00","Mudon","Al Ranim","Al Ranim 3","","","195000","195000","88","946.6","2217","206","Townhouse","3","","","","","1810","168.12","","G+1","","2025-12-09 00:00:00","Active Listings","","No","","","Best View | Brand New | AR3 | Green Belt","Dubai Properties","NULL"
"24775845","2025-12-09 00:00:00","Mudon","Al Ranim","Al Ranim 1","","","200000","200000","90","970.87","2217","206","Townhouse","3","","","","","1808","168","","G+1","","2025-12-09 00:00:00","Active Listings","","No","","","Ready to Move-in | Direct Park Access | Brand New","Dubai Properties","NULL"
"24776642","2025-12-09 00:00:00","Mudon","Al Ranim","Al Ranim 2","","","200000","200000","90","970.87","2217","206","Townhouse","3","","","","","1813","168.46","","G+1","","2025-12-09 00:00:00","Active Listings","","No","","","Genuine Listing l Spacious 3BR Villa | Vacant | Prime Location in Al Hebiah","Dubai Properties","NULL"
"24776142","2025-12-09 00:00:00","Mudon","Al Ranim","Al Ranim 2","","","200000","200000","90","970.87","2215","206","Townhouse","3","","","","","0","0","","G+1","","2025-12-09 00:00:00","Active Listings","","No","","","G+1 | Multiple options | Direct on Park","Dubai Properties","NULL"
"24775383","2025-12-09 00:00:00","Mudon","Al Ranim","Al Ranim 1","","","230000","230000","90","971.37","2549","236.78","Townhouse","4","","","","","2734","253.98","","G+1","","2025-12-09 00:00:00","Active Listings","","","","","Corner Unit | Single Row | Large Plot | Next to Park","Dubai Properties","NULL"
"24777689","2025-12-09 00:00:00","Mudon","Al Ranim","Al Ranim 1","","","189999","189999","86","922.33","2217","206","Townhouse","3","","","","","1836","170.53","","G+1","","2025-12-09 00:00:00","Active Listings","","No","","","Brand new | Mudon Al Ranim 1 | 3 bedroom + maid’s","Dubai Properties","NULL"
"24776189","2025-12-09 00:00:00","Mudon","Al Ranim","Al Ranim 2","","","280000","280000","94","1011.93","2978","276.7","Townhouse","4","","","","","2700","250.86","","G+2","","2025-12-09 00:00:00","Active Listings","","","","","G + 2 Floor | On Pool and Park | Ready To Move In","Dubai Properties","NULL"
"23196708","2025-12-08 00:00:00","Mudon","Al Ranim","Al Ranim 1","","","200000","200000","90","971.02","2217","206","Townhouse","3","","","","","1808","168","","G+1","","2025-12-08 00:00:00","Active Listings","","No","","","Vacant 3 Bed I Single Row I Brand New I Park View","Dubai Properties",""
"24253496","2025-12-08 00:00:00","Mudon","Al Ranim","Al Ranim 2","","","225000","275000","107","1152.7","2568","238.55","Townhouse","3","","","","","1809","168.03","","G+2","","2025-12-08 00:00:00","Active Listings","","No","","","3BR+Maid | G+2 | Family Room | Opposite Pool and Park | Type 3B2","Dubai Properties",""
"24360680","2025-12-08 00:00:00","Mudon","Al Ranim","Al Ranim 2","","","200000","185000","83","898.06","2217","206","Townhouse","3","","","","","1808","168","","G+1","","2025-12-08 00:00:00","Active Listings","","No","","","Modern Family Living | Close to Pool | Brand New","Dubai Properties",""
"24763689","2025-12-07 00:00:00","Mudon","Al Ranim","Al Ranim 3","","","190000","190000","86","922.46","2217","206","Townhouse","3","","","","","1809","168.04","","G+1","","2025-12-07 00:00:00","Active Listings","","No","","","PRIME LOCATION | VANCANT | SINGLE ROW","Dubai Properties","NULL"
"24766511","2025-12-07 00:00:00","Mudon","Al Ranim","Al Ranim 3","","","230000","230000","90","962.34","2568","239","Townhouse","4","","","","","0","0","","G+1","","2025-12-07 00:00:00","Active Listings","","","","","Brand New | Fitted Appliances | Vacant","Dubai Properties","NULL"
"24765760","2025-12-07 00:00:00","Mudon","Al Ranim","Al Ranim 2","","","184990","184990","83","898.14","2217","206","Townhouse","3","","","","","1809","168.02","","G+1","","2025-12-07 00:00:00","Active Listings","","No","","","SINGLE ROW | BRAND NEW | READY TO MOVE","Dubai Properties","NULL"
"24746581","2025-12-07 00:00:00","Mudon","Al Ranim","Al Ranim 3","","","180000","180000","81","873.91","2217","206","Townhouse","3","","","","N","1808","168.02","","G+1","","2026-12-06 00:00:00","Rental Contracts","","","","","","Dubai Properties","New"
"24767086","2025-12-07 00:00:00","Mudon","Al Ranim","Al Ranim 1","","","220000","220000","122","1309.52","1808","168","Townhouse","3","","","","","0","0","","G+1","","2025-12-07 00:00:00","Active Listings","","No","","","On Green Belt | 3 beds G+2 | Brand New","Dubai Properties","NULL"
"24763526","2025-12-07 00:00:00","Mudon","Al Ranim","Al Ranim 3","","","190000","190000","86","922.46","2217","206","Townhouse","3","","","","","1809","168.04","","G+1","","2025-12-07 00:00:00","Active Listings","","No","","","PRIME LOCATION | VACANT | SINGLE ROW","Dubai Properties","NULL"
"24629466","2025-12-07 00:00:00","Mudon","Al Ranim","Al Ranim 2","","","240000","240000","94","1013.47","2549","236.78","Townhouse","4","","","","","2793","259.46","","G+1","","2025-12-07 00:00:00","Active Listings","","No","","","G+1 | Close to Pool and Park | Multiple Option","Dubai Properties",""
"24765922","2025-12-07 00:00:00","Mudon","Al Ranim","Al Ranim 3","","","225000","225000","88","943.2","2568","238.55","Townhouse","3","","","","","1808","168.01","","G+2","","2025-12-07 00:00:00","Active Listings","","No","","","G+2| BRAND NEW| SPACIOUS| PERFECT LOCATION","Dubai Properties","NULL"
"24767214","2025-12-07 00:00:00","Mudon","Al Ranim","Al Ranim 3","","","200000","200000","90","971.02","2217","206","Townhouse","3","","","","","1808","168","","G+1","","2025-12-07 00:00:00","Active Listings","","No","","","Single Row || 3BR + Maid || Green Belt","Dubai Properties","NULL"
"24748045","2025-12-06 00:00:00","Mudon","Al Ranim","Al Ranim 2","","","187999","187999","85","912.62","2217","206","Townhouse","3","","","","","1814","168.55","","G+1","","2025-12-06 00:00:00","Active Listings","","No","","","3 bed | best ammenities | spacious","Dubai Properties","NULL"
"24783636","2025-12-06 00:00:00","Mudon","Al Ranim","Al Ranim 3","","","185000","185000","83","898.06","2217","206","Townhouse","3","","","","N","2053","190.79","","G+1","","2026-12-05 00:00:00","Rental Contracts","","","","","","Dubai Properties","New"
"24757560","2025-12-06 00:00:00","Mudon","Al Ranim","Al Ranim 2","","","270000","270000","106","1140.15","2549","236.78","Townhouse","4","","","","","4177","388.06","","G+1","","2025-12-06 00:00:00","Active Listings","","No","","","Modern 4BR + Maid | Rare Corner Unit","Dubai Properties","NULL"
"24761917","2025-12-06 00:00:00","Mudon","Al Ranim","Al Ranim 3","","","190000","190000","86","922.33","2217","206","Townhouse","3","","","","","1830","170.03","","G+1","","2025-12-06 00:00:00","Active Listings","","No","","","Vacant | Quiet Road | Park Facing | 3 Beds","Dubai Properties","NULL"
"24762470","2025-12-06 00:00:00","Mudon","Al Ranim","Al Ranim 3","","","230000","230000","90","964.16","2568","238.55","Townhouse","3","","","","","1808","168.01","","G+2","","2025-12-06 00:00:00","Active Listings","","","","","Close to Park | Brand New | Green Belt Backing | G+2","Dubai Properties","NULL"
"24762220","2025-12-06 00:00:00","Mudon","Al Ranim","Al Ranim 3","","","190000","190000","86","922.33","2217","206","Townhouse","3","","","","","0","0","","G+1","","2025-12-06 00:00:00","Active Listings","","No","","","On The Park | Brand New | Ready To Move In","Dubai Properties","NULL"
"24783479","2025-12-06 00:00:00","Mudon","Al Ranim","Al Ranim 2","","","210000","210000","82","887.12","2548","236.78","Townhouse","4","Community,Walkway,Road,Construction","","","N","2699","250.75","","G+1","","2026-12-05 00:00:00","Rental Contracts","","","","","","Dubai Properties","New"
"24763005","2025-12-06 00:00:00","Mudon","Al Ranim","Al Ranim 1","","","240000","240000","82","888.89","2910","270","Townhouse","4","","","","","0","0","","G+1","","2025-12-06 00:00:00","Active Listings","","No","","","4 BED + Maids | Corner Unit | Big Plot size","Dubai Properties","NULL"
"24757642","2025-12-06 00:00:00","Mudon","Al Ranim","Al Ranim 2","","","230000","230000","90","971.37","2549","236.78","Townhouse","4","","","","","2793","259.46","","G+1","","2025-12-06 00:00:00","Active Listings","","No","","","SINGLE ROW | CORNER UNIT | 4BED+MAID","Dubai Properties","NULL"
"24757150","2025-12-06 00:00:00","Mudon","Al Ranim","Al Ranim 3","","","230000","230000","90","971.37","2549","236.78","Townhouse","4","","","","","2643","245.54","","G+1","","2025-12-06 00:00:00","Active Listings","","No","","","MULTIPLE UNITS | READY TO MOVE | CLOSE TO PARK","Dubai Properties","NULL"
"24762785","2025-12-06 00:00:00","Mudon","Al Ranim","Al Ranim 3","","","190000","190000","86","922.33","2217","206","Townhouse","3","","","","","1808","168","","G+1","","2025-12-06 00:00:00","Active Listings","","No","","","Brand New 3BR | Park Backing | Green Belt","Dubai Properties","NULL"
"24762532","2025-12-06 00:00:00","Mudon","Al Ranim","Al Ranim 2","","","240000","240000","77","830.45","3111","289","Townhouse","4","","","","","0","0","","G+1","","2025-12-06 00:00:00","Active Listings","","No","","","Park Facing | Brand New | Prime Location","Dubai Properties","NULL"
"24762031","2025-12-06 00:00:00","Mudon","Al Ranim","Al Ranim 3","","","190000","190000","86","922.33","2220","206","Townhouse","3","","","","","0","0","","G+1","","2025-12-06 00:00:00","Active Listings","","No","","","Green Belt Backing | Great location | 3 Bed G+1","Dubai Properties","NULL"
"24762331","2025-12-06 00:00:00","Mudon","Al Ranim","Al Ranim 3","","","239999","239999","93","1006.07","2568","238.55","Townhouse","3","","","","","1808","168.01","","G+2","","2025-12-06 00:00:00","Active Listings","","No","","","G+2 | Vacant; Ready to Move In | Family Home","Dubai Properties","NULL"
"24762078","2025-12-06 00:00:00","Mudon","Al Ranim","Al Ranim 3","","","270000","270000","106","1140.15","2549","236.78","Townhouse","4","","","","","2867","266.39","","G+1","","2025-12-06 00:00:00","Active Listings","","No","","","Super Corner 4 BR Family Villa | Mudon Al Ranim 3","Dubai Properties","NULL"
"24762603","2025-12-06 00:00:00","Mudon","Al Ranim","Al Ranim 3","","","230000","230000","90","964.08","2568","238.55","Townhouse","3","Community,Landscaped Garden,Distant Play Area","","","","1808","168.01","","G+2","","2025-12-06 00:00:00","Active Listings","","No","","","Available Mid December| Rare 3 Bed G+2 Unit |Maids","Dubai Properties","NULL"
"24762353","2025-12-06 00:00:00","Mudon","Al Ranim","Al Ranim 1","","","240000","240000","94","1013.47","2549","236.78","Townhouse","4","Community,Road","","","","2927","271.94","","G+1","","2025-12-06 00:00:00","Active Listings","","No","","","Vacant | Private Location | Spacious","Dubai Properties","NULL"
"24755223","2025-12-05 00:00:00","Mudon","Al Ranim","Al Ranim 3","","","260000","260000","102","1098.07","2549","236.78","Townhouse","4","","","","","2852","264.96","","G+1","","2025-12-05 00:00:00","Active Listings","","No","","","Type G+1 | Next to Park and Entrance | Brand New","Dubai Properties","NULL"
"24749088","2025-12-05 00:00:00","Mudon","Al Ranim","Al Ranim 3","","","255000","255000","100","1076.95","2549","236.78","Townhouse","4","","","","","2710","251.76","","G+1","","2025-12-05 00:00:00","Active Listings","","No","","","Landscaped Corner Unit | Upgraded 4BR+M","Dubai Properties","NULL"
"24748833","2025-12-05 00:00:00","Mudon","Al Ranim","Al Ranim 3","","","189000","189000","85","917.61","2217","206","Townhouse","3","","","","","1808","168.01","","G+1","","2025-12-05 00:00:00","Active Listings","","No","","","Spacious 3BR| Prime Location | View Now","Dubai Properties","NULL"
"24722473","2025-12-05 00:00:00","Mudon","Al Ranim","Al Ranim 1","","","175000","175000","79","849.64","2217","206","Townhouse","3","","","","N","1865","173.32","","G+1","","2026-12-04 00:00:00","Rental Contracts","","","","","","Dubai Properties","New"
"24755022","2025-12-05 00:00:00","Mudon","Al Ranim","Al Ranim 2","","","210000","210000","95","1019.42","2217","206","Townhouse","3","","","","","0","0","","G+1","","2025-12-05 00:00:00","Active Listings","","No","","","Close To Lagoon | Park Facing | Vacant Now","Dubai Properties","NULL"
"24756582","2025-12-05 00:00:00","Mudon","Al Ranim","Al Ranim 1","","","249999","249999","98","1055.83","2549","236.78","Townhouse","4","","","","","2734","253.98","","G+1","","2025-12-05 00:00:00","Active Listings","","No","","","Corner Plot | Vastu | 4BR G+1 | Prime Location","Dubai Properties","NULL"
"24748677","2025-12-05 00:00:00","Mudon","Al Ranim","Al Ranim 3","","","360000","360000","121","1301.19","2978","276.7","Townhouse","4","","","","","2653","246.46","","G+2","","2025-12-05 00:00:00","Active Listings","","No","","","G+2 | Multiple Options | Prime Location","Dubai Properties","NULL"
"24756134","2025-12-05 00:00:00","Mudon","Al Ranim","Al Ranim 3","","","230000","230000","90","962.34","2568","239","Townhouse","3","","","","","0","0","","G+1","","2025-12-05 00:00:00","Active Listings","","Yes","","","Brand New | Excellent Location | Family Orientated","Dubai Properties","NULL"
"24756391","2025-12-05 00:00:00","Mudon","Al Ranim","Al Ranim 3","","","335000","335000","112","1210.7","2978","276.7","Townhouse","4","","","","","2726","253.27","","G+2","","2025-12-05 00:00:00","Active Listings","","No","","","G+2 | Brand New 4BR | Fitted Appliances","Dubai Properties","NULL"
"24660145","2025-12-05 00:00:00","Mudon","Al Ranim","Al Ranim 2","","","187999","181999","82","883.49","2217","206","Townhouse","3","","","","","1814","168.55","","G+1","","2025-12-05 00:00:00","Active Listings","","No","","","Well Maintained | Bright | Easy Access","Dubai Properties","NULL"
"24754894","2025-12-05 00:00:00","Mudon","Al Ranim","Al Ranim 1","","","199999","199999","90","971.01","2217","206","Townhouse","3","","","","","1845","171.41","","G+1","","2025-12-05 00:00:00","Active Listings","","","","","Brand New | Walkable to Park | Ready to Move In","Dubai Properties","NULL"
"24755450","2025-12-05 00:00:00","Mudon","Al Ranim","Al Ranim 1","","","215000","215000","119","1279.76","1808","168","Townhouse","3","","","","","0","0","","G+1","","2025-12-05 00:00:00","Active Listings","","No","","","Direct park access | Ready to move | G+1","Dubai Properties","NULL"
"24749822","2025-12-05 00:00:00","Mudon","Al Ranim","Al Ranim 3","","","220000","220000","86","922.24","2568","238.55","Townhouse","3","","","","","1808","168.01","","G+2","","2025-12-05 00:00:00","Active Listings","","","","","Single Row | G+2 | Park Facing | Modern Elegance","Dubai Properties","NULL"
"23322369","2025-12-04 00:00:00","Mudon","Al Ranim","Al Ranim 1","","","180000","190000","86","922.33","2217","206","Townhouse","3","","","","","1866","173.37","","G+1","","2025-12-04 00:00:00","Active Listings","","No","","","3 Bed G+1 | Brand New | Internal Rd Backing","Dubai Properties",""
"24372234","2025-12-04 00:00:00","Mudon","Al Ranim","Al Ranim 2","","","200000","200000","90","970.87","2217","206","Townhouse","3","Community,Swimming Pool,Park","","","","1808","168","","G+1","","2025-12-04 00:00:00","Active Listings","","No","","","Single Row,Facing Park,Multiple Options Available","Dubai Properties",""
"24748315","2025-12-04 00:00:00","Mudon","Al Ranim","Al Ranim 1","","","250000","250000","98","1055.83","2549","236.78","Townhouse","4","","","","","2599","241.49","","G+1","","2025-12-04 00:00:00","Active Listings","","No","","","Spacious Villa | Prime Location | Read to Move In","Dubai Properties","NULL"
"24135209","2025-12-04 00:00:00","Mudon","Al Ranim","Al Ranim 2","","","280000","300000","101","1084.21","2978","276.7","Townhouse","4","","","","","2700","250.86","","G+2","","2025-12-04 00:00:00","Active Listings","","","","","G + 2 Floor | On Pool and Park | Ready To Move In","Dubai Properties",""
"24749618","2025-12-04 00:00:00","Mudon","Al Ranim","Al Ranim 3","","","230000","230000","79","851.85","2910","270","Townhouse","4","","","","","0","0","","G+1","","2025-12-04 00:00:00","Active Listings","","No","","","4 BED | Newly Handed Over | On Park","Dubai Properties","NULL"
"24742255","2025-12-04 00:00:00","Mudon","Al Ranim","Al Ranim 2","","","240000","240000","94","1013.6","2548","236.78","Townhouse","4","Community,Walkway,Road","","","N","2867","266.37","Type 4B1","G+1","","2026-12-03 00:00:00","Rental Contracts","","","","","","Dubai Properties","New"
"24748155","2025-12-04 00:00:00","Mudon","Al Ranim","Al Ranim 3","","","189999","189999","74","794.97","2568","239","Townhouse","3","","","","","0","0","","G+1","","2025-12-04 00:00:00","Active Listings","","No","","","Brand New | Appliances Included | Prime Location","Dubai Properties","NULL"
"24369809","2025-12-04 00:00:00","Mudon","Al Ranim","Al Ranim 2","","","270000","330000","129","1393.52","2549","236.78","Townhouse","4","","","","","2583","239.99","","G+1","","2025-12-04 00:00:00","Active Listings","","No","","","Brand new 4BR Villa| New Handover| Kitchen Appliances","Dubai Properties",""
"24749473","2025-12-04 00:00:00","Mudon","Al Ranim","Al Ranim 1","","","250000","250000","98","1055.7","2549","237","Townhouse","4","","","","","0","0","","G+1","","2025-12-04 00:00:00","Active Listings","","No","","","Single Row | Park Facing | Landscaped Garden","Dubai Properties","NULL"
"24748707","2025-12-04 00:00:00","Mudon","Al Ranim","Al Ranim 1","","","250000","250000","87","939.85","2864","266","Townhouse","4","","","","","0","0","","G+1","","2025-12-04 00:00:00","Active Listings","","No","","","G+1 | Multiple Options Available | Corner Unit","Dubai Properties","NULL"
"24748729","2025-12-04 00:00:00","Mudon","Al Ranim","Al Ranim 1","","","250000","250000","97","1041.02","2585","240","Townhouse","4","","","","","0","0","","G+1","","2025-12-04 00:00:00","Active Listings","","No","","","4 bed | best ammenities | spacious","Dubai Properties","NULL"
"24747962","2025-12-04 00:00:00","Mudon","Al Ranim","Al Ranim 3","","","200000","200000","90","971.02","2217","206","Townhouse","3","","","","","1810","168.12","","G+1","","2025-12-04 00:00:00","Active Listings","","No","","","Best View | Brand New | AR3 | Green Belt","Dubai Properties","NULL"
"24749754","2025-12-04 00:00:00","Mudon","Al Ranim","Al Ranim 1","","","190000","190000","86","922.33","2217","206","Townhouse","3","","","","","0","0","","G+1","","2025-12-04 00:00:00","Active Listings","","No","","","3 Bedroom | Brand New | Opposite Pool and Park","Dubai Properties","NULL"
"24748225","2025-12-04 00:00:00","Mudon","Al Ranim","Al Ranim 3","","","240000","240000","93","1006.08","2568","238.55","Townhouse","3","","","","","1808","168.01","","G+2","","2025-12-04 00:00:00","Active Listings","","No","","","Al ranim 3 | G+2 | Additional Family Room","Dubai Properties","NULL"
"24748233","2025-12-04 00:00:00","Mudon","Al Ranim","Al Ranim 2","","","220000","220000","100","1073.17","2211","205","Townhouse","3","","","","","0","0","","G+1","","2025-12-04 00:00:00","Active Listings","","No","","","Brand New | Kitchen Appliances Included | 3BR+Maid","Dubai Properties","NULL"
"24748500","2025-12-04 00:00:00","Mudon","Al Ranim","Al Ranim 1","","","185999","185999","84","902.91","2217","206","Townhouse","3","","","","","1808","168","","G+1","","2025-12-04 00:00:00","Active Listings","","No","","","Unfurnished 3BR| Bright and Natural | Call Now","Dubai Properties","NULL"
"24748005","2025-12-04 00:00:00","Mudon","Al Ranim","Al Ranim 3","","","245000","245000","96","1034.72","2549","236.78","Townhouse","4","","","","","2754","255.83","","G+1","","2025-12-04 00:00:00","Active Listings","","No","","","Brand New 4 Beds Park Facing Ready To Move","Dubai Properties","NULL"
"24749545","2025-12-04 00:00:00","Mudon","Al Ranim","Al Ranim 1","","","185000","185000","83","898.06","2217","206","Townhouse","3","","","","","0","0","","G+1","","2025-12-04 00:00:00","Active Listings","","No","","","Keys on Hand | Great Location | Brand New","Dubai Properties","NULL"
"24748013","2025-12-04 00:00:00","Mudon","Al Ranim","Al Ranim 3","","","190000","190000","86","922.46","2217","206","Townhouse","3","","","","","2158","200.49","","G+1","","2025-12-04 00:00:00","Active Listings","","No","","","Close To Park | Ready To Move In | Brand New","Dubai Properties","NULL"
"24748791","2025-12-04 00:00:00","Mudon","Al Ranim","Al Ranim 3","","","205000","205000","112","1204.47","1832","170","Townhouse","3","","","","","0","0","","G+1","","2025-12-04 00:00:00","Active Listings","","No","","","Bright n Spacious Brand New Villa | Prime Location","Dubai Properties","NULL"
"24740714","2025-12-03 00:00:00","Mudon","Al Ranim","Al Ranim 3","","","185000","185000","83","898.06","2217","206","Townhouse","3","","","","","1842","171.17","","G+1","","2025-12-03 00:00:00","Active Listings","","No","","","3 BR Villa | Ready to Move In | Unfurnished","Dubai Properties","NULL"
"24745461","2025-12-03 00:00:00","Mudon","Al Ranim","Al Ranim 1","","","170000","170000","77","825.24","2217","206","Townhouse","3","","","","N","1866","173.37","","G+1","","2026-12-02 00:00:00","Rental Contracts","","","","","","Dubai Properties","New"
"24582660","2025-12-01 00:00:00","Mudon","Al Ranim","Al Ranim 3","","","173000","173000","78","839.93","2217","206","Townhouse","3","","","","N","1964","182.52","","G+1","","2026-11-30 00:00:00","Rental Contracts","","","","","","Dubai Properties","New"
"24746760","2025-12-01 00:00:00","Mudon","Al Ranim","Al Ranim 2","","","185000","185000","83","898.19","2217","206","Townhouse","3","","","","N","1808","168","","G+1","","2026-11-30 00:00:00","Rental Contracts","","","","","","Dubai Properties","New"
"24657424","2025-12-01 00:00:00","Mudon","Al Ranim","Al Ranim 3","","","190000","190000","86","922.46","2217","206","Townhouse","3","","","","N","1808","168.01","","G+1","","2026-11-30 00:00:00","Rental Contracts","","","","","","Dubai Properties","New"
"24737566","2025-12-01 00:00:00","Mudon","Al Ranim","","","","290000","290000","97","1046.93","2978","277","Townhouse","4","","","","","0","0","","G+1","","2025-12-01 00:00:00","Active Listings","","No","","","A PERFECT HOME | PARK FACING | BRAND NEW | 4BR+M+F","Dubai Properties","NULL"
"24917575","2025-12-01 00:00:00","Mudon","Al Ranim","Al Ranim 2","","","180000","180000","81","873.91","2217","206","Townhouse","3","","","","N","1840","170.98","Type 3B1","G+1","","2026-11-30 00:00:00","Rental Contracts","","","","","","Dubai Properties","New"
"24746570","2025-12-01 00:00:00","Mudon","Al Ranim","Al Ranim 3","","","185000","185000","83","898.06","2217","206","Townhouse","3","","","","N","2201","204.57","","G+1","","2026-11-30 00:00:00","Rental Contracts","","","","","","Dubai Properties","New"
"24746576","2025-12-01 00:00:00","Mudon","Al Ranim","Al Ranim 1","","","235000","235000","92","992.73","2548","236.78","Townhouse","4","","","","N","2920","271.29","","G+1","","2026-11-30 00:00:00","Rental Contracts","","","","","","Dubai Properties","New"
"24663892","2025-12-01 00:00:00","Mudon","Al Ranim","Al Ranim 2","","","190000","190000","74","796.71","2567","238.55","Townhouse","3","","","","N","1879","174.58","","G+2","","2026-11-30 00:00:00","Rental Contracts","","","","","","Dubai Properties","New"
"24662358","2025-12-01 00:00:00","Mudon","Al Ranim","Al Ranim 2","","","170000","170000","77","825.36","2217","206","Townhouse","3","","","","N","1811","168.29","","G+1","","2026-11-30 00:00:00","Rental Contracts","","","","","","Dubai Properties","New"
"24649563","2025-12-01 00:00:00","Mudon","Al Ranim","Al Ranim 2","","","175000","175000","79","849.64","2217","206","Townhouse","3","","","","N","1814","168.54","","G+1","","2026-11-30 00:00:00","Rental Contracts","","","","","","Dubai Properties","New"
"24753762","2025-12-01 00:00:00","Mudon","Al Ranim","Al Ranim 1","","","215000","215000","84","908.25","2548","236.78","Townhouse","4","","","","N","2704","251.23","","G+1","","2026-11-30 00:00:00","Rental Contracts","","","","","","Dubai Properties","New"
"24587397","2025-12-01 00:00:00","Mudon","Al Ranim","Al Ranim 1","","","255000","255000","100","1077.22","2548","236.78","Townhouse","4","","","","N","3501","325.29","","G+1","","2026-11-30 00:00:00","Rental Contracts","","","","","","Dubai Properties","New"
"24656266","2025-12-01 00:00:00","Mudon","Al Ranim","Al Ranim 3","","","180000","180000","81","873.91","2217","206","Townhouse","3","","","","N","1808","168.01","","G+1","","2026-11-30 00:00:00","Rental Contracts","","","","","","Dubai Properties","New"
"24733069","2025-12-01 00:00:00","Mudon","Al Ranim","Al Ranim 2","","","220000","220000","99","1067.96","2217","206","Townhouse","3","","","","","1990","184.9","","G+1","","2025-12-01 00:00:00","Active Listings","","No","","","Spacious Townhouse | 3 BR + Maids | Unfurnished","Dubai Properties","NULL"
"24551821","2025-12-01 00:00:00","Mudon","Al Ranim","Al Ranim 2","","","190000","190000","86","922.33","2217","206","Townhouse","3","","","","N","1808","168","","G+1","","2026-11-30 00:00:00","Rental Contracts","","","","","","Dubai Properties","New"
"24589468","2025-12-01 00:00:00","Mudon","Al Ranim","Al Ranim 2","","","250000","250000","84","903.6","2978","276.7","Townhouse","4","Community,Greenbelt","","","N","2672","248.32","","G+2","","2026-11-30 00:00:00","Rental Contracts","","","","","","Dubai Properties","New"
"23298985","2025-12-01 00:00:00","Mudon","Al Ranim","Al Ranim 1","","","210000","210000","95","1019.57","2217","206","Townhouse","3","","","","","1902","176.74","","G+1","","2025-12-01 00:00:00","Active Listings","","No","","","New Community / Vacant / Spacious layout","Dubai Properties",""
"24737970","2025-12-01 00:00:00","Mudon","Al Ranim","Al Ranim 3","","","290000","290000","97","1046.93","2978","277","Townhouse","4","","","","","0","0","","G+1","","2025-12-01 00:00:00","Active Listings","","No","","","BRAND NEW PARK-FACING HOME | 4BR + MAID + FAMILY ROOM","Dubai Properties","NULL"
"24636852","2025-12-01 00:00:00","Mudon","Al Ranim","Al Ranim 1","","","170000","170000","77","825.24","2217","206","Townhouse","3","","","","N","1808","168.01","","G+1","","2026-11-30 00:00:00","Rental Contracts","","","","","","Dubai Properties","New"
"24628426","2025-12-01 00:00:00","Mudon","Al Ranim","Al Ranim 2","","","245000","255000","100","1076.81","2549","236.78","Townhouse","4","Community,Road,Walkway,Landscaped Garden","","","","2767","257.05","","G+1","","2025-12-01 00:00:00","Active Listings","","No","","","Brand New | Next To Park | Multiple Cheques","Dubai Properties",""
"24746707","2025-12-01 00:00:00","Mudon","Al Ranim","Al Ranim 2","","","175000","175000","79","849.64","2217","206","Townhouse","3","","","","N","1812","168.41","","G+1","","2026-11-30 00:00:00","Rental Contracts","","","","","","Dubai Properties","New"
"24746727","2025-12-01 00:00:00","Mudon","Al Ranim","Al Ranim 3","","","200000","200000","90","971.02","2217","206","Townhouse","3","","","","N","1808","168.01","","G+1","","2026-11-30 00:00:00","Rental Contracts","","","","","","Dubai Properties","New"
"24732916","2025-12-01 00:00:00","Mudon","Al Ranim","Al Ranim 2","","","190000","190000","86","922.46","2217","206","Townhouse","3","","","","","1808","168","","G+1","","2025-12-01 00:00:00","Active Listings","","Yes","","","Best Location | Park View | Close to Amenities","Dubai Properties","NULL"
"24551766","2025-11-30 00:00:00","Mudon","Al Ranim","Al Ranim 2","","","220000","220000","86","922.24","2567","238.55","Townhouse","3","","","","N","1808","168.03","","G+2","","2026-11-29 00:00:00","Rental Contracts","","","","","","Dubai Properties","New"
"24736378","2025-11-30 00:00:00","Mudon","Al Ranim","Al Ranim 3","","","240000","240000","93","1006.08","2568","238.55","Townhouse","3","","","","","1808","168.01","","G+2","","2025-11-30 00:00:00","Active Listings","","No","","","G+2 | Fitted Kitchen | Near Park | Maids","Dubai Properties","NULL"
"24736124","2025-11-30 00:00:00","Mudon","Al Ranim","Al Ranim 3","","","240000","240000","93","1006.08","2568","238.55","Townhouse","3","","","","","1808","168.01","","G+2","","2025-11-30 00:00:00","Active Listings","","Yes","","","3-Bedroom + Maid | Single Row | Private garden","Dubai Properties","NULL"
"24735628","2025-11-30 00:00:00","Mudon","Al Ranim","Al Ranim 3","","","200000","200000","90","971.02","2217","206","Townhouse","3","","","","","1808","168","","G+1","","2025-11-30 00:00:00","Active Listings","","No","","","Modern 3BR Home | Prime Location in Mudon Ranim 3","Dubai Properties","NULL"
"24736426","2025-11-30 00:00:00","Mudon","Al Ranim","Al Ranim 2","","","185000","185000","83","898.19","2217","206","Townhouse","3","","","","","1814","168.51","","G+1","","2025-11-30 00:00:00","Active Listings","","No","","","Ranim Ready To Move 3 Beds Very Close From Park","Dubai Properties","NULL"
"24736430","2025-11-30 00:00:00","Mudon","Al Ranim","Al Ranim 2","","","180000","180000","81","873.91","2217","206","Townhouse","3","","","","","1814","168.5","","G+1","","2025-11-30 00:00:00","Active Listings","","No","","","Ranim 2 Brand New 3 Bedrooms Ready To Move","Dubai Properties","NULL"
"24736198","2025-11-30 00:00:00","Mudon","Al Ranim","Al Ranim 3","","","235000","235000","85","910.85","2778","258","Townhouse","4","","","","","0","0","","G+1","","2025-11-30 00:00:00","Active Listings","","No","","","Spacious 4Bed+Maid Villa | G+1 | Prime Location","Dubai Properties","NULL"
"24735723","2025-11-30 00:00:00","Mudon","Al Ranim","","","","200000","200000","78","836.82","2568","239","Townhouse","3","","","","","0","0","","G+1","","2025-11-30 00:00:00","Active Listings","","No","","","MUDON AL RANIM 4 || G+2 || 3+FAMILY BHK || LIMITED UNIT || PARK & POOL FACING ||","Dubai Properties","NULL"
"24732940","2025-11-29 00:00:00","Mudon","Al Ranim","Al Ranim 1","","","185000","185000","83","898.19","2217","206","Townhouse","3","","","","","1992","185.04","","G+1","","2025-11-29 00:00:00","Active Listings","","No","","","Stunning 3 Bedroom | G plus 1 | Spacious Layout","Dubai Properties","NULL"
"24732434","2025-11-29 00:00:00","Mudon","Al Ranim","Al Ranim 3","","","245000","245000","95","1027.04","2568","238.55","Townhouse","3","","","","","1808","168.01","","G+2","","2025-11-29 00:00:00","Active Listings","","","","","Newly Handover | G+2 Layout | Ready to Move","Dubai Properties","NULL"
"24733472","2025-11-29 00:00:00","Mudon","Al Ranim","Al Ranim 1","","","180000","180000","81","873.91","2217","206","Townhouse","3","","","","","1821","169.13","","G+1","","2025-11-29 00:00:00","Active Listings","","No","","","Modern 3BR Home with Park View | Mudon","Dubai Properties","NULL"
"24733251","2025-11-29 00:00:00","Mudon","Al Ranim","Al Ranim 3","","","305000","305000","102","1102.28","2978","276.7","Townhouse","4","","","","","2656","246.74","","G+2","","2025-11-29 00:00:00","Active Listings","","No","","","G+2 | Brand New | Large Layout","Dubai Properties","NULL"
"24732753","2025-11-29 00:00:00","Mudon","Al Ranim","Al Ranim 1","","","190000","190000","102","1098.27","1866","173","Townhouse","3","","","","","0","0","","G+1","","2025-11-29 00:00:00","Active Listings","","No","","","Multiple Options | Brand New | Unfurnished","Dubai Properties","NULL"
"24660310","2025-11-29 00:00:00","Mudon","Al Ranim","Al Ranim 3","","","219999","219999","86","929.13","2549","236.78","Townhouse","4","","","","","2681","249.05","","G+1","","2025-11-29 00:00:00","Active Listings","","No","","","G+1 | Luxurious Villa | 4Br+Maid","Dubai Properties","NULL"
"24732789","2025-11-29 00:00:00","Mudon","Al Ranim","Al Ranim 2","","","240000","240000","94","1013.47","2549","236.78","Townhouse","4","","","","","2867","266.37","","G+1","","2025-11-29 00:00:00","Active Listings","","No","","","Corner Unit | Upgraded Garden | Next to Park","Dubai Properties","NULL"
"24732305","2025-11-29 00:00:00","Mudon","Al Ranim","Al Ranim 3","","","180000","180000","81","873.79","2217","206","Townhouse","3","","","","","0","0","","G+1","","2025-11-29 00:00:00","Active Listings","","No","","","Multiple Options | G+1 | Brand New","Dubai Properties","NULL"
"24732313","2025-11-29 00:00:00","Mudon","Al Ranim","Al Ranim 2","","","190000","190000","86","922.46","2217","206","Townhouse","3","","","","","1808","168","","G+1","","2025-11-29 00:00:00","Active Listings","","No","","","Cheapest in market | On the Park | Landscaped.","Dubai Properties","NULL"
"24746654","2025-11-29 00:00:00","Mudon","Al Ranim","Al Ranim 1","","","180000","180000","81","873.91","2217","206","Townhouse","3","","","","N","1865","173.28","","G+1","","2026-11-28 00:00:00","Rental Contracts","","","","","","Dubai Properties","New"
"24732589","2025-11-29 00:00:00","Mudon","Al Ranim","Al Ranim 3","","","240000","240000","93","1004.18","2568","239","Townhouse","3","","","","","0","0","","G+1","","2025-11-29 00:00:00","Active Listings","","No","","","3 Bed G+2 | Park Backing | Available Now","Dubai Properties","NULL"
"24746689","2025-11-29 00:00:00","Mudon","Al Ranim","Al Ranim 3","","","120000","120000","40","433.73","2978","276.7","Townhouse","4","","","","N","2722","252.89","","G+2","","2026-11-28 00:00:00","Rental Contracts","","","","","","Dubai Properties","New"
"24728259","2025-11-29 00:00:00","Mudon","Al Ranim","Al Ranim 3","","","219000","219000","85","917.97","2568","238.55","Townhouse","3","","","","","1808","168.01","","G+2","","2025-11-29 00:00:00","Active Listings","","No","","","BRAND NEW || READY TO MOVE || 3BED G+B2 TYPE","Dubai Properties","NULL"
"24645586","2025-11-29 00:00:00","Mudon","Al Ranim","Al Ranim 2","","","190000","190000","86","922.46","2217","206","Townhouse","3","","","","N","1808","168","","G+1","","2026-11-28 00:00:00","Rental Contracts","","","","","","Dubai Properties","New"
"24733690","2025-11-29 00:00:00","Mudon","Al Ranim","Al Ranim 2","","","250000","250000","98","1055.83","2549","236.78","Townhouse","4","","","","","2675","248.5","","G+1","","2025-11-29 00:00:00","Active Listings","","No","","","Brand New | On the Park | 4 Bedrooms + Maid","Dubai Properties","NULL"
"24733436","2025-11-29 00:00:00","Mudon","Al Ranim","Al Ranim 3","","","340000","340000","114","1228.77","2978","276.7","Townhouse","4","","","","","2653","246.46","","G+2","","2025-11-29 00:00:00","Active Listings","","No","","","Brand New|Park Facing CornerUnit|Ready in November","Dubai Properties","NULL"
"24732413","2025-11-29 00:00:00","Mudon","Al Ranim","Al Ranim 2","","","305000","305000","102","1102.28","2978","276.7","Townhouse","4","","","","","3468","322.22","","G+2","","2025-11-29 00:00:00","Active Listings","","No","","","4BR + Maid | Private Garden | Corner Home","Dubai Properties","NULL"
"24662023","2025-11-28 00:00:00","Mudon","Al Ranim","Al Ranim 2","","","240000","240000","94","1013.6","2548","236.78","Townhouse","4","","","","N","2998","278.53","","G+1","","2026-11-27 00:00:00","Rental Contracts","","","","","","Dubai Properties","New"
"24532507","2025-11-28 00:00:00","Mudon","Al Ranim","Al Ranim 3","","","210000","210000","95","1019.42","2217","206","Townhouse","3","","","","","2158","200.49","","G+1","","2025-11-28 00:00:00","Active Listings","","No","","","Single Row | Prime Location | Best Price","Dubai Properties",""
"24660773","2025-11-28 00:00:00","Mudon","Al Ranim","Al Ranim 3","","","350000","350000","118","1265.04","2978","276.7","Townhouse","4","","","","","2653","246.46","","G+2","","2025-11-28 00:00:00","Active Listings","","","","","BRANDNEW 4BR VILLA l SEMI-DETACHED CORNER UNIT l AVAILABLE","Dubai Properties","NULL"
"24726316","2025-11-28 00:00:00","Mudon","Al Ranim","Al Ranim 4","","","180000","180000","81","873.91","2217","206","Townhouse","3","","","","","1975","183.44","","G+1","","2025-11-28 00:00:00","Active Listings","","No","","","SINGLE ROW | BRAND NEW | GREAT LOCATION","Dubai Properties","NULL"
"23105344","2025-11-28 00:00:00","Mudon","Al Ranim","Al Ranim 1","","","255000","290000","114","1224.77","2549","236.78","Townhouse","4","","","","","2683","249.29","","G+1","","2025-11-28 00:00:00","Active Listings","","No","","","4 Bedroom Townhouse +Maids | Great Community","Dubai Properties",""
"24727899","2025-11-28 00:00:00","Mudon","Al Ranim","Al Ranim 3","","","195000","195000","107","1147.06","1827","170","Townhouse","3","","","","","0","0","","G+1","","2025-11-28 00:00:00","Active Listings","","Yes","","","Single Row | Brand new | Semi-furnished","Dubai Properties","NULL"
"24661601","2025-11-28 00:00:00","Mudon","Al Ranim","Al Ranim 3","","","199000","199000","90","966.02","2217","206","Townhouse","3","","","","","1808","168.01","","G+1","","2025-11-28 00:00:00","Active Listings","","No","","","Family Homes | Lush Greenery | Ready to Move","Dubai Properties","NULL"
"24726907","2025-11-28 00:00:00","Mudon","Al Ranim","Al Ranim 1","","","200000","200000","90","970.87","2217","206","Townhouse","3","","","","","1973","183.32","","G+1","","2025-11-28 00:00:00","Active Listings","","No","","","Stunning 3 Bedroom | G plus 1 | Spacious Layout","Dubai Properties","NULL"
"24726185","2025-11-28 00:00:00","Mudon","Al Ranim","Al Ranim 3","","","190000","190000","105","1130.95","1809","168","Townhouse","3","","","","","0","0","","G+1","","2025-11-28 00:00:00","Active Listings","","No","","","Brand New | 3-BR + Maids | Ready To Move","Dubai Properties","NULL"
"24727248","2025-11-28 00:00:00","Mudon","Al Ranim","Al Ranim 3","","","340000","340000","109","1176.47","3116","289","Townhouse","4","","","","","0","0","","G+1","","2025-11-28 00:00:00","Active Listings","","No","","","4BR G+2 l Brand new l Single Row l Never used","Dubai Properties","NULL"
"23322333","2025-11-28 00:00:00","Mudon","Al Ranim","Al Ranim 1","","","180000","190000","86","922.46","2217","206","Townhouse","3","","","","","1866","173.32","","G+1","","2025-11-28 00:00:00","Active Listings","","No","","","Superb location - Single Row - Vacant","Dubai Properties",""
"24630751","2025-11-28 00:00:00","Mudon","Al Ranim","Al Ranim 3","","","235000","235000","92","985.12","2568","238.55","Townhouse","3","","","","","1808","168.01","","G+2","","2025-11-28 00:00:00","Active Listings","","","","","Large 3 Bed | G+2 Roof Terrace | Park Backing","Dubai Properties",""
"24726262","2025-11-28 00:00:00","Mudon","Al Ranim","Al Ranim 2","","","240000","240000","94","1013.47","2549","236.78","Townhouse","4","","","","","2793","259.46","","G+1","","2025-11-28 00:00:00","Active Listings","","No","","","Single Row | Prime Community | Sought-After Unit","Dubai Properties","NULL"
"24660479","2025-11-28 00:00:00","Mudon","Al Ranim","Al Ranim 3","","","180999","180999","82","878.64","2217","206","Townhouse","3","Community,Partial Play Area,Road","","","","1927","179.06","","G+1","","2025-11-28 00:00:00","Active Listings","","No","","","3BR+Maid | Community View | Prime Location","Dubai Properties","NULL"
"24478208","2025-11-27 00:00:00","Mudon","Al Ranim","Al Ranim 2","","","199999","224999","101","1092.39","2217","206","Townhouse","3","","","","","1809","168.02","","G+1","","2025-11-27 00:00:00","Active Listings","","Yes","","","Brand New | Luxury Lifestyle | 3BR with Maid","Dubai Properties",""
"24533004","2025-11-27 00:00:00","Mudon","Al Ranim","Al Ranim 3","","","320000","320000","107","1156.61","2978","276.7","Townhouse","4","","","","","2650","246.18","","G+2","","2025-11-27 00:00:00","Active Listings","","No","","","4BR G+2 l Brand new l Ready to move l Never used","Dubai Properties",""
"24535567","2025-11-27 00:00:00","Mudon","Al Ranim","Al Ranim 3","","","199999","199999","90","970.87","2217","206","Townhouse","3","","","","","1808","168.01","","G+1","","2025-11-27 00:00:00","Active Listings","","No","","","Brand New | Luxury 3BR Villa in Mudon Al Ranim 3","Dubai Properties",""
"24746541","2025-11-27 00:00:00","Mudon","Al Ranim","Al Ranim 3","","","180000","180000","81","873.91","2217","206","Townhouse","3","Community,Partial Play Area,Road","","","N","1927","179.06","","G+1","","2026-11-26 00:00:00","Rental Contracts","","","","","","Dubai Properties","New"
"24445000","2025-11-27 00:00:00","Mudon","Al Ranim","Al Ranim 2","","","200000","210000","95","1019.57","2217","206","Townhouse","3","","","","","1813","168.46","","G+1","","2025-11-27 00:00:00","Active Listings","","No","","","Viewing Possible | Spacious | 3 BD + Maid","Dubai Properties",""
"24667980","2025-11-27 00:00:00","Mudon","Al Ranim","Al Ranim 1","","","200000","200000","90","970.87","2217","206","Townhouse","3","","","","","1973","183.32","","G+1","","2025-11-27 00:00:00","Active Listings","","No","","","Stunning 3 Bedroom | G plus 1 | Spacious Layout","Dubai Properties","NULL"
"24640120","2025-11-27 00:00:00","Mudon","Al Ranim","Al Ranim 2","","","244999","244999","96","1034.71","2549","236.78","Townhouse","4","","","","","2678","248.84","","G+1","","2025-11-27 00:00:00","Active Listings","","No","","","Modern 4-Bedroom Villa for Rent | Unfurnished | Single row","Dubai Properties",""
"24630399","2025-11-27 00:00:00","Mudon","Al Ranim","Al Ranim 3","","","200000","200000","90","970.87","2217","206","Townhouse","3","","","","","1808","168.01","","G+1","","2025-11-27 00:00:00","Active Listings","","No","","","Spacious Villa | Maid and Store | flexible cheques","Dubai Properties",""
"24531847","2025-11-27 00:00:00","Mudon","Al Ranim","Al Ranim 2","","","235000","240000","94","1013.6","2549","236.78","Townhouse","4","","","","","2725","253.17","","G+1","","2025-11-27 00:00:00","Active Listings","","No","","","Brand New Spacious 4BR | Modern Villa | Vacant","Dubai Properties",""
"24640139","2025-11-27 00:00:00","Mudon","Al Ranim","Al Ranim 3","","","190000","190000","86","922.46","2217","206","Townhouse","3","","","","","1808","168.01","","G+1","","2025-11-27 00:00:00","Active Listings","","No","","","Landscape | Facing Garden Views","Dubai Properties",""
"24532400","2025-11-27 00:00:00","Mudon","Al Ranim","Al Ranim 3","","","200000","200000","90","970.87","2217","206","Townhouse","3","","","","","1808","168.01","","G+1","","2025-11-27 00:00:00","Active Listings","","Yes","","","Near The Park | Vacant Unit | Semi Furnished","Dubai Properties",""
"24660913","2025-11-27 00:00:00","Mudon","Al Ranim","Al Ranim 1","","","230000","230000","90","971.24","2549","236.78","Townhouse","4","","","","","2734","253.98","","G+1","","2025-11-27 00:00:00","Active Listings","","No","","","Single Row | Maids Room Included | Huge Layout","Dubai Properties","NULL"
"24666802","2025-11-27 00:00:00","Mudon","Al Ranim","Al Ranim 2","","","250000","250000","98","1055.7","2549","236.78","Townhouse","4","","","","","2863","265.96","","G+1","","2025-11-27 00:00:00","Active Listings","","No","","","Best Landscaped | Bigger Plot | On the Park","Dubai Properties","NULL"
"24515301","2025-11-27 00:00:00","Mudon","Al Ranim","Al Ranim 1","","","230000","230000","90","971.61","2548","236.78","Townhouse","4","","","","N","3300","306.63","","G+1","","2026-11-26 00:00:00","Rental Contracts","","","","","","Dubai Properties","New"
"24630503","2025-11-27 00:00:00","Mudon","Al Ranim","Al Ranim 3","","","180000","180000","81","873.79","2217","206","Townhouse","3","","","","","2158","200.49","","G+1","","2025-11-27 00:00:00","Active Listings","","No","","","Premium Finishing | Prime Location | Unbeatable Price","Dubai Properties",""
"24630761","2025-11-27 00:00:00","Mudon","Al Ranim","Al Ranim 2","","","240000","240000","94","1013.6","2549","236.78","Townhouse","4","","","","","2793","259.46","","G+1","","2025-11-27 00:00:00","Active Listings","","","","","4Bed G+1 | Spacious | Brand New","Dubai Properties",""
"24667383","2025-11-27 00:00:00","Mudon","Al Ranim","Al Ranim 3","","","250000","250000","98","1055.83","2549","236.78","Townhouse","4","","","","","2710","251.76","","G+1","","2025-11-27 00:00:00","Active Listings","","No","","","Ranim Ready To Move Landscaped 4 Bedrooms","Dubai Properties","NULL"
"24660044","2025-11-26 00:00:00","Mudon","Al Ranim","Al Ranim 1","","","178999","178999","81","868.93","2217","206","Townhouse","3","Community,Park","","","","1896","176.15","","G+1","","2025-11-26 00:00:00","Active Listings","","No","","","Quiet Community| Spacious | Cozy Living","Dubai Properties","NULL"
"24631886","2025-11-26 00:00:00","Mudon","Al Ranim","Al Ranim 3","","","200000","200000","90","970.87","2217","206","Townhouse","3","","","","","1808","168.01","","G+1","","2025-11-26 00:00:00","Active Listings","","No","","","Single Row | Facing Kids area + Garden | Landscape","Dubai Properties",""
"24498520","2025-11-26 00:00:00","Mudon","Al Ranim","Al Ranim 3","","","200000","200000","90","971.02","2217","206","Townhouse","3","","","","","1808","168.01","","G+1","","2025-11-26 00:00:00","Active Listings","","No","","","3 Bed + Maids | Single Row | Brand New","Dubai Properties",""
"24660326","2025-11-26 00:00:00","Mudon","Al Ranim","Al Ranim 2","","","181999","181999","82","883.49","2217","206","Townhouse","3","","","","","1858","172.62","","G+1","","2025-11-26 00:00:00","Active Listings","","No","","","3BR+Maid | Community View | Prime Location","Dubai Properties","NULL"
"24332155","2025-11-26 00:00:00","Mudon","Al Ranim","Al Ranim 2","","","200000","210000","95","1019.57","2217","206","Townhouse","3","","","","","1813","168.46","","G+1","","2025-11-26 00:00:00","Active Listings","","No","","","3 BR + MAIDS | FULLY KITCHEN EQUIPMENT | NEAR AMENITIES PARK","Dubai Properties",""
"24660610","2025-11-26 00:00:00","Mudon","Al Ranim","Al Ranim 3","","","185000","185000","83","898.19","2217","206","Townhouse","3","","","","","0","0","","G+1","","2025-11-26 00:00:00","Active Listings","","No","","","Available December | Single Row | Vacant","Dubai Properties","NULL"
"23286936","2025-11-26 00:00:00","Mudon","Al Ranim","Al Ranim 1","","","175000","200000","90","971.02","2217","206","Townhouse","3","","","","","1866","173.32","","G+1","","2025-11-26 00:00:00","Active Listings","","","","","Lowest Price | Single Row | Near To Pool / Park | Open For Offers","Dubai Properties",""
"24264091","2025-11-26 00:00:00","Mudon","Al Ranim","Al Ranim 2","","","250000","250000","98","1055.7","2549","236.78","Townhouse","4","","","","","2675","248.5","","G+1","","2025-11-26 00:00:00","Active Listings","","No","","","Park Facing | Gated Community | Great Layout","Dubai Properties",""
"24660431","2025-11-26 00:00:00","Mudon","Al Ranim","Al Ranim 1","","","179999","179999","81","873.78","2217","206","Townhouse","3","","","","","1808","168.01","","G+1","","2025-11-26 00:00:00","Active Listings","","No","","","3bed+maid | best ammenities | spacious","Dubai Properties","NULL"
"24660192","2025-11-26 00:00:00","Mudon","Al Ranim","Al Ranim 3","","","180000","180000","81","873.91","2217","206","Townhouse","3","","","","","1881","174.73","","G+1","","2025-11-26 00:00:00","Active Listings","","No","","","Prime Location| Unfurnished | Call now","Dubai Properties","NULL"
"24531942","2025-11-26 00:00:00","Mudon","Al Ranim","Al Ranim 2","","","190000","190000","86","922.33","2217","206","Townhouse","3","","","","","1814","168.54","","G+1","","2025-11-26 00:00:00","Active Listings","","No","","","Ranim 3 Bedrooms Close To Lagoon Ready To Move","Dubai Properties",""
"24659946","2025-11-26 00:00:00","Mudon","Al Ranim","Al Ranim 2","","","260000","260000","102","1098.07","2549","236.78","Townhouse","4","","","","","2582","239.83","","G+1","","2025-11-26 00:00:00","Active Listings","","No","","","Close to Pool | 4 bed + Maids | Corner Unit","Dubai Properties","NULL"
"24660458","2025-11-26 00:00:00","Mudon","Al Ranim","Al Ranim 2","","","225000","225000","88","950.25","2549","236.78","Townhouse","4","","","","","2741","254.68","","G+1","","2025-11-26 00:00:00","Active Listings","","No","","","4 bed villa | Stylish | Sleek & In the Heart of It All","Dubai Properties","NULL"
"24255240","2025-11-25 00:00:00","Mudon","Al Ranim","Al Ranim 2","","","180000","180000","81","873.79","2217","206","Townhouse","3","","","","","2023","187.97","","G+1","","2025-11-25 00:00:00","Active Listings","","No","","","3 Bed + Maid | Big Lay out | Ready to Move in","Dubai Properties",""
"24573477","2025-11-25 00:00:00","Mudon","Al Ranim","Al Ranim 2","","","185000","185000","83","898.06","2217","206","Townhouse","3","","","","N","1974","183.47","","G+1","","2026-11-24 00:00:00","Rental Contracts","","","","","","Dubai Properties","New"
"24653362","2025-11-25 00:00:00","Mudon","Al Ranim","Al Ranim 3","","","200000","200000","90","971.02","2217","206","Townhouse","3","","","","","1810","168.12","","G+1","","2025-11-25 00:00:00","Active Listings","","No","","","BEST LOCATION | ON THE MAIN PARK | BRAND NEW","Dubai Properties","NULL"
"24652881","2025-11-25 00:00:00","Mudon","Al Ranim","Al Ranim 3","","","200000","200000","90","971.02","2217","206","Townhouse","3","","","","","2054","190.79","","G+1","","2025-11-25 00:00:00","Active Listings","","No","","","Single row| Large Plot| Specious","Dubai Properties","NULL"
"24652928","2025-11-25 00:00:00","Mudon","Al Ranim","Al Ranim 1","","","230000","230000","90","971.37","2549","236.78","Townhouse","4","","","","","2908","270.2","","G+1","","2025-11-25 00:00:00","Active Listings","","No","","","Unfurnished 4 bhk | High End | Ideal for Family","Dubai Properties","NULL"
"24652711","2025-11-25 00:00:00","Mudon","Al Ranim","Al Ranim 1","","","200000","200000","90","970.87","2217","206","Townhouse","3","","","","","0","0","","G+1","","2025-11-25 00:00:00","Active Listings","","","","","Brand New | Fitted Appliances | Vacant","Dubai Properties","NULL"
"24651697","2025-11-25 00:00:00","Mudon","Al Ranim","Al Ranim 3","","","200000","200000","90","970.87","2218","206","Townhouse","3","","","","","0","0","","G+1","","2025-11-25 00:00:00","Active Listings","","No","","","Brand New | Facing Community Park | Prime Location","Dubai Properties","NULL"
"24652470","2025-11-25 00:00:00","Mudon","Al Ranim","Al Ranim 2","","","210000","210000","95","1019.57","2217","206","Townhouse","3","","","","","1808","168","","G+1","","2025-11-25 00:00:00","Active Listings","","No","","","Brand New | Green Backing | Vacant","Dubai Properties","NULL"
"24653240","2025-11-25 00:00:00","Mudon","Al Ranim","Al Ranim 3","","","220000","220000","86","922.16","2568","238.55","Townhouse","3","","","","","1808","168.01","","G+2","","2025-11-25 00:00:00","Active Listings","","No","","","Ranim 3 Brand new G+2 Facing The Park 220K","Dubai Properties","NULL"
"24652992","2025-11-25 00:00:00","Mudon","Al Ranim","Al Ranim 3","","","200000","200000","90","970.87","2213","206","Townhouse","3","","","","","0","0","","G+1","","2025-11-25 00:00:00","Active Listings","","No","","","G+1 | Next to Entrance and Pool | On the Park","Dubai Properties","NULL"
"24653768","2025-11-25 00:00:00","Mudon","Al Ranim","Al Ranim 1","","","181999","181999","82","883.62","2217","206","Townhouse","3","","","","","1902","176.74","","G+1","","2025-11-25 00:00:00","Active Listings","","No","","","3BR+Maid | Community View | Prime Location","Dubai Properties","NULL"
"24653007","2025-11-25 00:00:00","Mudon","Al Ranim","Al Ranim 3","","","180000","180000","81","873.91","2217","206","Townhouse","3","","","","","2163","200.97","","G+1","","2025-11-25 00:00:00","Active Listings","","No","","","Brand new | Premium Quality | Fully fitted kitchen","Dubai Properties","NULL"
"23282131","2025-11-25 00:00:00","Mudon","Al Ranim","Al Ranim 2","","","204999","220000","99","1068.12","2217","206","Townhouse","3","","","","","1813","168.46","","G+1","","2025-11-25 00:00:00","Active Listings","","No","","","Pool and Park | New Unit | Available","Dubai Properties",""
"24652529","2025-11-25 00:00:00","Mudon","Al Ranim","Al Ranim 2","","","184999","184999","83","898.05","2217","206","Townhouse","3","","","","","0","0","","G+1","","2025-11-25 00:00:00","Active Listings","","No","","","Single Row | Brand New | Landscaped Garden","Dubai Properties","NULL"
"23309050","2025-11-25 00:00:00","Mudon","Al Ranim","Al Ranim 2","","","190000","190000","86","922.33","2217","206","Townhouse","3","","","","","1813","168.46","","G+1","","2025-11-25 00:00:00","Active Listings","","No","","","Mudon  | 3 BR+Maid | Ready To Move | Prime Location","Dubai Properties",""
"24132737","2025-11-24 00:00:00","Mudon","Al Ranim","Al Ranim 2","","","184500","202000","91","980.73","2217","206","Townhouse","3","","","","","1808","168","","G+1","","2025-11-24 00:00:00","Active Listings","","No","","","Brand New | Park-Facing Access | Landscaped | 1,2 Cheques","Dubai Properties",""
"24661899","2025-11-24 00:00:00","Mudon","Al Ranim","Al Ranim 2","","","185000","185000","83","898.19","2217","206","Townhouse","3","","","","N","1808","168","","G+1","","2026-11-23 00:00:00","Rental Contracts","","","","","","Dubai Properties","New"
"24586711","2025-11-24 00:00:00","Mudon","Al Ranim","Al Ranim 2","","","170045","173306","77","827.81","2217","206","Townhouse","3","","","","N","1814","168.53","","G+1","","2026-11-30 00:00:00","Rental Contracts","","","","","","Dubai Properties","New"
"24643997","2025-11-23 00:00:00","Mudon","Al Ranim","Al Ranim 1","","","178000","178000","60","649.64","2949","274","Townhouse","3","","","","","0","0","","G+1","","2025-11-23 00:00:00","Active Listings","","No","","","Family-Friendly 3BR plus Maid’s | Gated Community","Dubai Properties",""
"24582870","2025-11-23 00:00:00","Mudon","Al Ranim","Al Ranim 1","","","255000","255000","100","1077.22","2548","236.78","Townhouse","4","","","","N","4289","398.54","","G+1","","2026-11-22 00:00:00","Rental Contracts","","","","","","Dubai Properties","New"
"24641794","2025-11-22 00:00:00","Mudon","Al Ranim","Al Ranim 3","","","200000","200000","90","970.87","2217","206","Townhouse","3","","","","","1808","168.01","","G+1","","2025-11-22 00:00:00","Active Listings","","No","","","Park Veiw | Ready | Multiple cheques","Dubai Properties",""
"24641539","2025-11-22 00:00:00","Mudon","Al Ranim","Al Ranim 1","","","179999","179999","71","760.1","2549","236.78","Townhouse","3","Community,Road","","","","2927","271.94","","G+1","","2025-11-22 00:00:00","Active Listings","","No","","","Brand new | Prime Location | Standalone","Dubai Properties",""
"24641285","2025-11-22 00:00:00","Mudon","Al Ranim","Al Ranim 3","","","190000","190000","86","922.33","2217","206","Townhouse","3","","","","","1808","168.01","","G+1","","2025-11-22 00:00:00","Active Listings","","No","","","Al Ranim 3 | New Handover | Park Backing","Dubai Properties",""
"24641332","2025-11-22 00:00:00","Mudon","Al Ranim","Al Ranim 1","","","169999","169999","77","825.36","2217","206","Townhouse","3","","","","","1866","173.32","","G+1","","2025-11-22 00:00:00","Active Listings","","No","","","Brand new | Prime Location | Spacious Unit","Dubai Properties",""
"24640584","2025-11-22 00:00:00","Mudon","Al Ranim","Al Ranim 3","","","200000","200000","90","970.87","2217","206","Townhouse","3","","","","","0","0","","G+1","","2025-11-22 00:00:00","Active Listings","","No","","","3Bed Townhouse | G+1 | Garden Facing","Dubai Properties",""
"24640587","2025-11-22 00:00:00","Mudon","Al Ranim","Al Ranim 3","","","200000","200000","90","970.87","2217","206","Townhouse","3","","","","","2202","204.57","","G+1","","2025-11-22 00:00:00","Active Listings","","No","","","Largest 3 bed Plot | Great Garden | Prime Location","Dubai Properties",""
"24641870","2025-11-22 00:00:00","Mudon","Al Ranim","Al Ranim 2","","","189999","189999","86","922.33","2217","206","Townhouse","3","","","","","1846","171.47","","G+1","","2025-11-22 00:00:00","Active Listings","","No","","","Park Backing | SMEG Appliance | Brand New","Dubai Properties",""
"24641667","2025-11-22 00:00:00","Mudon","Al Ranim","Al Ranim 3","","","179999","179999","81","873.91","2217","206","Townhouse","3","","","","","2158","200.49","","G+1","","2025-11-22 00:00:00","Active Listings","","No","","","Spacious Villa | Huge Layout | Ready to move","Dubai Properties",""
"24640399","2025-11-22 00:00:00","Mudon","Al Ranim","Al Ranim 2","","","250000","250000","98","1055.7","2549","236.78","Townhouse","4","","","","","2998","278.53","","G+1","","2025-11-22 00:00:00","Active Listings","","Yes","","","Big Plot | Landscaped | Prime Location","Dubai Properties",""
"24645011","2025-11-22 00:00:00","Mudon","Al Ranim","Al Ranim 3","","","50000","50000","23","242.75","2217","206","Townhouse","3","","","","N","1849","171.79","Type 3B1","G+1","","2026-11-21 00:00:00","Rental Contracts","","","","","","Dubai Properties","New"
"23159189","2025-11-22 00:00:00","Mudon","Al Ranim","Al Ranim 1","","","240000","240000","108","1165.22","2217","206","Townhouse","3","","","","","1854","172.25","","G+1","","2025-11-22 00:00:00","Active Listings","","No","","","3 BED G+1 |  Single Row  | Big Plot on Prime Location","Dubai Properties",""
"24641968","2025-11-22 00:00:00","Mudon","Al Ranim","Al Ranim 1","","","210000","210000","116","1250","1808","168","Townhouse","3","","","","","0","0","","G+1","","2025-11-22 00:00:00","Active Listings","","No","","","Facing Park | Brand New | Ready to Move","Dubai Properties",""
"23195056","2025-11-22 00:00:00","Mudon","Al Ranim","Al Ranim 1","","","190000","190000","74","796.48","2568","238.55","Townhouse","3","","","","","1914","177.8","","G+2","","2025-11-22 00:00:00","Active Listings","","No","","","3 Bed  |  Prime Location  |  Close to Entrance & Pool","Dubai Properties",""
"24641725","2025-11-22 00:00:00","Mudon","Al Ranim","Al Ranim 3","","","225000","225000","101","1092.23","2217","206","Townhouse","3","","","","","2202","204.57","","G+1","","2025-11-22 00:00:00","Active Listings","","","","","Single Row|Close To Park|Community View|3 cheques","Dubai Properties",""
"24640194","2025-11-22 00:00:00","Mudon","Al Ranim","Al Ranim 2","","","180000","180000","81","873.91","2217","206","Townhouse","3","","","","","1813","168.41","","G+1","","2025-11-22 00:00:00","Active Listings","","No","","","Brand New | Amazing Community | Vacant","Dubai Properties",""
"24640707","2025-11-22 00:00:00","Mudon","Al Ranim","Al Ranim 2","","","200000","200000","90","970.87","2216","206","Townhouse","3","","","","","0","0","","G+1","","2025-11-22 00:00:00","Active Listings","","No","","","Spacious 3 Bed + Maid | Villa | Prime Location","Dubai Properties",""
"24641494","2025-11-22 00:00:00","Mudon","Al Ranim","Al Ranim 1","","","174999","174999","79","849.51","2217","206","Townhouse","3","","","","","1865","173.28","","G+1","","2025-11-22 00:00:00","Active Listings","","No","","","3BR+Maid | Fitted Kitchen | Ready to move","Dubai Properties",""
"24579301","2025-11-22 00:00:00","Mudon","Al Ranim","Al Ranim 1","","","180000","180000","81","873.91","2217","206","Townhouse","3","","","","N","1812","168.37","","G+1","","2026-11-21 00:00:00","Rental Contracts","","","","","","Dubai Properties","New"
"23318288","2025-11-21 00:00:00","Mudon","Al Ranim","Al Ranim 2","","","250000","270000","106","1140.3","2549","236.78","Townhouse","4","","","","","2998","278.53","","G+1","","2025-11-21 00:00:00","Active Listings","","No","","","Al Ranim 2 | 4 bed + Maids | Corner Unit","Dubai Properties",""
"24585234","2025-11-21 00:00:00","Mudon","Al Ranim","Al Ranim 2","","","209426","210000","95","1019.57","2217","206","Townhouse","3","","","","N","1808","168","","G+1","","2026-11-21 00:00:00","Rental Contracts","","","","","","Dubai Properties","New"
"24632101","2025-11-21 00:00:00","Mudon","Al Ranim","Al Ranim 3","","","225000","225000","128","1380.37","1758","163","Townhouse","3","","","","","0","0","","G+1","","2025-11-21 00:00:00","Active Listings","","No","","","Prime Location | Brand New | Park Facing","Dubai Properties",""
"24632124","2025-11-21 00:00:00","Mudon","Al Ranim","Al Ranim 3","","","200000","200000","111","1190.69","1808","168","Townhouse","3","","","","","0","0","","G+1","","2025-11-21 00:00:00","Active Listings","","No","","","3 Bed +Maid | PARK VIEW | MUDON Al Ranim 3","Dubai Properties",""
"24629836","2025-11-21 00:00:00","Mudon","Al Ranim","","","","180000","180000","78","841.12","2300","214","Townhouse","3","","","","","0","0","","G+1","","2025-11-21 00:00:00","Active Listings","","No","","","Brand New | Ready To Move In | Townhouse For Rent","Dubai Properties",""
"24324450","2025-11-21 00:00:00","Mudon","Al Ranim","Al Ranim 2","","","210000","225000","88","943.2","2568","238.55","Townhouse","3","","","","","1846","171.46","","G+2","","2025-11-21 00:00:00","Active Listings","","Yes","","","Landscaped 3BR | G+2 | Closest to Amenities","Dubai Properties",""
"23204976","2025-11-21 00:00:00","Mudon","Al Ranim","Al Ranim 1","","","220000","200000","90","970.87","2217","206","Townhouse","3","","","","","1808","168.01","","G+1","","2025-11-21 00:00:00","Active Listings","","Yes","","","Parkside Paradise | 3Beds+Maids | Poolside Living","Dubai Properties",""
"23257988","2025-11-21 00:00:00","Mudon","Al Ranim","Al Ranim 1","","","240000","240000","94","1013.6","2549","236.78","Townhouse","4","","","","","2857","265.45","","G+1","","2025-11-21 00:00:00","Active Listings","","","","","Vastu G+1 | Direct on Park | Prime Location","Dubai Properties",""
"24630940","2025-11-21 00:00:00","Mudon","Al Ranim","Al Ranim 3","","","200000","200000","111","1190.69","1808","168","Townhouse","3","","","","","0","0","","G+1","","2025-11-21 00:00:00","Active Listings","","No","","","Brand New | Spacious Layout | Great Location","Dubai Properties",""
"24630441","2025-11-21 00:00:00","Mudon","Al Ranim","Al Ranim 3","","","200000","200000","90","970.87","2217","206","Townhouse","3","","","","","0","0","","G+1","","2025-11-21 00:00:00","Active Listings","","No","","","Park Backing | Brand New | Ready To Move In","Dubai Properties",""
"24630972","2025-11-21 00:00:00","Mudon","Al Ranim","Al Ranim 1","","","185000","185000","102","1101.39","1808","168","Townhouse","3","","","","","0","0","","G+1","","2025-11-21 00:00:00","Active Listings","","No","","","Brand New | Fitted Appliances | Vacant","Dubai Properties",""
"24632298","2025-11-21 00:00:00","Mudon","Al Ranim","Al Ranim 3","","","180000","180000","1","10.76","180000","16722","Townhouse","3","","","","","0","0","","G+1","","2025-11-21 00:00:00","Active Listings","","No","","","Ready to move 3-Beds Brand new | Prime Location","Dubai Properties",""
"23263979","2025-11-21 00:00:00","Mudon","Al Ranim","Al Ranim 1","","","210000","210000","95","1019.42","2217","206","Townhouse","3","Community,Walkway,Play area","","","","1871","173.84","","G+1","","2025-11-21 00:00:00","Active Listings","","No","","","Brand New| Kitchen appliances | Best Option","Dubai Properties",""
"24631803","2025-11-21 00:00:00","Mudon","Al Ranim","Al Ranim 3","","","260000","260000","102","1097.05","2549","237","Townhouse","4","","","","","0","0","","G+1","","2025-11-21 00:00:00","Active Listings","","No","","","Single Row | Brand New | Close To Park | Spacious","Dubai Properties",""
"23259674","2025-11-20 00:00:00","Mudon","Al Ranim","Al Ranim 1","","","250000","250000","98","1055.7","2549","236.78","Townhouse","4","","","","","2851","264.9","","G+1","","2025-11-20 00:00:00","Active Listings","","No","","","Single Row | Close To Pool/Park | Ready To Move In","Dubai Properties",""
"24626971","2025-11-20 00:00:00","Mudon","Al Ranim","Al Ranim 2","","","190000","190000","86","922.46","2217","206","Townhouse","3","","","","N","1846","171.53","","G+1","","2026-11-19 00:00:00","Rental Contracts","","","","","","Dubai Properties","New"
"24629023","2025-11-20 00:00:00","Mudon","Al Ranim","Al Ranim 3","","","200000","200000","90","970.87","2217","206","Townhouse","3","","","","","1808","168.01","","G+1","","2025-11-20 00:00:00","Active Listings","","No","","","Brand New | Single Row | Park Facing","Dubai Properties",""
"24629026","2025-11-20 00:00:00","Mudon","Al Ranim","Al Ranim 2","","","310000","310000","104","1120.47","2978","276.7","Townhouse","4","","","","","4780","444.1","","G+2","","2025-11-20 00:00:00","Active Listings","","No","","","MULTIPLE UNITS | AREA EXPERT | BIGGEST PLOT","Dubai Properties",""
"24628772","2025-11-20 00:00:00","Mudon","Al Ranim","Al Ranim 3","","","180000","180000","81","873.91","2217","206","Townhouse","3","","","","","2054","190.79","","G+1","","2025-11-20 00:00:00","Active Listings","","No","","","Brand New | Single Row | Vacant","Dubai Properties",""
"24629042","2025-11-20 00:00:00","Mudon","Al Ranim","Al Ranim 3","","","185000","185000","102","1101.19","1808","168","Townhouse","3","","","","","0","0","","G+1","","2025-11-20 00:00:00","Active Listings","","No","","","3 BHK+Maid | Spacious Layout | Ready To Move In","Dubai Properties",""
"24627000","2025-11-20 00:00:00","Mudon","Al Ranim","Al Ranim 2","","","190000","190000","86","922.46","2217","206","Townhouse","3","","","","N","1808","168","","G+1","","2026-11-19 00:00:00","Rental Contracts","","","","","","Dubai Properties","New"
"24629048","2025-11-20 00:00:00","Mudon","Al Ranim","Al Ranim 2","","","290000","290000","97","1048.18","2978","276.7","Townhouse","4","","","","","2646","245.86","","G+2","","2025-11-20 00:00:00","Active Listings","","No","","","MULTIPLE UNITS | AREA EXPERT | DIRECT VIEWING","Dubai Properties",""
"24629063","2025-11-20 00:00:00","Mudon","Al Ranim","Al Ranim 3","","","194999","194999","88","946.6","2217","206","Townhouse","3","","","","","1808","168.01","","G+1","","2025-11-20 00:00:00","Active Listings","","","","","3Bed G+1 | Direct Park Access | Brand New | Multiple Cheques","Dubai Properties",""
"24628061","2025-11-20 00:00:00","Mudon","Al Ranim","Al Ranim 1","","","325000","325000","109","1174.68","2978","276.7","Townhouse","4","","","","","4955","460.34","","G+2","","2025-11-20 00:00:00","Active Listings","","No","","","G+2| Huge Plot| Park Facing","Dubai Properties",""
"24574814","2025-11-20 00:00:00","Mudon","Al Ranim","Al Ranim 1","","","180000","180000","81","873.79","2217","206","Townhouse","3","","","","N","1809","168.15","","G+1","","2026-11-19 00:00:00","Rental Contracts","","","","","","Dubai Properties","New"
"24261476","2025-11-20 00:00:00","Mudon","Al Ranim","Al Ranim 1","","","265000","265000","104","1119.18","2549","236.78","Townhouse","4","","","","","2662","247.34","","G+1","","2025-11-20 00:00:00","Active Listings","","No","","","Fully Landscaped | 4 Beds + Maids | Upgraded","Dubai Properties",""
"24629117","2025-11-20 00:00:00","Mudon","Al Ranim","Al Ranim 3","","","180000","180000","81","873.91","2217","206","Townhouse","3","","","","","1808","168.01","","G+1","","2025-11-20 00:00:00","Active Listings","","No","","","Spacious 3 BR + Maid | Park View | Ready to Move","Dubai Properties",""
"24627329","2025-11-20 00:00:00","Mudon","Al Ranim","Al Ranim 2","","","200000","200000","90","970.87","2217","206","Townhouse","3","","","","","1808","168","","G+1","","2025-11-20 00:00:00","Active Listings","","Yes","","","Best Location | Park View | Close to Amenities","Dubai Properties",""
"24627845","2025-11-20 00:00:00","Mudon","Al Ranim","Al Ranim 3","","","195000","195000","88","946.6","2217","206","Townhouse","3","","","","","1808","168","","G+1","","2025-11-20 00:00:00","Active Listings","","No","","","3BHK+Maid | Spacious Layout | Ready To Move","Dubai Properties",""
"24627849","2025-11-20 00:00:00","Mudon","Al Ranim","Al Ranim 2","","","240000","240000","94","1013.6","2549","236.78","Townhouse","4","","","","","2728","253.41","","G+1","","2025-11-20 00:00:00","Active Listings","","No","","","4br End Unit | Equipped Kitchen | Brand New","Dubai Properties",""
"24628668","2025-11-20 00:00:00","Mudon","Al Ranim","Al Ranim 3","","","200000","200000","90","975.61","2211","205","Townhouse","3","","","","","0","0","","G+1","","2025-11-20 00:00:00","Active Listings","","No","","","Park Facing | Vacant Now | View Today","Dubai Properties",""
"24629181","2025-11-20 00:00:00","Mudon","Al Ranim","Al Ranim 3","","","180000","180000","81","873.79","2217","206","Townhouse","3","","","","","2158","200.49","","G+1","","2025-11-20 00:00:00","Active Listings","","No","","","Brand New | Single Row | Type 3BM","Dubai Properties",""
"24628424","2025-11-20 00:00:00","Mudon","Al Ranim","Al Ranim 2","","","175000","175000","79","849.64","2217","206","Townhouse","3","","","","","1840","170.98","","G+1","","2025-11-20 00:00:00","Active Listings","","No","","","MULTIPLE UNITS | AREA EXPERT | DIRECT VIEWING","Dubai Properties",""
"24628429","2025-11-20 00:00:00","Mudon","Al Ranim","Al Ranim 2","","","179999","179999","81","873.78","2217","206","Townhouse","3","","","","","1831","170.13","","G+1","","2025-11-20 00:00:00","Active Listings","","No","","","MULTIPLE UNITS | AREA EXPERT | DIRECT VIEWING","Dubai Properties",""
"24638691","2025-11-20 00:00:00","Mudon","Al Ranim","Al Ranim 3","","","280000","280000","94","1012.04","2978","276.7","Townhouse","4","","","","N","4083","379.38","","G+2","","2026-11-19 00:00:00","Rental Contracts","","","","","","Dubai Properties","New"
"24628455","2025-11-20 00:00:00","Mudon","Al Ranim","Al Ranim 3","","","200000","200000","90","970.87","2217","206","Townhouse","3","","","","","1808","168.01","","G+1","","2025-11-20 00:00:00","Active Listings","","No","","","Spacious 3BR + Maid | Parkside Unit","Dubai Properties",""
"24628713","2025-11-20 00:00:00","Mudon","Al Ranim","Al Ranim 3","","","184999","184999","83","898.05","2217","206","Townhouse","3","","","","","1808","168.01","","G+1","","2025-11-20 00:00:00","Active Listings","","No","","","PARK VIEW || BRAND NEW || MULTIPLE UNITS","Dubai Properties",""
"24627961","2025-11-20 00:00:00","Mudon","Al Ranim","Al Ranim 3","","","200000","200000","111","1190.48","1808","168","Townhouse","3","","","","","0","0","","G+1","","2025-11-20 00:00:00","Active Listings","","No","","","LUXURY VILLA | PRIME LOCATION","Dubai Properties",""
"24627198","2025-11-20 00:00:00","Mudon","Al Ranim","Al Ranim 2","","","245000","245000","96","1034.72","2549","236.78","Townhouse","4","","","","","2793","259.46","","G+1","","2025-11-20 00:00:00","Active Listings","","No","","","Single Row | Corner Unit | Vacant | Brand New","Dubai Properties",""
"24746762","2025-11-19 00:00:00","Mudon","Al Ranim","Al Ranim 2","","","182500","185000","83","898.06","2217","206","Townhouse","3","","","","N","1808","168","","G+1","","2026-11-23 00:00:00","Rental Contracts","","","","","","Dubai Properties","New"
"24535576","2025-11-19 00:00:00","Mudon","Al Ranim","Al Ranim 2","","","310000","324999","109","1174.55","2978","276.7","Townhouse","4","","","","","4780","444.1","","G+2","","2025-11-19 00:00:00","Active Listings","","No","","","MULTIPLE UNITS | AREA EXPERT | BIGGEST PLOT","Dubai Properties",""
"24535587","2025-11-19 00:00:00","Mudon","Al Ranim","Al Ranim 2","","","290000","224999","76","813.15","2978","276.7","Townhouse","4","","","","","2646","245.86","","G+2","","2025-11-19 00:00:00","Active Listings","","No","","","MULTIPLE UNITS | AREA EXPERT | DIRECT VIEWING","Dubai Properties",""
"24535591","2025-11-19 00:00:00","Mudon","Al Ranim","Al Ranim 2","","","175000","175000","79","849.64","2217","206","Townhouse","3","","","","","1840","170.98","","G+1","","2025-11-19 00:00:00","Active Listings","","No","","","MULTIPLE UNITS | AREA EXPERT | DIRECT VIEWING","Dubai Properties",""
"24535600","2025-11-19 00:00:00","Mudon","Al Ranim","Al Ranim 2","","","179999","179999","81","873.78","2217","206","Townhouse","3","","","","","1831","170.13","","G+1","","2025-11-19 00:00:00","Active Listings","","No","","","MULTIPLE UNITS | AREA EXPERT | DIRECT VIEWING","Dubai Properties",""
"24542257","2025-11-19 00:00:00","Mudon","Al Ranim","Al Ranim 2","","","230000","250000","98","1055.7","2549","236.78","Townhouse","4","","","","","2793","259.46","","G+1","","2025-11-19 00:00:00","Active Listings","","No","","","Modern 4BR Townhouse | Spacious Layout | Family Community in Al Hebiah Sixth","Dubai Properties",""
"24262269","2025-11-19 00:00:00","Mudon","Al Ranim","Al Ranim 1","","","254950","254950","100","1076.6","2549","236.78","Townhouse","4","Community,Park","","","","3026","281.11","","G+1","","2025-11-19 00:00:00","Active Listings","","No","","","Fully Landscaped in Ranim 1 |4B1 Type Backing Park","Dubai Properties",""
"24517060","2025-11-19 00:00:00","Mudon","Al Ranim","Al Ranim 3","","","250000","280000","110","1182.53","2549","236.78","Townhouse","4","","","","","2614","242.88","","G+1","","2025-11-19 00:00:00","Active Listings","","No","","","Brand New | Park Facing | Ready to Move","Dubai Properties",""
"24531924","2025-11-19 00:00:00","Mudon","Al Ranim","Al Ranim 3","","","175000","175000","79","849.51","2217","206","Townhouse","3","","","","","1965","182.52","","G+1","","2025-11-19 00:00:00","Active Listings","","No","","","Brand New | 3Bed+Maid | Ready to Move for 175k","Dubai Properties",""
"24613641","2025-11-18 00:00:00","Mudon","Al Ranim","Al Ranim 3","","","190000","190000","103","1111.11","1843","171","Townhouse","3","","","","","0","0","","G+1","","2025-11-18 00:00:00","Active Listings","","No","","","Contemporary 3BR +Maid | G+1 | Prime Location","Dubai Properties",""
"24613414","2025-11-18 00:00:00","Mudon","Al Ranim","Al Ranim 2","","","200000","200000","106","1142.86","1879","175","Townhouse","3","","","","","0","0","","G+1","","2025-11-18 00:00:00","Active Listings","","No","","","Spacious 3 Bed + Maid | G+2 Villa | Prime Location","Dubai Properties",""
"24269616","2025-11-18 00:00:00","Mudon","Al Ranim","Al Ranim 2","","","259000","259000","102","1093.84","2549","236.78","Townhouse","4","","","","","2582","239.83","","G+1","","2025-11-18 00:00:00","Active Listings","","No","","","Family-Friendly 4BR + Maid | Mudon Al Ranim 2","Dubai Properties",""
"23311677","2025-11-18 00:00:00","Mudon","Al Ranim","Al Ranim 1","","","180000","220000","99","1067.96","2217","206","Townhouse","3","","","","","1854","172.25","","G+1","","2025-11-18 00:00:00","Active Listings","","No","","","Brand New I Fitted Kitchen I Spacious Layout","Dubai Properties",""
"24135499","2025-11-18 00:00:00","Mudon","Al Ranim","Al Ranim 2","","","190000","230000","104","1116.5","2217","206","Townhouse","3","","","","","1846","171.47","","G+1","","2025-11-18 00:00:00","Active Listings","","No","","","Garden View | Single Row | 3BHK | Villa | Al Ranim 2 | Mudon","Dubai Properties",""
"24601198","2025-11-18 00:00:00","Mudon","Al Ranim","Al Ranim 1","","","240000","240000","94","1013.6","2549","236.78","Townhouse","4","","","","","2734","253.98","","G+1","","2025-11-18 00:00:00","Active Listings","","No","","","Single Row | Maids Room Included | Huge Layout","Dubai Properties",""
"24601973","2025-11-18 00:00:00","Mudon","Al Ranim","Al Ranim 3","","","185000","185000","83","898.19","2217","206","Townhouse","3","","","","","1965","182.52","","G+1","","2025-11-18 00:00:00","Active Listings","","No","","","Brand new| Vacant| Maid room| Single row","Dubai Properties",""
"24267913","2025-11-18 00:00:00","Mudon","Al Ranim","Al Ranim 2","","","180000","205000","92","995.29","2217","206","Townhouse","3","","","","","1814","168.54","","G+1","","2025-11-18 00:00:00","Active Listings","","No","","","Brand New | Vacant Unit | Close to Pool","Dubai Properties",""
"24601252","2025-11-18 00:00:00","Mudon","Al Ranim","Al Ranim 3","","","200000","200000","90","971.02","2217","206","Townhouse","3","","","","","1808","168.01","","G+1","","2025-11-18 00:00:00","Active Listings","","No","","","CLOSE TO PARK | BRAND NEW | MAIDS ROOM","Dubai Properties",""
"24574932","2025-11-18 00:00:00","Mudon","Al Ranim","Al Ranim 2","","","223000","223000","88","941.8","2548","236.78","Townhouse","4","","","","N","2652","246.47","","G+1","","2026-11-17 00:00:00","Rental Contracts","","","","","","Dubai Properties","New"
"24602330","2025-11-18 00:00:00","Mudon","Al Ranim","Al Ranim 3","","","275000","275000","108","1161.27","2549","236.78","Townhouse","4","","","","","2740","254.55","","G+1","","2025-11-18 00:00:00","Active Listings","","No","","","Directly on the Park | Service Contract | G+1","Dubai Properties",""
"24601586","2025-11-18 00:00:00","Mudon","Al Ranim","Al Ranim 2","","","195000","195000","88","946.6","2217","206","Townhouse","3","","","","","0","0","","G+1","","2025-11-18 00:00:00","Active Listings","","No","","","Ready Now I Park Backing I Amazing Location","Dubai Properties",""
"24130882","2025-11-17 00:00:00","Mudon","Al Ranim","Al Ranim 2","","","175000","185000","83","898.06","2217","206","Townhouse","3","","","","","1814","168.53","","G+1","","2025-11-17 00:00:00","Active Listings","","No","","",""Price reduced" BRAND NEW | SINGLE ROW 3 BED+M | APPLIANCES","Dubai Properties",""
"24531805","2025-11-17 00:00:00","Mudon","Al Ranim","Al Ranim 3","","","200000","200000","90","970.87","2217","206","Townhouse","3","","","","","1965","182.52","","G+1","","2025-11-17 00:00:00","Active Listings","","No","","","Great Location | Brand New | Ready To Move","Dubai Properties",""
"24449650","2025-11-17 00:00:00","Mudon","Al Ranim","Al Ranim 1","","","317000","317000","106","1145.65","2978","276.7","Townhouse","4","","","","","4955","460.34","","G+2","","2025-11-17 00:00:00","Active Listings","","No","","","Type G+2 | 5000 sqft Plot | On park, next to pool","Dubai Properties",""
"24601037","2025-11-17 00:00:00","Mudon","Al Ranim","Al Ranim 2","","","240000","240000","90","975.61","2652","246","Townhouse","4","","","","","0","0","","G+1","","2025-11-17 00:00:00","Active Listings","","No","","","G+1 4BR | Spacious Layout | Close to Park and Pool","Dubai Properties",""
"23324176","2025-11-16 00:00:00","Mudon","Al Ranim","Al Ranim 1","","","195000","195000","88","946.6","2217","206","Townhouse","3","","","","","1872","173.93","","G+1","","2025-11-16 00:00:00","Active Listings","","No","","","Vacant ?? Ready to Move-in ?? Brand New ?? Stunning Layout","Dubai Properties",""
"23324372","2025-11-16 00:00:00","Mudon","Al Ranim","Al Ranim 1","","","199000","199000","90","966.16","2217","206","Townhouse","3","","","","","2032","188.76","","G+1","","2025-11-16 00:00:00","Active Listings","","No","","","Brand New Elegant Spacious 3B/R Townhouse ?? Gated community ?? Ready to Move-in","Dubai Properties",""
"23064289","2025-11-16 00:00:00","Mudon","Al Ranim","Al Ranim 1","","","239999","239999","94","1013.47","2549","236.78","Townhouse","4","","","","","2635","244.83","","G+1","","2025-11-16 00:00:00","Active Listings","","No","","","Spacious | Park Facing | 4BR G+1 | Luxe Living","Dubai Properties",""
"24257765","2025-11-16 00:00:00","Mudon","Al Ranim","Al Ranim 1","","","189000","189000","85","917.48","2217","206","Townhouse","3","","","","","1924","178.71","","G+1","","2025-11-16 00:00:00","Active Listings","","No","","","Brand New ?? Ready to Move-in Spacious 3Bedrooms + Maid's ?? Gated Community","Dubai Properties",""
"24613417","2025-11-15 00:00:00","Mudon","Al Ranim","Al Ranim 3","","","230000","230000","85","912.7","2716","252","Townhouse","3","","","","","0","0","","G+1","","2025-11-15 00:00:00","Active Listings","","No","","","Genuine resale | G+2 | On the Park","Dubai Properties",""
"24544066","2025-11-15 00:00:00","Mudon","Al Ranim","Al Ranim 2","","","185000","185000","83","898.06","2217","206","Townhouse","3","","","","N","1808","168","","G+1","","2026-11-14 00:00:00","Rental Contracts","","","","","","Dubai Properties","New"
"24584098","2025-11-15 00:00:00","Mudon","Al Ranim","Al Ranim 1","","","245000","245000","96","1034.98","2548","236.78","Townhouse","4","Community,Park","","","N","3025","281.11","","G+1","","2026-11-14 00:00:00","Rental Contracts","","","","","","Dubai Properties","New"
"24536507","2025-11-15 00:00:00","Mudon","Al Ranim","Al Ranim 1","","","220000","220000","86","922.24","2567","238.55","Townhouse","3","","","","N","1890","175.64","","G+2","","2026-11-14 00:00:00","Rental Contracts","","","","","","Dubai Properties","New"
"24569787","2025-11-15 00:00:00","Mudon","Al Ranim","Al Ranim 1","","","335000","335000","112","1210.83","2978","276.7","Townhouse","4","","","","N","4741","440.5","","G+2","","2026-11-14 00:00:00","Rental Contracts","","","","","","Dubai Properties","New"
"24538838","2025-11-15 00:00:00","Mudon","Al Ranim","Al Ranim 1","","","180000","180000","81","873.91","2217","206","Townhouse","3","","","","N","1808","168","","G+1","","2026-11-14 00:00:00","Rental Contracts","","","","","","Dubai Properties","New"
"24645596","2025-11-15 00:00:00","Mudon","Al Ranim","Al Ranim 2","","","165000","165000","74","800.97","2217","206","Townhouse","3","","","","N","1811","168.32","","G+1","","2026-11-14 00:00:00","Rental Contracts","","","","","","Dubai Properties","New"
"23297057","2025-11-14 00:00:00","Mudon","Al Ranim","Al Ranim 2","","","174990","184999","83","898.18","2217","206","Townhouse","3","","","","","1814","168.53","","G+1","","2025-11-14 00:00:00","Active Listings","","No","","","Brand New | Single Row | Close to Park","Dubai Properties",""
"24569710","2025-11-14 00:00:00","Mudon","Al Ranim","Al Ranim 1","","","315000","315000","106","1138.42","2978","276.7","Townhouse","4","","","","N","4955","460.34","","G+2","","2026-11-13 00:00:00","Rental Contracts","","","","","","Dubai Properties","New"
"24233043","2025-11-13 00:00:00","Mudon","Al Ranim","Al Ranim 2","","","190000","190000","86","922.33","2217","206","Townhouse","3","","","","","1808","168","","G+1","","2025-11-13 00:00:00","Active Listings","","No","","","Family Home | 3BR Townhouse | Mudon Al Ranim 2","Dubai Properties",""
"23315299","2025-11-12 00:00:00","Mudon","Al Ranim","Al Ranim 2","","","250000","250000","98","1055.83","2549","236.78","Townhouse","4","","","","","2728","253.43","","G+1","","2025-11-12 00:00:00","Active Listings","","No","","","Brand New | Opposite Pool N Park | Single Row","Dubai Properties",""
"24602420","2025-11-11 00:00:00","Mudon","Al Ranim","Al Ranim 3","","","180000","180000","71","760.2","2549","236.78","Townhouse","3","Community,Road,Landscaped Garden","","","","3227","299.78","","G+1","","2025-11-11 00:00:00","Active Listings","","No","","","Stunning Brand new | Multiple options | Ready to Move","Dubai Properties",""
"24602000","2025-11-11 00:00:00","Mudon","Al Ranim","Al Ranim 1","","","180000","180000","81","873.79","2217","206","Townhouse","3","","","","","1808","168.01","","G+1","","2025-11-11 00:00:00","Active Listings","","No","","","3 Bedroom | Single Row | Park Facing | Brand New","Dubai Properties",""
"24509478","2025-11-10 00:00:00","Mudon","Al Ranim","Al Ranim 1","","","180000","180000","81","873.91","2217","206","Townhouse","3","","","","N","1845","171.44","","G+1","","2026-11-09 00:00:00","Rental Contracts","","","","","","Dubai Properties","New"
"24538262","2025-11-10 00:00:00","Mudon","Al Ranim","Al Ranim 2","","","200000","200000","90","971.02","2217","206","Townhouse","3","","","","N","1814","168.54","","G+1","","2026-11-09 00:00:00","Rental Contracts","","","","","","Dubai Properties","New"
"24525785","2025-11-10 00:00:00","Mudon","Al Ranim","Al Ranim 2","","","195000","195000","88","946.74","2217","206","Townhouse","3","","","","N","1808","168","","G+1","","2026-11-09 00:00:00","Rental Contracts","","","","","","Dubai Properties","New"
"24268573","2025-11-09 00:00:00","Mudon","Al Ranim","Al Ranim 1","","","190000","190000","86","922.33","2217","206","Townhouse","3","","","","","1810","168.15","","G+1","","2025-11-09 00:00:00","Active Listings","","No","","","For Rent Modern 3 BR Townhouse G+1 Al Ranim 1","Dubai Properties",""
"23167033","2025-11-09 00:00:00","Mudon","Al Ranim","Al Ranim 1","","","349999","349999","118","1264.9","2978","276.7","Townhouse","4","","","","","4955","460.34","","G+2","","2025-11-09 00:00:00","Active Listings","","No","","","Ranim Single Row Park Facing Middle 4 Beds","Dubai Properties",""
"24262981","2025-11-09 00:00:00","Mudon","Al Ranim","Al Ranim 2","","","220000","220000","86","922.16","2568","238.55","Townhouse","4","","","","","1846","171.46","","G+2","","2025-11-09 00:00:00","Active Listings","","No","","","4 Bed Villa | Near pool | Unit on the Park","Dubai Properties",""
"24257868","2025-11-09 00:00:00","Mudon","Al Ranim","Al Ranim 1","","","280000","280000","110","1182.38","2549","236.78","Townhouse","4","","","","","4290","398.54","","G+1","","2025-11-09 00:00:00","Active Listings","","No","","","Premium Unit | Large Plot | G+1 Landscaped","Dubai Properties",""
"24323927","2025-11-09 00:00:00","Mudon","Al Ranim","Al Ranim 1","","","325000","325000","109","1174.56","2978","276.7","Townhouse","4","","","","","4955","460.34","","G+2","","2025-11-09 00:00:00","Active Listings","","No","","","Prime Location G+2 | Huge Plot | Park Facing","Dubai Properties",""
"23322979","2025-11-09 00:00:00","Mudon","Al Ranim","Al Ranim 1","","","330000","330000","111","1192.76","2978","276.7","Townhouse","4","","","","","4955","460.34","","G+2","","2025-11-09 00:00:00","Active Listings","","No","","","Single Row | Close to Pool/Park | Ready to Move","Dubai Properties",""
"24266862","2025-11-09 00:00:00","Mudon","Al Ranim","Al Ranim 2","","","234999","234999","92","985.03","2568","238.55","Townhouse","3","","","","","1846","171.46","","G+2","","2025-11-09 00:00:00","Active Listings","","No","","","Park Backing | SMEG Appliances | 3BR+Maid","Dubai Properties",""
"23272323","2025-11-09 00:00:00","Mudon","Al Ranim","Al Ranim 1","","","190000","204999","92","995.14","2217","206","Townhouse","3","","","","","1810","168.15","","G+1","","2025-11-09 00:00:00","Active Listings","","No","","","Exclusive | Park facing | Ready to move in","Dubai Properties",""
"23284611","2025-11-09 00:00:00","Mudon","Al Ranim","Al Ranim 1","","","310000","340000","114","1228.77","2978","276.7","Townhouse","4","","","","","4955","460.34","","G+2","","2025-11-09 00:00:00","Active Listings","","No","","","Grand 4BR + Family Room | Park Facing | Single Row","Dubai Properties",""
"23199392","2025-11-09 00:00:00","Mudon","Al Ranim","Al Ranim 1","","","350000","350000","118","1264.91","2978","276.7","Townhouse","4","","","","","4955","460.34","","G+2","","2025-11-09 00:00:00","Active Listings","","","","","Ready to Move In | Spacious 4BR G + 2 | On Park","Dubai Properties",""
"23314081","2025-11-09 00:00:00","Mudon","Al Ranim","Al Ranim 1","","","330000","330000","111","1192.76","2978","276.7","Townhouse","4","","","","","4955","460.34","","G+2","","2025-11-09 00:00:00","Active Listings","","No","","","BIG PLOT| G+2| PARK VIEW | PRIME LOCATION","Dubai Properties",""
"23324586","2025-11-09 00:00:00","Mudon","Al Ranim","Al Ranim 1","","","330000","330000","111","1192.63","2978","276.7","Townhouse","4","","","","","4955","460.34","","G+2","","2025-11-09 00:00:00","Active Listings","","No","","","Brand New ?? Ready to Move-in ?? Elegant Spacious 4B/R Townhouse ?? Equipped Kitchen","Dubai Properties",""
"24557745","2025-11-09 00:00:00","Mudon","Al Ranim","Al Ranim 3","","","204999","204999","112","1205.88","1827","170","Townhouse","3","","","","","0","0","","G+1","","2025-11-09 00:00:00","Active Listings","","No","","","Ready to Move In | Brand New | Single Row","Dubai Properties",""
"24326066","2025-11-09 00:00:00","Mudon","Al Ranim","Al Ranim 1","","","320000","320000","107","1156.49","2978","276.7","Townhouse","4","","","","","4955","460.34","","G+2","","2025-11-09 00:00:00","Active Listings","","No","","","Mudon Al Ranim 1 | 4 Bedroom Villa + Maid | Prime Park Location | 320K","Dubai Properties",""
"24235961","2025-11-09 00:00:00","Mudon","Al Ranim","Al Ranim 2","","","225000","240000","94","1013.47","2549","236.78","Townhouse","4","","","","","2653","246.47","","G+1","","2025-11-09 00:00:00","Active Listings","","No","","","Al Ranim 2 | 4 bed + Maids | Great Location","Dubai Properties",""
"23158719","2025-11-09 00:00:00","Mudon","Al Ranim","Al Ranim 1","","","320000","340000","114","1228.77","2978","276.7","Townhouse","4","","","","","4955","460.34","","G+2","","2025-11-09 00:00:00","Active Listings","","No","","","Biggest Corner 4 Bedrooms G+2 Brand New Villa","Dubai Properties",""
"23252672","2025-11-09 00:00:00","Mudon","Al Ranim","Al Ranim 1","","","340000","340000","114","1228.77","2978","276.7","Townhouse","4","","","","","4955","460.34","","G+2","","2025-11-09 00:00:00","Active Listings","","No","","","Tranquil Villa + Maid's Room | Bright and Well-Ventilated | Serene Location","Dubai Properties",""
"23284678","2025-11-09 00:00:00","Mudon","Al Ranim","Al Ranim 1","","","185000","185000","83","898.06","2217","206","Townhouse","3","","","","","1810","168.15","","G+1","","2025-11-09 00:00:00","Active Listings","","No","","","3BR | Brand new | On the pool | Type-3B1","Dubai Properties",""
"24558036","2025-11-09 00:00:00","Mudon","Al Ranim","Al Ranim 3","","","199999","199999","90","971.01","2217","206","Townhouse","3","","","","","1808","168.01","","G+1","","2025-11-09 00:00:00","Active Listings","","No","","","Spacious 3 BR Mudon Al Ranim Villa with Modern","Dubai Properties",""
"23224027","2025-11-09 00:00:00","Mudon","Al Ranim","Al Ranim 1","","","199999","199999","90","970.87","2217","206","Townhouse","3","","","","","1865","173.28","","G+1","","2025-11-09 00:00:00","Active Listings","","No","","","Big Plot | Fully Fitted Kitchen | Single Row","Dubai Properties",""
"23325168","2025-11-09 00:00:00","Mudon","Al Ranim","Al Ranim 1","","","330000","330000","111","1192.76","2978","276.7","Townhouse","4","","","","","4955","460.34","","G+2","","2025-11-09 00:00:00","Active Listings","","No","","","Brand New Modern style 4BR Townhous Ready to Move-in","Dubai Properties",""
"24258557","2025-11-09 00:00:00","Mudon","Al Ranim","Al Ranim 1","","","330000","330000","111","1192.63","2978","276.7","Townhouse","4","","","","","4955","460.34","","G+2","","2025-11-09 00:00:00","Active Listings","","No","","","Brand new for rent | Keys in Hand | Ready to move","Dubai Properties",""
"24553501","2025-11-08 00:00:00","Mudon","Al Ranim","Al Ranim 3","","","200000","200000","90","971.02","2217","206","Townhouse","3","","","","","1808","168.01","","G+1","","2025-11-08 00:00:00","Active Listings","","No","","","? 3 Bedroom + Maid’s Townhouse | Single Row | Opposite Pool & Park | Ranim 3","Dubai Properties",""
"24324659","2025-11-08 00:00:00","Mudon","Al Ranim","Al Ranim 1","","","188000","188000","85","912.62","2217","206","Townhouse","3","","","","","1855","172.38","","G+1","","2025-11-08 00:00:00","Active Listings","","No","","","Brand New Spacious 3bhk Villa ! Faimy community! Prime location","Dubai Properties",""
"24554328","2025-11-08 00:00:00","Mudon","Al Ranim","Al Ranim 3","","","190000","190000","86","922.46","2217","206","Townhouse","3","","","","","2158","200.49","","G+1","","2025-11-08 00:00:00","Active Listings","","No","","","Spacious 3BR + Maid | Family Home | Rare","Dubai Properties",""
"24325217","2025-11-08 00:00:00","Mudon","Al Ranim","Al Ranim 2","","","210000","210000","95","1019.42","2217","206","Townhouse","3","","","","","1808","168","","G+1","","2025-11-08 00:00:00","Active Listings","","No","","","Vacant | Single Row | Family Living","Dubai Properties",""
"23275366","2025-11-08 00:00:00","Mudon","Al Ranim","Al Ranim 1","","","199000","199000","90","966.02","2217","206","Townhouse","3","","","","","2032","188.76","","G+1","","2025-11-08 00:00:00","Active Listings","","No","","","Single Row ! Brand New Spacious 3bhk ! Faimly community","Dubai Properties",""
"24553853","2025-11-08 00:00:00","Mudon","Al Ranim","Al Ranim 1","","","240000","240000","94","1013.6","2549","236.78","Townhouse","4","","","","","2734","253.98","","G+1","","2025-11-08 00:00:00","Active Listings","","No","","","Corner Unit|Single Row|Large Plot|Next to Park","Dubai Properties",""
"23324334","2025-11-08 00:00:00","Mudon","Al Ranim","Al Ranim 1","","","330000","330000","111","1192.63","2978","276.7","Townhouse","4","","","","","4955","460.34","","G+2","","2025-11-08 00:00:00","Active Listings","","No","","","Corner Unit | 4BHK G+2 Villa with Maid’s Room in Mudon”","Dubai Properties",""
"24554942","2025-11-08 00:00:00","Mudon","Al Ranim","Al Ranim 2","","","250000","250000","84","903.51","2978","276.7","Townhouse","4","Community,Greenbelt","","","","2673","248.32","","G+2","","2025-11-08 00:00:00","Active Listings","","No","","","Spacious | Single Row | Prime Location","Dubai Properties",""
"24257221","2025-11-08 00:00:00","Mudon","Al Ranim","Al Ranim 1","","","189000","189000","85","917.48","2217","206","Townhouse","3","","","","","1924","178.71","","G+1","","2025-11-08 00:00:00","Active Listings","","No","","","Brand New Spacious 3bhk Villa ! Single Row! Faimly community","Dubai Properties",""
"24554731","2025-11-08 00:00:00","Mudon","Al Ranim","Al Ranim 3","","","180000","180000","81","873.91","2217","206","Townhouse","3","","","","","1965","182.52","","G+1","","2025-11-08 00:00:00","Active Listings","","No","","","Brand New | White Goods | Available 15Nov","Dubai Properties",""
"23284473","2025-11-08 00:00:00","Mudon","Al Ranim","Al Ranim 2","","","190000","200000","90","970.87","2217","206","Townhouse","3","Community,Swimming Pool,Park","","","","1808","168","","G+1","","2025-11-08 00:00:00","Active Listings","","No","","","Pool Facing | Single Row | Kitchen Appliances","Dubai Properties",""
"24553721","2025-11-08 00:00:00","Mudon","Al Ranim","Al Ranim 2","","","199000","199000","90","970.73","2211","205","Townhouse","3","","","","","0","0","","G+1","","2025-11-08 00:00:00","Active Listings","","No","","","G+1 | Next to Entrance | Ready","Dubai Properties",""
"23322361","2025-11-08 00:00:00","Mudon","Al Ranim","Al Ranim 1","","","180000","190000","86","922.33","2217","206","Townhouse","3","","","","","1865","173.28","","G+1","","2025-11-08 00:00:00","Active Listings","","No","","","Great Location | Close to the Pool | Ready now","Dubai Properties",""
"24549902","2025-11-07 00:00:00","Mudon","Al Ranim","Al Ranim 3","","","190000","190000","86","922.46","2217","206","Townhouse","3","","","","","2158","200.49","","G+1","","2025-11-07 00:00:00","Active Listings","","No","","","3BR G+1 l Brand new l Ready to move l Never used","Dubai Properties",""
"24548384","2025-11-07 00:00:00","Mudon","Al Ranim","Al Ranim 3","","","200000","200000","90","971.02","2217","206","Townhouse","3","","","","","1808","168.01","","G+1","","2025-11-07 00:00:00","Active Listings","","No","","","Elegant 3BR+Maid | Vacant | Prime Location","Dubai Properties",""
"24548396","2025-11-07 00:00:00","Mudon","Al Ranim","Al Ranim 2","","","260000","260000","102","1097.93","2549","236.78","Townhouse","4","","","","","2582","239.83","","G+1","","2025-11-07 00:00:00","Active Listings","","No","","","On Park Residence | Single Row | Fitted Kitchen","Dubai Properties",""
"24547911","2025-11-07 00:00:00","Mudon","Al Ranim","Al Ranim 2","","","250000","250000","94","1016.26","2653","246","Townhouse","4","","","","","0","0","","G+1","","2025-11-07 00:00:00","Active Listings","","No","","","4 Bed - Al Ranim 2 - Ready To Move In","Dubai Properties",""
"24549968","2025-11-07 00:00:00","Mudon","Al Ranim","Al Ranim 3","","","190000","190000","86","922.46","2217","206","Townhouse","3","","","","","2158","200.49","","G+1","","2025-11-07 00:00:00","Active Listings","","No","","","3 Bed + Maid | Road View | Brand New","Dubai Properties",""
"24547705","2025-11-07 00:00:00","Mudon","Al Ranim","Al Ranim 1","","","215000","215000","119","1279.76","1808","168","Townhouse","3","","","","","0","0","","G+1","","2025-11-07 00:00:00","Active Listings","","No","","","Direct park access | Ready to move | G+1","Dubai Properties",""
"24548989","2025-11-07 00:00:00","Mudon","Al Ranim","Al Ranim 2","","","215000","215000","97","1043.84","2217","206","Townhouse","3","","","","","1975","183.47","","G+1","","2025-11-07 00:00:00","Active Listings","","No","","","Ready to move | On park + pool | Next to entrance","Dubai Properties",""
"24549501","2025-11-07 00:00:00","Mudon","Al Ranim","Al Ranim 3","","","200000","200000","90","971.02","2217","206","Townhouse","3","","","","","1808","168.01","","G+1","","2025-11-07 00:00:00","Active Listings","","No","","","Ready on 15 NOV | Brand New | 4 Cheques","Dubai Properties",""
"24324758","2025-11-07 00:00:00","Mudon","Al Ranim","Al Ranim 2","","","190000","210000","95","1019.57","2217","206","Townhouse","3","","","","","1808","168","","G+1","","2025-11-07 00:00:00","Active Listings","","No","","","Park View | Multiple Cheques | Ready","Dubai Properties",""
"24550045","2025-11-07 00:00:00","Mudon","Al Ranim","Al Ranim 2","","","272020","272020","65","701.08","4177","388","Townhouse","4","","","","","0","0","","G+1","","2025-11-07 00:00:00","Active Listings","","No","","","Corner Unit | Largest Plot | Single Row","Dubai Properties",""
"24548263","2025-11-07 00:00:00","Mudon","Al Ranim","Al Ranim 3","","","189999","189999","86","922.33","2216","206","Townhouse","3","","","","","0","0","","G+1","","2025-11-07 00:00:00","Active Listings","","No","","","Brandnew | Great Community | Best Price","Dubai Properties",""
"24548013","2025-11-07 00:00:00","Mudon","Al Ranim","Al Ranim 2","","","265000","265000","104","1119.04","2549","236.78","Townhouse","4","","","","","4177","388.06","","G+1","","2025-11-07 00:00:00","Active Listings","","No","","","Spacious 4BR Villa | Big Plot | Ready To Move In","Dubai Properties",""
"24548270","2025-11-07 00:00:00","Mudon","Al Ranim","Al Ranim 2","","","210000","210000","95","1024.39","2210","205","Townhouse","3","","","","","0","0","","G+1","","2025-11-07 00:00:00","Active Listings","","No","","","Brandnew | Perfect for Family | Spacious 3BR","Dubai Properties",""
"24419506","2025-11-07 00:00:00","Mudon","Al Ranim","Al Ranim 1","","","319999","319999","107","1156.48","2978","276.7","Townhouse","4","","","","","4955","460.34","","G+2","","2025-11-07 00:00:00","Active Listings","","No","","","ON THE PARK I 4 BED I AL RANIM I MUDON","Dubai Properties",""
"24582839","2025-11-07 00:00:00","Mudon","Al Ranim","Al Ranim 2","","","200000","200000","78","838.64","2567","238.55","Townhouse","3","","","","N","1845","171.46","","G+2","","2026-11-06 00:00:00","Rental Contracts","","","","","","Dubai Properties","New"
"24549819","2025-11-07 00:00:00","Mudon","Al Ranim","Al Ranim 3","","","230000","230000","90","964.16","2568","238.55","Townhouse","3","","","","","1808","168.01","","G+2","","2025-11-07 00:00:00","Active Listings","","Yes","","","Inside Community Facing | 3 BR+M | G+2 Layout","Dubai Properties",""
"24541744","2025-11-06 00:00:00","Mudon","Al Ranim","Al Ranim 2","","","300000","300000","101","1084.32","2978","276.7","Townhouse","4","","","","","3468","322.22","","G+2","","2025-11-06 00:00:00","Active Listings","","No","","","4 G+2 | Amenities Facing | Vacant","Dubai Properties",""
"23241029","2025-11-06 00:00:00","Mudon","Al Ranim","Al Ranim 1","","","330000","350000","118","1265.04","2978","276.7","Townhouse","4","","","","","4955","460.34","","G+2","","2025-11-06 00:00:00","Active Listings","","No","","","Landscaped | Park View | Largest Plot","Dubai Properties",""
"24540769","2025-11-06 00:00:00","Mudon","Al Ranim","Al Ranim 2","","","310000","310000","104","1120.47","2978","276.7","Townhouse","4","","","","","3468","322.22","","G+2","","2025-11-06 00:00:00","Active Listings","","","","","Close to Park | Big Layout | Corner | 4BR + Maid","Dubai Properties",""
"24407399","2025-11-06 00:00:00","Mudon","Al Ranim","Al Ranim 2","","","185000","190000","86","922.33","2217","206","Townhouse","3","","","","","1808","168","","G+1","","2025-11-06 00:00:00","Active Listings","","No","","","3 Bedrooms G+1 | Facing Park | Brand New","Dubai Properties",""
"23313289","2025-11-06 00:00:00","Mudon","Al Ranim","Al Ranim 1","","","235000","235000","92","985.12","2568","238.55","Townhouse","3","","","","","1808","168","","G+2","","2025-11-06 00:00:00","Active Listings","","No","","","G+2 Type Villa | Park Backing | Spacious","Dubai Properties",""
"24541078","2025-11-06 00:00:00","Mudon","Al Ranim","Al Ranim 2","","","249950","249950","98","1054.64","2549","237","Townhouse","4","","","","","0","0","","G+1","","2025-11-06 00:00:00","Active Listings","","No","","","Brand New | Large Corner Plot | Real Ad","Dubai Properties",""
"24541086","2025-11-06 00:00:00","Mudon","Al Ranim","Al Ranim 3","","","210000","210000","95","1019.42","2217","206","Townhouse","3","","","","","1808","168.01","","G+1","","2025-11-06 00:00:00","Active Listings","","Yes","","","Single Row | Green Belt Unit | Near to Amenities","Dubai Properties",""
"24498084","2025-11-06 00:00:00","Mudon","Al Ranim","Al Ranim 3","","","240000","240000","94","1013.6","2549","236.78","Townhouse","4","Community,Road,Landscaped Garden","","","","3344","310.65","","G+1","","2025-11-06 00:00:00","Active Listings","","No","","","Corner Unit I Brand new I Modern Finished","Dubai Properties",""
"24498094","2025-11-06 00:00:00","Mudon","Al Ranim","Al Ranim 3","","","180000","180000","81","873.91","2217","206","Townhouse","3","","","","","1965","182.52","","G+1","","2025-11-06 00:00:00","Active Listings","","No","","","Vacant Unit | Brand New | Close to Pool | G + 1","Dubai Properties",""
"24541627","2025-11-06 00:00:00","Mudon","Al Ranim","Al Ranim 3","","","204999","204999","110","1178.16","1872","174","Townhouse","3","","","","","0","0","","G+1","","2025-11-06 00:00:00","Active Listings","","No","","","Ready to move in | Brand new | Prime Location","Dubai Properties",""
"24133830","2025-11-06 00:00:00","Mudon","Al Ranim","Al Ranim 1","","","230000","230000","90","964.08","2568","238.55","Townhouse","3","","","","","1891","175.64","","G+2","","2025-11-06 00:00:00","Active Listings","","No","","","Facing Park I Single Row I Ready To Move In","Dubai Properties",""
"24540614","2025-11-06 00:00:00","Mudon","Al Ranim","Al Ranim 2","","","312000","312000","99","1061.22","3164","294","Townhouse","4","","","","","0","0","","G+1","","2025-11-06 00:00:00","Active Listings","","No","","","Type G+2 | 3500 sqft Plot | On park, next to pool","Dubai Properties",""
"24541896","2025-11-06 00:00:00","Mudon","Al Ranim","Al Ranim 1","","","300000","300000","101","1084.32","2978","276.7","Townhouse","4","","","","","2613","242.8","","G+2","","2025-11-06 00:00:00","Active Listings","","No","","","4 Beds + Maid | Close to Park | Single Row G+2","Dubai Properties",""
"23251402","2025-11-06 00:00:00","Mudon","Al Ranim","Al Ranim 1","","","220000","230000","122","1309.2","1891","176","Townhouse","3","","","","","0","0","","G+1","","2025-11-06 00:00:00","Active Listings","","","","","3BR G+2 | Direct on Park | Close to Pool","Dubai Properties",""
"24542412","2025-11-06 00:00:00","Mudon","Al Ranim","Al Ranim 3","","","200000","200000","90","970.87","2217","206","Townhouse","3","","","","","0","0","","G+1","","2025-11-06 00:00:00","Active Listings","","No","","","3 bedroom + Maid | Kitchen Appliances included","Dubai Properties",""
"24542668","2025-11-06 00:00:00","Mudon","Al Ranim","Al Ranim 3","","","205000","205000","112","1207.8","1827","170","Townhouse","3","","","","","0","0","","G+1","","2025-11-06 00:00:00","Active Listings","","No","","","3BR Townhouse for Rent in Mudon Al Ranim","Dubai Properties",""
"24541916","2025-11-06 00:00:00","Mudon","Al Ranim","Al Ranim 3","","","350000","350000","118","1265.04","2978","276.7","Townhouse","4","","","","","2653","246.46","","G+2","","2025-11-06 00:00:00","Active Listings","","No","","","On Green Belt | G+2 | 4 Bedroom + Family Room","Dubai Properties",""
"24540643","2025-11-06 00:00:00","Mudon","Al Ranim","Al Ranim 2","","","260000","260000","104","1120.69","2500","232","Townhouse","4","","","","","0","0","","G+1","","2025-11-06 00:00:00","Active Listings","","No","","","4 Bed - Al Ranim 2 - Ready To Move In","Dubai Properties",""
"24541924","2025-11-06 00:00:00","Mudon","Al Ranim","Al Ranim 3","","","210000","210000","95","1019.57","2217","206","Townhouse","3","","","","","1810","168.11","","G+1","","2025-11-06 00:00:00","Active Listings","","No","","","3BR Plus Maid | Handover 2025 | Backing Green Belt","Dubai Properties",""
"24541167","2025-11-06 00:00:00","Mudon","Al Ranim","Al Ranim 3","","","200000","200000","90","971.02","2217","206","Townhouse","3","","","","","1808","168.01","","G+1","","2025-11-06 00:00:00","Active Listings","","No","","","Park View | Brand New | Single Row | 3BR + Maid","Dubai Properties",""
"24542452","2025-11-06 00:00:00","Mudon","Al Ranim","Al Ranim 2","","","200000","200000","90","966.18","2224","207","Townhouse","3","","","","","0","0","","G+1","","2025-11-06 00:00:00","Active Listings","","No","","","Luxury 3BR | Prime Location | Spacious Layout","Dubai Properties",""
"24259329","2025-11-05 00:00:00","Mudon","Al Ranim","Al Ranim 2","","","250000","250000","98","1055.83","2549","236.78","Townhouse","4","","","","","2729","253.49","","G+1","","2025-11-05 00:00:00","Active Listings","","No","","","Brand New | 4BR + Maids | Near to Park and Pool","Dubai Properties",""
"24533765","2025-11-05 00:00:00","Mudon","Al Ranim","Al Ranim 2","","","220000","220000","100","1073.17","2211","205","Townhouse","3","","","","","0","0","","G+1","","2025-11-05 00:00:00","Active Listings","","No","","","Brand New | Kitchen Appliances Included | 3BR+Maid","Dubai Properties",""
"24399371","2025-11-05 00:00:00","Mudon","Al Ranim","Al Ranim 1","","","200000","200000","90","970.87","2217","206","Townhouse","3","Community,Landscaped Garden,Distant Swimming Pool","","","","1808","168","","G+1","","2025-11-05 00:00:00","Active Listings","","No","","","Ranim Specious 3Bed / New/ Prime","Dubai Properties",""
"24534564","2025-11-05 00:00:00","Mudon","Al Ranim","Al Ranim 2","","","200000","200000","90","970.87","2216","206","Townhouse","3","","","","","0","0","","G+1","","2025-11-05 00:00:00","Active Listings","","No","","","Elegant 3BR Villa | Familiy Living | Huge Plot","Dubai Properties",""
"24534580","2025-11-05 00:00:00","Mudon","Al Ranim","Al Ranim 3","","","200000","200000","90","971.02","2217","206","Townhouse","3","","","","","1808","168.01","","G+1","","2025-11-05 00:00:00","Active Listings","","No","","","3Br+Maid | Park view | Spacious Villa","Dubai Properties",""
"23225397","2025-11-05 00:00:00","Mudon","Al Ranim","Al Ranim 1","","","325000","350000","118","1264.91","2978","276.7","Townhouse","4","","","","","4955","460.34","","G+2","","2025-11-05 00:00:00","Active Listings","","No","","","4 Bed G+2 | Largest Plot | Park Facing","Dubai Properties",""
"24533560","2025-11-05 00:00:00","Mudon","Al Ranim","Al Ranim 1","","","210000","210000","95","1019.57","2217","206","Townhouse","3","","","","","1872","173.93","","G+1","","2025-11-05 00:00:00","Active Listings","","No","","","Park View | Prime Location | Brand New","Dubai Properties",""
"24534072","2025-11-05 00:00:00","Mudon","Al Ranim","Al Ranim 3","","","360000","360000","121","1301.19","2978","276.7","Townhouse","4","","","","","2653","246.46","","G+2","","2025-11-05 00:00:00","Active Listings","","No","","","G+2 | Multiple Options | Prime Location","Dubai Properties",""
"24258362","2025-11-05 00:00:00","Mudon","Al Ranim","Al Ranim 2","","","192000","215000","97","1043.69","2217","206","Townhouse","3","","","","","1808","168","","G+1","","2025-11-05 00:00:00","Active Listings","","No","","","Contemporary Style | Family Comfort | Vacant","Dubai Properties",""
"24535369","2025-11-05 00:00:00","Mudon","Al Ranim","Al Ranim 3","","","200000","200000","90","970.87","2217","206","Townhouse","3","","","","","1808","168.01","","G+1","","2025-11-05 00:00:00","Active Listings","","Yes","","","Direct Park Access | G+1 | Private Garden","Dubai Properties",""
"24533839","2025-11-05 00:00:00","Mudon","Al Ranim","Al Ranim 2","","","185000","185000","83","898.19","2217","206","Townhouse","3","","","","","1814","168.55","","G+1","","2025-11-05 00:00:00","Active Listings","","Yes","","","Multiple Options | G+1 | Perfect Family Living","Dubai Properties",""
"24533849","2025-11-05 00:00:00","Mudon","Al Ranim","Al Ranim 1","","","185000","185000","83","898.06","2217","206","Townhouse","3","","","","","0","0","","G+1","","2025-11-05 00:00:00","Active Listings","","No","","","Keys on Hand | Great Location | Brand New","Dubai Properties",""
"24534620","2025-11-05 00:00:00","Mudon","Al Ranim","Al Ranim 2","","","245000","245000","96","1034.58","2549","236.78","Townhouse","4","Community,Road,Walkway,Landscaped Garden","","","","2767","257.05","","G+1","","2025-11-05 00:00:00","Active Listings","","No","","","Brand new | Park facing | Ready to Move","Dubai Properties",""
"23305309","2025-11-05 00:00:00","Mudon","Al Ranim","Al Ranim 1","","","250000","250000","97","1048","2568","238.55","Townhouse","3","","","","","1891","175.64","","G+2","","2025-11-05 00:00:00","Active Listings","","No","","","Biggest Plot Size | Huge Layout | Vacant","Dubai Properties",""
"24534369","2025-11-05 00:00:00","Mudon","Al Ranim","Al Ranim 1","","","250000","250000","87","939.85","2864","266","Townhouse","4","","","","","0","0","","G+1","","2025-11-05 00:00:00","Active Listings","","No","","","G+1 | Multiple Options Available | Corner Unit","Dubai Properties",""
"23301731","2025-11-05 00:00:00","Mudon","Al Ranim","Al Ranim 1","","","197000","197000","89","956.45","2217","206","Townhouse","3","","","","","1924","178.71","","G+1","","2025-11-05 00:00:00","Active Listings","","No","","","Singel Row | Brand New I Vacant I 3 Bedroom Plus Maid| Al Ranim","Dubai Properties",""
"24534377","2025-11-05 00:00:00","Mudon","Al Ranim","Al Ranim 1","","","195000","195000","109","1174.7","1791","166","Townhouse","3","","","","","0","0","","G+1","","2025-11-05 00:00:00","Active Listings","","No","","","G+1 | Multiple Options Available | Single Row","Dubai Properties",""
"24534162","2025-11-05 00:00:00","Mudon","Al Ranim","Al Ranim 1","","","190000","190000","86","922.33","2217","206","Townhouse","3","","","","","0","0","","G+1","","2025-11-05 00:00:00","Active Listings","","No","","","3 Bedroom | Brand New | Opposite Pool and Park","Dubai Properties",""
"24378782","2025-11-05 00:00:00","Mudon","Al Ranim","Al Ranim 2","","","220000","240000","93","1005.99","2568","238.55","Townhouse","3","","","","","1846","171.46","","G+2","","2025-11-05 00:00:00","Active Listings","","No","","","3BR G+2 | Near to Amenities | Spectacular Location","Dubai Properties",""
"24534180","2025-11-05 00:00:00","Mudon","Al Ranim","Al Ranim 1","","","270000","270000","106","1139.24","2549","237","Townhouse","4","","","","","0","0","","G+1","","2025-11-05 00:00:00","Active Listings","","No","","","Ready to Move | Opposite to Park | Prime Location","Dubai Properties",""
"24534186","2025-11-05 00:00:00","Mudon","Al Ranim","Al Ranim 1","","","180000","180000","70","753.14","2568","239","Townhouse","3","","","","","0","0","","G+1","","2025-11-05 00:00:00","Active Listings","","No","","","Prime Location | Ready to Move In | Garden View","Dubai Properties",""
"24471733","2025-11-05 00:00:00","Mudon","Al Ranim","Al Ranim 3","","","200000","200000","90","970.87","2217","206","Townhouse","3","","","","","1808","168.01","","G+1","","2025-11-05 00:00:00","Active Listings","","No","","","3BR Townhouse | Green Belt View | 4 Cheques","Dubai Properties",""
"24534457","2025-11-05 00:00:00","Mudon","Al Ranim","Al Ranim 2","","","210000","210000","95","1019.57","2217","206","Townhouse","3","","","","","1813","168.46","","G+1","","2025-11-05 00:00:00","Active Listings","","","","","Brand New | Single Row | Spacious Layout | 3BR + Maid","Dubai Properties",""
"24534463","2025-11-05 00:00:00","Mudon","Al Ranim","Al Ranim 3","","","200000","200000","90","970.87","2213","206","Townhouse","3","","","","","0","0","","G+1","","2025-11-05 00:00:00","Active Listings","","No","","","3 BED+MAIDS | CLOSE TO AMENITIES | PRIVATE GARDEN","Dubai Properties",""
"24533696","2025-11-05 00:00:00","Mudon","Al Ranim","Al Ranim 1","","","190000","190000","86","922.33","2217","206","Townhouse","3","","","","","0","0","","G+1","","2025-11-05 00:00:00","Active Listings","","No","","","Viewing Possible | On the Park | Single Row","Dubai Properties",""
"24533700","2025-11-05 00:00:00","Mudon","Al Ranim","Al Ranim 1","","","185000","185000","83","898.19","2217","206","Townhouse","3","","","","","1808","167.99","","G+1","","2025-11-05 00:00:00","Active Listings","","No","","","BRAND NEW| READY TO MOVE| GATED COMMUNITY","Dubai Properties",""
"24535271","2025-11-05 00:00:00","Mudon","Al Ranim","Al Ranim 2","","","189999","189999","86","922.33","2217","206","Townhouse","3","","","","","1808","168","","G+1","","2025-11-05 00:00:00","Active Listings","","No","","","Ready To Move In I On The Park I 3BR + Maids G+1","Dubai Properties",""
"24533995","2025-11-05 00:00:00","Mudon","Al Ranim","Al Ranim 3","","","275000","275000","108","1161.42","2549","236.78","Townhouse","4","","","","","2852","264.96","","G+1","","2025-11-05 00:00:00","Active Listings","","No","","","Type G+1 | Next to Park and Entrance | Brand New","Dubai Properties",""
"24535275","2025-11-05 00:00:00","Mudon","Al Ranim","Al Ranim 3","","","195000","195000","88","946.6","2217","206","Townhouse","3","","","","","0","0","","G+1","","2025-11-05 00:00:00","Active Listings","","No","","","Brand New | Park Backing | Hand over 15th Nov","Dubai Properties",""
"24588019","2025-11-05 00:00:00","Mudon","Al Ranim","Al Ranim 2","","","200000","200000","90","970.87","2217","206","Townhouse","3","","","","N","1808","168.01","Type 3B1","G+1","","2026-11-04 00:00:00","Rental Contracts","","","","","","Dubai Properties","New"
"24535547","2025-11-05 00:00:00","Mudon","Al Ranim","Al Ranim 1","","","210000","210000","95","1019.42","2217","206","Townhouse","3","","","","","0","0","","G+1","","2025-11-05 00:00:00","Active Listings","","No","","","Brand New | Road Backing | Vacant","Dubai Properties",""
"23199746","2025-11-04 00:00:00","Mudon","Al Ranim","Al Ranim 1","","","195000","195000","89","955.88","2200","204","Townhouse","3","","","","","0","0","","G+1","","2025-11-04 00:00:00","Active Listings","","","","","Brand New | Multiple Cheques | Single Row | Vacant","Dubai Properties",""
"24302595","2025-11-04 00:00:00","Mudon","Al Ranim","Al Ranim 1","","","250000","250000","92","996.02","2703","251","Townhouse","4","","","","","0","0","","G+1","","2025-11-04 00:00:00","Active Listings","","No","","","Brand New | Genuine Seller | Single Row | Opposite Pool and Park","Dubai Properties",""
"24326148","2025-11-04 00:00:00","Mudon","Al Ranim","Al Ranim 1","","","250000","250000","87","939.85","2864","266","Townhouse","4","","","","","0","0","","G+1","","2025-11-04 00:00:00","Active Listings","","No","","","G+1 | Multiple Options Available | Corner Unit","Dubai Properties",""
"24453125","2025-11-04 00:00:00","Mudon","Al Ranim","Al Ranim 2","","","189888","189888","86","921.79","2217","206","Townhouse","3","","","","","0","0","","G+1","","2025-11-04 00:00:00","Active Listings","","No","","","Bright | Ready to Move | Park-Facing","Dubai Properties",""
"23318278","2025-11-04 00:00:00","Mudon","Al Ranim","Al Ranim 1","","","250000","250000","98","1054.85","2549","237","Townhouse","3","","","","","0","0","","G+1","","2025-11-04 00:00:00","Active Listings","","No","","","Park Facing | 3BR G+2 | Brand New | Spacious","Dubai Properties",""
"24515847","2025-11-04 00:00:00","Mudon","Al Ranim","Al Ranim 3","","","200000","200000","90","970.87","2217","206","Townhouse","3","","","","","0","0","","G+1","","2025-11-04 00:00:00","Active Listings","","No","","","3 Bed G+1 | Great Location | Ready To Book","Dubai Properties",""
"24435208","2025-11-04 00:00:00","Mudon","Al Ranim","Al Ranim 1","","","260000","260000","102","1098.07","2549","236.78","Townhouse","4","","","","","2734","253.98","","G+1","","2025-11-04 00:00:00","Active Listings","","No","","","Corner Plot | Vastu | 4BR G+1 | Prime Location","Dubai Properties",""
"24326153","2025-11-04 00:00:00","Mudon","Al Ranim","Al Ranim 1","","","195000","195000","109","1174.7","1791","166","Townhouse","3","","","","","0","0","","G+1","","2025-11-04 00:00:00","Active Listings","","No","","","G+1 | Multiple Options Available | Single Row","Dubai Properties",""
"23282697","2025-11-04 00:00:00","Mudon","Al Ranim","Al Ranim 1","","","250000","250000","88","950.57","2835","263","Townhouse","4","","","","","0","0","","G+1","","2025-11-04 00:00:00","Active Listings","","No","","","Brand New Villa | Vacant | Community View","Dubai Properties",""
"24497417","2025-11-04 00:00:00","Mudon","Al Ranim","Al Ranim 2","","","245000","245000","96","1034.72","2549","236.78","Townhouse","4","","","","","2728","253.41","","G+1","","2025-11-04 00:00:00","Active Listings","","No","","","Available for Rent| Brand New| Prime Location","Dubai Properties",""
"24373514","2025-11-04 00:00:00","Mudon","Al Ranim","Al Ranim 1","","","195000","195000","90","975","2157","200","Townhouse","3","","","","","0","0","","G+1","","2025-11-04 00:00:00","Active Listings","","No","","","Brandnew | Prime Location | Exclusive","Dubai Properties",""
"24491276","2025-11-04 00:00:00","Mudon","Al Ranim","Al Ranim 2","","","190000","190000","86","922.33","2217","206","Townhouse","3","","","","","1846","171.47","","G+1","","2025-11-04 00:00:00","Active Listings","","No","","","Brand new || 3 Bedroom Townhouse For Rent || Single Row","Dubai Properties",""
"23318285","2025-11-04 00:00:00","Mudon","Al Ranim","Al Ranim 1","","","220000","220000","99","1067.96","2217","206","Townhouse","3","","","","","0","0","","G+1","","2025-11-04 00:00:00","Active Listings","","No","","","Park Facing | Near Pool G+1 | Brand New","Dubai Properties",""
"24320527","2025-11-04 00:00:00","Mudon","Al Ranim","Al Ranim 2","","","195000","195000","88","946.74","2217","206","Townhouse","3","","","","","0","0","","G+1","","2025-11-04 00:00:00","Active Listings","","No","","","Single Row | Brand New | Landscaped Garden","Dubai Properties",""
"24399631","2025-11-04 00:00:00","Mudon","Al Ranim","Al Ranim 2","","","300000","300000","95","1020.41","3164","294","Townhouse","4","","","","","0","0","","G+1","","2025-11-04 00:00:00","Active Listings","","No","","","Brand New| Sky Suite | Large Plot | View Today","Dubai Properties",""
"24437264","2025-11-04 00:00:00","Mudon","Al Ranim","Al Ranim 2","","","195000","195000","88","946.6","2217","206","Townhouse","3","","","","","1814","168.57","","G+1","","2025-11-04 00:00:00","Active Listings","","No","","","Modern 3 Bed | Prime Location | Multiple Units","Dubai Properties",""
"24513297","2025-11-04 00:00:00","Mudon","Al Ranim","Al Ranim 3","","","199999","199999","90","971.01","2217","206","Townhouse","3","","","","","1808","168.01","","G+1","","2025-11-04 00:00:00","Active Listings","","No","","","Modern Design | Brand New | Park Fasing","Dubai Properties",""
"24352274","2025-11-04 00:00:00","Mudon","Al Ranim","Al Ranim 2","","","190000","190000","86","922.46","2217","206","Townhouse","3","","","","","1808","168","","G+1","","2025-11-04 00:00:00","Active Listings","","No","","","On Park  |  Prime Location  | Best Price","Dubai Properties",""
"24449299","2025-11-04 00:00:00","Mudon","Al Ranim","Al Ranim 1","","","320000","320000","65","695.65","4950","460","Townhouse","4","","","","","0","0","","G+1","","2025-11-04 00:00:00","Active Listings","","No","","","G+2 | Backing towards Park | Largest Plot","Dubai Properties",""
"23162643","2025-11-04 00:00:00","Mudon","Al Ranim","Al Ranim 1","","","240000","240000","109","1168.39","2211","205","Townhouse","3","","","","","0","0","","G+1","","2025-11-04 00:00:00","Active Listings","","No","","","Single row | Close to the park | Brand new","Dubai Properties",""
"24505619","2025-11-04 00:00:00","Mudon","Al Ranim","Al Ranim 3","","","185000","185000","83","898.19","2217","206","Townhouse","3","","","","","1965","182.52","","G+1","","2025-11-04 00:00:00","Active Listings","","No","","","Modern Layout | Handover-Ready | Ideally Located","Dubai Properties",""
"24436501","2025-11-04 00:00:00","Mudon","Al Ranim","Al Ranim 1","","","195000","195000","88","946.6","2217","206","Townhouse","3","","","","","2032","188.76","","G+1","","2025-11-04 00:00:00","Active Listings","","No","","","Brand New | Road Facing | Modern Living","Dubai Properties",""
"24371221","2025-11-04 00:00:00","Mudon","Al Ranim","Al Ranim 2","","","190000","190000","86","922.46","2217","206","Townhouse","3","","","","","1808","168","","G+1","","2025-11-04 00:00:00","Active Listings","","No","","","Cheapest in market | On the Park | Landscaped.","Dubai Properties",""
"24437013","2025-11-04 00:00:00","Mudon","Al Ranim","Al Ranim 2","","","210000","210000","95","1019.42","2217","206","Townhouse","3","","","","","0","0","","G+1","","2025-11-04 00:00:00","Active Listings","","No","","","3BHK G+1 SPACIOUS TOWNHOUSE | CLOSE TO AMENITIES","Dubai Properties",""
"24532759","2025-11-04 00:00:00","Mudon","Al Ranim","Al Ranim 2","","","180000","180000","81","878.05","2211","205","Townhouse","3","","","","","0","0","","G+1","","2025-11-04 00:00:00","Active Listings","","No","","","Single Row | Brand New | Family Living","Dubai Properties",""
"24351770","2025-11-04 00:00:00","Mudon","Al Ranim","Al Ranim 2","","","198000","210000","95","1019.42","2217","206","Townhouse","3","","","","","1808","168","","G+1","","2025-11-04 00:00:00","Active Listings","","No","","","Green Belt | Close to Park | Close to Pool","Dubai Properties",""
"24373019","2025-11-04 00:00:00","Mudon","Al Ranim","Al Ranim 2","","","250000","250000","92","988.14","2728","253","Townhouse","4","","","","","0","0","","G+1","","2025-11-04 00:00:00","Active Listings","","No","","","View Today | Corner Unit | Close To Pool and park","Dubai Properties",""
"24353564","2025-11-04 00:00:00","Mudon","Al Ranim","Al Ranim 1","","","200000","200000","90","970.87","2217","206","Townhouse","3","","","","","0","0","","G+1","","2025-11-04 00:00:00","Active Listings","","No","","","Single Row | Community View | Ready To Move In","Dubai Properties",""
"23314716","2025-11-04 00:00:00","Mudon","Al Ranim","Al Ranim 1","","","250000","250000","97","1046.03","2568","239","Townhouse","3","","","","","0","0","","G+1","","2025-11-04 00:00:00","Active Listings","","No","","","Modern | 3BR G+2 | Park Facing | Spacious","Dubai Properties",""
"24373022","2025-11-04 00:00:00","Mudon","Al Ranim","Al Ranim 2","","","320000","320000","107","1156.61","2978","276.7","Townhouse","4","","","","","3468","322.22","","G+2","","2025-11-04 00:00:00","Active Listings","","No","","","4BHK+MAIDS VILLA | BRAND NEW | LARGE LAYOUT","Dubai Properties",""
"24491044","2025-11-04 00:00:00","Mudon","Al Ranim","Al Ranim 2","","","190000","190000","86","922.33","2217","206","Townhouse","3","","","","","1846","171.47","","G+1","","2025-11-04 00:00:00","Active Listings","","No","","","Garden View | Single Row | 3BHK | Villa | Al Ranim 2 | Mudon","Dubai Properties",""
"24299300","2025-11-04 00:00:00","Mudon","Al Ranim","Al Ranim 2","","","245000","260000","102","1098.07","2549","236.78","Townhouse","4","","","","","2678","248.84","","G+1","","2025-11-04 00:00:00","Active Listings","","No","","","Corner Unit | Park View | Brand New","Dubai Properties",""
"24373540","2025-11-04 00:00:00","Mudon","Al Ranim","Al Ranim 2","","","240000","260000","102","1098.07","2549","236.78","Townhouse","4","","","","","2678","248.84","","G+1","","2025-11-04 00:00:00","Active Listings","","No","","","Ranim 2 Brand New 4 Beds Park Facing Ready To Move","Dubai Properties",""
"24491301","2025-11-04 00:00:00","Mudon","Al Ranim","Al Ranim 1","","","320000","320000","107","1156.49","2978","276.7","Townhouse","4","","","","","4955","460.34","","G+2","","2025-11-04 00:00:00","Active Listings","","No","","","Corner Huge Plot | Facing park | 4BR G+2","Dubai Properties",""
"24320550","2025-11-04 00:00:00","Mudon","Al Ranim","Al Ranim 2","","","199999","210000","95","1019.57","2217","206","Townhouse","3","","","","","1808","168","","G+1","","2025-11-04 00:00:00","Active Listings","","No","","","Brand New | 3 Bed + Maid | Single Row, Park View","Dubai Properties",""
"24497446","2025-11-04 00:00:00","Mudon","Al Ranim","Al Ranim 2","","","225000","225000","88","941.42","2568","239","Townhouse","3","","","","","0","0","","G+1","","2025-11-04 00:00:00","Active Listings","","No","","","On The Park | Rare 3B2 G+2 | Real Advert","Dubai Properties",""
"24353320","2025-11-04 00:00:00","Mudon","Al Ranim","Al Ranim 2","","","210000","210000","95","1019.57","2217","206","Townhouse","3","","","","","1808","168","","G+1","","2025-11-04 00:00:00","Active Listings","","No","","","4 Cheques / close to pool / premium location","Dubai Properties",""
"24256297","2025-11-04 00:00:00","Mudon","Al Ranim","Al Ranim 1","","","185000","190000","86","922.46","2217","206","Townhouse","3","","","","","1808","168","","G+1","","2025-11-04 00:00:00","Active Listings","","No","","","Mudon 1 |Brand New | Ready to Move","Dubai Properties",""
"24297257","2025-11-04 00:00:00","Mudon","Al Ranim","Al Ranim 2","","","310000","320000","107","1156.61","2978","276.7","Townhouse","4","","","","","3468","322.22","","G+2","","2025-11-04 00:00:00","Active Listings","","No","","","READY TO MOVE IN I BRAND NEW I HUGE SIZE I MAIDS ROOM","Dubai Properties",""
"24266285","2025-11-04 00:00:00","Mudon","Al Ranim","Al Ranim 1","","","255000","255000","100","1076.95","2549","236.78","Townhouse","4","","","","","2998","278.56","","G+1","","2025-11-04 00:00:00","Active Listings","","No","","","PRIME LOCATION | BRAND NEW | MOST DEMANDED","Dubai Properties",""
"24351789","2025-11-04 00:00:00","Mudon","Al Ranim","Al Ranim 2","","","200000","210000","95","1019.42","2217","206","Townhouse","3","","","","","0","0","","G+1","","2025-11-04 00:00:00","Active Listings","","No","","","Close to Pool | Green Belt | Close to park","Dubai Properties",""
"23215150","2025-11-04 00:00:00","Mudon","Al Ranim","Al Ranim 1","","","250000","250000","92","992.06","2716","252","Townhouse","3","","","","","0","0","","G+1","","2025-11-04 00:00:00","Active Listings","","Yes","","","Park Facing | G+2 | Brand New | Spacious","Dubai Properties",""
"23170863","2025-11-04 00:00:00","Mudon","Al Ranim","Al Ranim 1","","","195000","195000","108","1160.71","1810","168","Townhouse","3","","","","","0","0","","G+1","","2025-11-04 00:00:00","Active Listings","","Yes","","","Single Row | Brand New | Pool n Park","Dubai Properties",""
"23315504","2025-11-04 00:00:00","Mudon","Al Ranim","Al Ranim 1","","","260000","260000","102","1097.05","2548","237","Townhouse","4","","","","","0","0","","G+1","","2025-11-04 00:00:00","Active Listings","","No","","","Park View | G+1 4BR | Spacious Brand New","Dubai Properties",""
"24478002","2025-11-04 00:00:00","Mudon","Al Ranim","Al Ranim 2","","","195000","195000","77","824.42","2546","237","Townhouse","3","","","","","0","0","","G+1","","2025-11-04 00:00:00","Active Listings","","No","","","Brand New | Good Price | Multiple Cheques","Dubai Properties",""
"24399923","2025-11-04 00:00:00","Mudon","Al Ranim","Al Ranim 2","","","300000","320000","107","1156.49","2978","276.7","Townhouse","4","","","","","3468","322.22","","G+2","","2025-11-04 00:00:00","Active Listings","","No","","","PARK VIEW | G+2 | WITH MAID ROOM | VIEW TODAY","Dubai Properties",""
"24360500","2025-11-04 00:00:00","Mudon","Al Ranim","Al Ranim 1","","","255000","255000","100","1076.81","2549","236.78","Townhouse","4","","","","","2908","270.2","","G+1","","2025-11-04 00:00:00","Active Listings","","No","","","Brand new | Single Row | Fitted Appliances","Dubai Properties",""
"24479030","2025-11-04 00:00:00","Mudon","Al Ranim","Al Ranim 2","","","190000","190000","86","922.46","2217","206","Townhouse","3","","","","","1846","171.47","","G+1","","2025-11-04 00:00:00","Active Listings","","No","","","Brand new || 3 Bedroom Townhouse For Rent || Single Row","Dubai Properties",""
"24450874","2025-11-04 00:00:00","Mudon","Al Ranim","Al Ranim 1","","","320000","320000","107","1155.23","2978","277","Townhouse","4","","","","","0","0","","G+1","","2025-11-04 00:00:00","Active Listings","","No","","","Bright 4 bedroom townhouse| Mudon Al Ranim 1","Dubai Properties",""
"24489531","2025-11-04 00:00:00","Mudon","Al Ranim","Al Ranim 2","","","255000","255000","100","1078.09","2546","237","Townhouse","4","","","","","0","0","","G+1","","2025-11-04 00:00:00","Active Listings","","No","","","4BR+M | Corner Unit | Single Row","Dubai Properties",""
"24129852","2025-11-04 00:00:00","Mudon","Al Ranim","Al Ranim 2","","","210000","210000","95","1024.39","2211","205","Townhouse","3","","","","","0","0","","G+1","","2025-11-04 00:00:00","Active Listings","","No","","","Brand New 3BR G+1 | Mudon Al Ranim 2","Dubai Properties",""
"24405820","2025-11-04 00:00:00","Mudon","Al Ranim","Al Ranim 2","","","195000","200000","101","1086.96","1977","184","Townhouse","3","","","","","0","0","","G+1","","2025-11-04 00:00:00","Active Listings","","No","","","Single row | Spacious | Brand New","Dubai Properties",""
"24406845","2025-11-04 00:00:00","Mudon","Al Ranim","Al Ranim 1","","","250000","250000","84","902.53","2978","277","Townhouse","4","","","","","0","0","","G+1","","2025-11-04 00:00:00","Active Listings","","No","","","On The Park | Ready to move | Brand New Gated community","Dubai Properties",""
"24335168","2025-11-04 00:00:00","Mudon","Al Ranim","Al Ranim 1","","","210000","210000","95","1019.42","2217","206","Townhouse","3","","","","","1808","167.99","","G+1","","2025-11-04 00:00:00","Active Listings","","No","","","Ready To Move | Brand New | 3 BR + Maids","Dubai Properties",""
"24405824","2025-11-04 00:00:00","Mudon","Al Ranim","Al Ranim 2","","","205000","205000","92","995.15","2217","206","Townhouse","3","","","","","1813","168.46","","G+1","","2025-11-04 00:00:00","Active Listings","","No","","","Vacant Now | View Today | Real property","Dubai Properties",""
"24491329","2025-11-04 00:00:00","Mudon","Al Ranim","Al Ranim 3","","","210000","210000","95","1019.42","2217","206","Townhouse","3","","","","","1810","168.11","","G+1","","2025-11-04 00:00:00","Active Listings","","No","","","Backing the green belt / Close to the main park","Dubai Properties",""
"23288386","2025-11-04 00:00:00","Mudon","Al Ranim","Al Ranim 1","","","260000","260000","86","925.27","3026","281","Townhouse","4","","","","","0","0","","G+1","","2025-11-04 00:00:00","Active Listings","","No","","","LANDS CAPE | PRIME LOCATION | ON PARK","Dubai Properties",""
"24379202","2025-11-04 00:00:00","Mudon","Al Ranim","Al Ranim 2","","","184500","184500","81","870.28","2287","212","Townhouse","3","","","","","0","0","","G+1","","2025-11-04 00:00:00","Active Listings","","No","","","LEGIT OFFER | 3 BEDROOMS + MAID | AED 184500","Dubai Properties",""
"24393795","2025-11-04 00:00:00","Mudon","Al Ranim","Al Ranim 2","","","200000","200000","90","971.02","2217","206","Townhouse","3","","","","","1813","168.46","","G+1","","2025-11-04 00:00:00","Active Listings","","No","","","Single Row | Brand New | Modern | 3 Bedrooms","Dubai Properties",""
"23291203","2025-11-04 00:00:00","Mudon","Al Ranim","Al Ranim 1","","","185000","185000","83","898.06","2217","206","Townhouse","3","","","","","0","0","","G+1","","2025-11-04 00:00:00","Active Listings","","No","","","Brand new | Vacant | Single row","Dubai Properties",""
"24533060","2025-11-04 00:00:00","Mudon","Al Ranim","Al Ranim 2","","","195000","195000","106","1140.35","1845","171","Townhouse","3","","","","","0","0","","G+1","","2025-11-04 00:00:00","Active Listings","","No","","","3BR + Maid | Park View | G+2 Luxury Living","Dubai Properties",""
"24444229","2025-11-04 00:00:00","Mudon","Al Ranim","Al Ranim 2","","","210000","210000","95","1019.57","2217","206","Townhouse","3","","","","","1814","168.54","","G+1","","2025-11-04 00:00:00","Active Listings","","No","","","Brand New | Single Row | Flexible Cheques","Dubai Properties",""
"24378949","2025-11-04 00:00:00","Mudon","Al Ranim","Al Ranim 2","","","200000","220000","99","1068.12","2217","206","Townhouse","3","","","","","1809","168.02","","G+1","","2025-11-04 00:00:00","Active Listings","","Yes","","","Brand New | Appliances | Near Park | Vacant","Dubai Properties",""
"24512840","2025-11-04 00:00:00","Mudon","Al Ranim","Al Ranim 1","","","190000","190000","102","1098.27","1866","173","Townhouse","3","","","","","0","0","","G+1","","2025-11-04 00:00:00","Active Listings","","No","","","Multiple Options | Brand New | Unfurnished","Dubai Properties",""
"24492104","2025-11-04 00:00:00","Mudon","Al Ranim","Al Ranim 3","","","350000","350000","118","1265.04","2978","277","Townhouse","4","","","","","0","0","","G+1","","2025-11-04 00:00:00","Active Listings","","No","","","Brand New I Close to Central Park I Ready in Nov","Dubai Properties",""
"24299337","2025-11-04 00:00:00","Mudon","Al Ranim","Al Ranim 2","","","192000","215000","97","1043.69","2217","206","Townhouse","3","","","","","1808","168","","G+1","","2025-11-04 00:00:00","Active Listings","","No","","","Contemporary Style | Family Comfort | Vacant","Dubai Properties",""
"24479562","2025-11-04 00:00:00","Mudon","Al Ranim","Al Ranim 1","","","325000","325000","109","1174.68","2978","276.7","Townhouse","4","","","","","4955","460.34","","G+2","","2025-11-04 00:00:00","Active Listings","","No","","","Luxurious | Ready to Move | Largest Plot","Dubai Properties",""
"24490826","2025-11-04 00:00:00","Mudon","Al Ranim","Al Ranim 3","","","200000","200000","90","971.02","2217","206","Townhouse","3","","","","","1808","168.01","","G+1","","2025-11-04 00:00:00","Active Listings","","No","","","Brand New | Park Facing | Mid Unit | Handover Soon","Dubai Properties",""
"24492619","2025-11-04 00:00:00","Mudon","Al Ranim","Al Ranim 1","","","180000","180000","70","753.14","2568","239","Townhouse","3","","","","","0","0","","G+1","","2025-11-04 00:00:00","Active Listings","","No","","","Prime Location | Ready to Move In | Garden View","Dubai Properties",""
"24319052","2025-11-04 00:00:00","Mudon","Al Ranim","Al Ranim 1","","","185000","185000","83","898.06","2217","206","Townhouse","3","","","","","0","0","","G+1","","2025-11-04 00:00:00","Active Listings","","No","","","Keys on Hand | Great Location | Brand New","Dubai Properties",""
"24135500","2025-11-04 00:00:00","Mudon","Al Ranim","Al Ranim 1","","","290000","290000","114","1223.63","2549","237","Townhouse","4","","","","","0","0","","G+1","","2025-11-04 00:00:00","Active Listings","","No","","","Huge Plot | Single Row | Vacant","Dubai Properties",""
"24398669","2025-11-04 00:00:00","Mudon","Al Ranim","Al Ranim 2","","","190000","190000","86","926.83","2211","205","Townhouse","3","","","","","0","0","","G+1","","2025-11-04 00:00:00","Active Listings","","No","","","Brand New | Al Ranim 2 | 3 bed G+1 | Big plot","Dubai Properties",""
"24494157","2025-11-04 00:00:00","Mudon","Al Ranim","Al Ranim 3","","","200000","200000","90","971.02","2217","206","Townhouse","3","","","","","1808","168.01","","G+1","","2025-11-04 00:00:00","Active Listings","","No","","","Brand New | Single Row | Ready by November","Dubai Properties",""
"23315277","2025-11-04 00:00:00","Mudon","Al Ranim","Al Ranim 2","","","270000","270000","106","1139.24","2549","237","Townhouse","4","","","","","0","0","","G+1","","2025-11-04 00:00:00","Active Listings","","No","","","Corner | Park View | Ready to Move in","Dubai Properties",""
"24236109","2025-11-04 00:00:00","Mudon","Al Ranim","Al Ranim 1","","","240000","280000","110","1181.43","2546","237","Townhouse","4","","","","","0","0","","G+1","","2025-11-04 00:00:00","Active Listings","","Yes","","","Family Home l Fitted Smeg Appliances l Maid Room","Dubai Properties",""
"24353871","2025-11-04 00:00:00","Mudon","Al Ranim","Al Ranim 2","","","230000","230000","85","912.7","2717","252","Townhouse","3","","","","","0","0","","G+1","","2025-11-04 00:00:00","Active Listings","","No","","","Park Facing | Single Row | Brandnew","Dubai Properties",""
"24363600","2025-11-04 00:00:00","Mudon","Al Ranim","Al Ranim 2","","","210000","210000","95","1019.42","2217","206","Townhouse","3","","","","","1813","168.46","","G+1","","2025-11-04 00:00:00","Active Listings","","No","","","Viewing Possible | Spacious | 3 BD + Maid","Dubai Properties",""
"24301393","2025-11-04 00:00:00","Mudon","Al Ranim","Al Ranim 2","","","290000","290000","97","1048.07","2978","276.7","Townhouse","4","","","","","2700","250.86","","G+2","","2025-11-04 00:00:00","Active Listings","","No","","","Vacant Unit | Brand New | By Pool and Park","Dubai Properties",""
"24444753","2025-11-04 00:00:00","Mudon","Al Ranim","Al Ranim 2","","","185000","185000","83","898.19","2217","206","Townhouse","3","","","","","2023","187.97","","G+1","","2025-11-04 00:00:00","Active Listings","","No","","","Ready to Move | Family Friendly | Hot Offer","Dubai Properties",""
"24505683","2025-11-04 00:00:00","Mudon","Al Ranim","Al Ranim 2","","","190000","190000","86","922.33","2217","206","Townhouse","3","","","","","1975","183.47","","G+1","","2025-11-04 00:00:00","Active Listings","","No","","","New 3-Bedroom + Maid Villa in Prime Park Location!","Dubai Properties",""
"24491350","2025-11-04 00:00:00","Mudon","Al Ranim","Al Ranim 3","","","245000","245000","96","1034.58","2549","236.78","Townhouse","4","","","","","2754","255.83","","G+1","","2025-11-04 00:00:00","Active Listings","","No","","","Brand New 4 Beds Park Facing Ready To Move","Dubai Properties",""
"24490328","2025-11-04 00:00:00","Mudon","Al Ranim","Al Ranim 1","","","235000","235000","92","992.36","2549","236.78","Townhouse","4","","","","","2911","270.42","","G+1","","2025-11-04 00:00:00","Active Listings","","No","","","Large 4 BR + Maid | Ready to Move | Prime Location","Dubai Properties",""
"23283545","2025-11-04 00:00:00","Mudon","Al Ranim","Al Ranim 1","","","250000","250000","84","899.28","2990","278","Townhouse","4","","","","","0","0","","G+1","","2025-11-04 00:00:00","Active Listings","","No","","","Single Row | 4 Bedroom + Maid | L-Shape Garden","Dubai Properties",""
"24353882","2025-11-04 00:00:00","Mudon","Al Ranim","Al Ranim 1","","","254999","254999","100","1076.94","2549","236.78","Townhouse","4","Community,Park","","","","3026","281.11","","G+1","","2025-11-04 00:00:00","Active Listings","","No","","","On The Park | Landscaped | Ready To Move In","Dubai Properties",""
"24129371","2025-11-04 00:00:00","Mudon","Al Ranim","Al Ranim 1","","","172000","185000","100","1081.87","1846","171","Townhouse","3","","","","","0","0","","G+1","","2025-11-04 00:00:00","Active Listings","","No","","","Contemporary Living | Brand New | Ready to Move In","Dubai Properties",""
"24132187","2025-11-04 00:00:00","Mudon","Al Ranim","Al Ranim 2","","","200000","200000","90","966.18","2224","207","Townhouse","3","","","","","0","0","","G+1","","2025-11-04 00:00:00","Active Listings","","No","","","Luxury 3BR | Prime Location | Spacious Layout","Dubai Properties",""
"24478299","2025-11-04 00:00:00","Mudon","Al Ranim","Al Ranim 2","","","240000","240000","94","1013.47","2549","236.78","Townhouse","4","","","","","2678","248.84","","G+1","","2025-11-04 00:00:00","Active Listings","","No","","","LUXURY VILLA || MODERN ELEGANCE || EXCLUSIVE LIVING|| MAID ROOM","Dubai Properties",""
"23291484","2025-11-04 00:00:00","Mudon","Al Ranim","Al Ranim 1","","","179900","199900","90","970.53","2217","206","Townhouse","3","","","","","0","0","","G+1","","2025-11-04 00:00:00","Active Listings","","No","","","Single Row | Ready to Move | Near Pool And Park","Dubai Properties",""
"23321180","2025-11-04 00:00:00","Mudon","Al Ranim","Al Ranim 1","","","330000","330000","111","1191.34","2978","277","Townhouse","4","","","","","0","0","","G+1","","2025-11-04 00:00:00","Active Listings","","No","","","Exclusive Corner Villa | Park-Facing | Al Ranim 1","Dubai Properties",""
"24371036","2025-11-04 00:00:00","Mudon","Al Ranim","Al Ranim 2","","","210000","210000","95","1019.42","2217","206","Townhouse","3","","","","","1858","172.62","","G+1","","2025-11-04 00:00:00","Active Listings","","No","","","Modern 3BR+Maid-Direct Pool Access-Park Facing","Dubai Properties",""
"24399198","2025-11-04 00:00:00","Mudon","Al Ranim","Al Ranim 1","","","250000","250000","98","1055.7","2549","236.78","Townhouse","4","","","","","2736","254.18","","G+1","","2025-11-04 00:00:00","Active Listings","","No","","","Vastu | Green Park View | Prime Location","Dubai Properties",""
"24234846","2025-11-04 00:00:00","Mudon","Al Ranim","Al Ranim 2","","","250000","260000","102","1097.05","2546","237","Townhouse","4","","","","","0","0","","G+1","","2025-11-04 00:00:00","Active Listings","","No","","","4BR Townhouse | Park Backing I View today","Dubai Properties",""
"24436064","2025-11-04 00:00:00","Mudon","Al Ranim","Al Ranim 1","","","350000","350000","118","1265.04","2978","276.7","Townhouse","4","","","","","4955","460.34","","G+2","","2025-11-04 00:00:00","Active Listings","","No","","","Brand New | Largest Layout | Close to Amenities","Dubai Properties",""
"23270753","2025-11-04 00:00:00","Mudon","Al Ranim","Al Ranim 2","","","210000","230000","122","1314.29","1879","175","Townhouse","3","","","","","0","0","","G+1","","2025-11-04 00:00:00","Active Listings","","No","","","Single Row | 3BR G+2| Prime Location","Dubai Properties",""
"24326242","2025-11-04 00:00:00","Mudon","Al Ranim","Al Ranim 1","","","320000","320000","65","695.65","4950","460","Townhouse","4","","","","","0","0","","G+1","","2025-11-04 00:00:00","Active Listings","","No","","","Near Park | Brand New | G+2 Layout","Dubai Properties",""
"24478306","2025-11-04 00:00:00","Mudon","Al Ranim","Al Ranim 2","","","180000","180000","81","873.91","2217","206","Townhouse","3","","","","","1813","168.41","","G+1","","2025-11-04 00:00:00","Active Listings","","No","","","Specious 3 Bed Plus Maid Villa - Prime Location","Dubai Properties",""
"23301986","2025-11-04 00:00:00","Mudon","Al Ranim","Al Ranim 1","","","240000","240000","130","1403.51","1846","171","Townhouse","3","","","","","0","0","","G+1","","2025-11-04 00:00:00","Active Listings","","No","","","Multiple Units | G+2 | Single Row","Dubai Properties",""
"24478564","2025-11-04 00:00:00","Mudon","Al Ranim","Al Ranim 2","","","350000","350000","118","1264.91","2978","276.7","Townhouse","4","","","","","3468","322.22","","G+2","","2025-11-04 00:00:00","Active Listings","","No","","","Brand New 4BR+M End Unit facing Community","Dubai Properties",""
"24406117","2025-11-04 00:00:00","Mudon","Al Ranim","Al Ranim 1","","","200000","200000","90","970.87","2217","206","Townhouse","3","","","","","0","0","","G+1","","2025-11-04 00:00:00","Active Listings","","","","","3BR Townhouse | Green Belt View | Landscaped","Dubai Properties",""
"24319078","2025-11-04 00:00:00","Mudon","Al Ranim","Al Ranim 2","","","320000","320000","107","1156.61","2978","276.7","Townhouse","4","","","","","3468","322.22","","G+2","","2025-11-04 00:00:00","Active Listings","","No","","","Largest Plot | Brand New | Close to Pool and Park","Dubai Properties",""
"24406121","2025-11-04 00:00:00","Mudon","Al Ranim","Al Ranim 1","","","210000","210000","95","1019.42","2217","206","Townhouse","3","","","","","0","0","","G+1","","2025-11-04 00:00:00","Active Listings","","No","","","For Rent Spacious Townhouse 3BR + Maids Room G+1","Dubai Properties",""
"23292010","2025-11-04 00:00:00","Mudon","Al Ranim","Al Ranim 1","","","185000","185000","102","1101.19","1810","168","Townhouse","3","","","","","0","0","","G+1","","2025-11-04 00:00:00","Active Listings","","No","","","Easy Access | Near Park | Unit with white goods","Dubai Properties",""
"24369770","2025-11-04 00:00:00","Mudon","Al Ranim","Al Ranim 2","","","210000","210000","95","1019.42","2217","206","Townhouse","3","","","","","0","0","","G+1","","2025-11-04 00:00:00","Active Listings","","No","","","3BR Townhouse | Park View | Mudon Al Ranim 2","Dubai Properties",""
"24392300","2025-11-04 00:00:00","Mudon","Al Ranim","Al Ranim 2","","","200000","200000","90","970.87","2217","206","Townhouse","3","","","","","1814","168.54","","G+1","","2025-11-04 00:00:00","Active Listings","","No","","","Vacant | Near Pool/Park | Appliances Inc","Dubai Properties",""
"24493932","2025-11-04 00:00:00","Mudon","Al Ranim","Al Ranim 3","","","300000","300000","113","1214.57","2654","247","Townhouse","4","","","","","0","0","","G+1","","2025-11-04 00:00:00","Active Listings","","No","","","Brand New | Single Row | Good Size","Dubai Properties",""
"24498029","2025-11-04 00:00:00","Mudon","Al Ranim","Al Ranim 2","","","210000","210000","95","1019.42","2217","206","Townhouse","3","","","","","1813","168.46","","G+1","","2025-11-04 00:00:00","Active Listings","","","","","Brand New | Modern Living | Prime Location","Dubai Properties",""
"24493422","2025-11-04 00:00:00","Mudon","Al Ranim","Al Ranim 2","","","250000","250000","98","1055.7","2549","236.78","Townhouse","3","","","","","2863","265.96","","G+1","","2025-11-04 00:00:00","Active Listings","","No","","","Park Facing | AR 2 | Corner Unit | Big Plot","Dubai Properties",""
"24435311","2025-11-04 00:00:00","Mudon","Al Ranim","Al Ranim 1","","","320000","320000","107","1156.49","2978","276.7","Townhouse","4","","","","","4955","460.34","","G+2","","2025-11-04 00:00:00","Active Listings","","No","","","Roof Terrace | G+2 Layout | On The Park","Dubai Properties",""
"24132209","2025-11-04 00:00:00","Mudon","Al Ranim","Al Ranim 1","","","255000","285000","112","1202.53","2549","237","Townhouse","4","","","","","0","0","","G+1","","2025-11-04 00:00:00","Active Listings","","No","","","Exclusive Corner | 4 Bed + Maid | Al Ranim 1","Dubai Properties",""
"24372593","2025-11-04 00:00:00","Mudon","Al Ranim","Al Ranim 2","","","179000","179000","81","868.93","2217","206","Townhouse","3","","","","","1962","182.23","","G+1","","2025-11-04 00:00:00","Active Listings","","No","","","Huge Layout | Keys On Hand | Serene Living","Dubai Properties",""
"24265843","2025-11-04 00:00:00","Mudon","Al Ranim","Al Ranim 2","","","180000","195000","108","1160.71","1813","168","Townhouse","3","","","","","0","0","","G+1","","2025-11-04 00:00:00","Active Listings","","No","","","Spacious 3-Bedroom Townhouse | Near Pool | Family-Friendly Community","Dubai Properties",""
"24329588","2025-11-04 00:00:00","Mudon","Al Ranim","Al Ranim 2","","","312000","320000","101","1088.44","3164","294","Townhouse","4","","","","","0","0","","G+1","","2025-11-04 00:00:00","Active Listings","","No","","","Type G+2 | 3500 sqft Plot | On park, next to pool","Dubai Properties",""
"24489588","2025-11-04 00:00:00","Mudon","Al Ranim","Al Ranim 2","","","210000","210000","95","1024.69","2206","205","Townhouse","3","","","","","0","0","","G+1","","2025-11-04 00:00:00","Active Listings","","No","","","Prime Location | Ready to move in | View Now","Dubai Properties",""
"24319094","2025-11-04 00:00:00","Mudon","Al Ranim","Al Ranim 2","","","220000","220000","100","1073.17","2211","205","Townhouse","3","","","","","0","0","","G+1","","2025-11-04 00:00:00","Active Listings","","No","","","Brand New | Kitchen Appliances Included | 3BR+Maid","Dubai Properties",""
"24489591","2025-11-04 00:00:00","Mudon","Al Ranim","Al Ranim 2","","","249000","249000","98","1051.48","2549","236.78","Townhouse","4","","","","","2678","248.84","","G+1","","2025-11-04 00:00:00","Active Listings","","No","","","4BR + Maid | Largest Plot | Private Garden","Dubai Properties",""
"24437111","2025-11-04 00:00:00","Mudon","Al Ranim","Al Ranim 1","","","200000","200000","90","970.87","2217","206","Townhouse","3","","","","","1808","168","","G+1","","2025-11-04 00:00:00","Active Listings","","No","","","Prime Location | Park Facing | Read To Move","Dubai Properties",""
"24355960","2025-11-04 00:00:00","Mudon","Al Ranim","Al Ranim 2","","","195000","210000","95","1019.42","2217","206","Townhouse","3","","","","","1814","168.55","","G+1","","2025-11-04 00:00:00","Active Listings","","No","","","Ready to Move in | Wide Layout with Maids Room","Dubai Properties",""
"24402041","2025-11-04 00:00:00","Mudon","Al Ranim","Al Ranim 1","","","275000","275000","108","1161.42","2549","236.78","Townhouse","4","","","","","4290","398.54","","G+1","","2025-11-04 00:00:00","Active Listings","","No","","","ContemporarylBiggest CornerlBeautifully Landscaped","Dubai Properties",""
"24321915","2025-11-04 00:00:00","Mudon","Al Ranim","Al Ranim 1","","","250000","250000","84","902.53","2977","277","Townhouse","4","","","","","0","0","","G+1","","2025-11-04 00:00:00","Active Listings","","No","","","On The Park | Premium Unit | Ready To Move","Dubai Properties",""
"24351868","2025-11-04 00:00:00","Mudon","Al Ranim","Al Ranim 1","","","240000","240000","94","1013.6","2549","236.78","Townhouse","4","","","","","2998","278.56","","G+1","","2025-11-04 00:00:00","Active Listings","","No","","","Single Row | Type 4B1  | End unit | Under Warranty","Dubai Properties",""
"24513405","2025-11-04 00:00:00","Mudon","Al Ranim","Al Ranim 2","","","300000","300000","118","1266.84","2549","236.78","Townhouse","4","","","","","4177","388.06","","G+1","","2025-11-04 00:00:00","Active Listings","","No","","","Corner | Huge plot | Spacious Layout","Dubai Properties",""
"24401789","2025-11-04 00:00:00","Mudon","Al Ranim","Al Ranim 1","","","200000","200000","90","971.02","2217","206","Townhouse","3","","","","","1924","178.71","","G+1","","2025-11-04 00:00:00","Active Listings","","No","","","Modern Style 3 Bedroom Hugh Size Ready To Move","Dubai Properties",""
"24445566","2025-11-04 00:00:00","Mudon","Al Ranim","Al Ranim 2","","","300000","300000","101","1084.21","2978","276.7","Townhouse","4","","","","","3468","322.22","","G+2","","2025-11-04 00:00:00","Active Listings","","No","","","4 BED G+2 | Brand New | On Green Belt","Dubai Properties",""
"24449406","2025-11-04 00:00:00","Mudon","Al Ranim","Al Ranim 2","","","299950","320000","107","1155.23","2978","277","Townhouse","4","","","","","0","0","","G+1","","2025-11-04 00:00:00","Active Listings","","No","","","Direct On Park | G+2 Layout | Larger Plot","Dubai Properties",""
"23315582","2025-11-04 00:00:00","Mudon","Al Ranim","Al Ranim 1","","","195000","195000","88","946.6","2217","206","Townhouse","3","","","","","0","0","","G+1","","2025-11-04 00:00:00","Active Listings","","No","","","Spacious 3BR | Brand New | Park Facing","Dubai Properties",""
"24493183","2025-11-04 00:00:00","Mudon","Al Ranim","Al Ranim 2","","","185000","190000","86","922.33","2217","206","Townhouse","3","Community","","","","1814","168.55","","G+1","","2025-11-04 00:00:00","Active Listings","","No","","","Brand New | Near Pool | Vacant Now","Dubai Properties",""
"24435584","2025-11-04 00:00:00","Mudon","Al Ranim","Al Ranim 2","","","275000","275000","66","708.76","4177","388","Townhouse","4","","","","","0","0","","G+1","","2025-11-04 00:00:00","Active Listings","","No","","","Exclusive Corner Villa | Biggest Plot | Direct Park Access","Dubai Properties",""
"24351873","2025-11-04 00:00:00","Mudon","Al Ranim","Al Ranim 2","","","260000","285000","96","1030","2978","276.7","Townhouse","4","Community,Greenbelt","","","","2673","248.32","","G+2","","2025-11-04 00:00:00","Active Listings","","No","","","Close to Pool | Green Belt | Type 4B2M | Brand New","Dubai Properties",""
"24435330","2025-11-04 00:00:00","Mudon","Al Ranim","Al Ranim 1","","","190000","190000","105","1130.95","1808","168","Townhouse","3","","","","","0","0","","G+1","","2025-11-04 00:00:00","Active Listings","","No","","","Brand New | Appliances Inc | Vacant Now","Dubai Properties",""
"23315587","2025-11-04 00:00:00","Mudon","Al Ranim","Al Ranim 1","","","250000","250000","138","1488.1","1809","168","Townhouse","3","","","","","0","0","","G+1","","2025-11-04 00:00:00","Active Listings","","No","","","Park Facing | G+2 | Brand New | Spacious","Dubai Properties",""
"24451204","2025-11-04 00:00:00","Mudon","Al Ranim","Al Ranim 2","","","200000","200000","90","975.61","2211","205","Townhouse","3","","","","","0","0","","G+1","","2025-11-04 00:00:00","Active Listings","","No","","","Single row | Close to the park | Brand new","Dubai Properties",""
"24392581","2025-11-04 00:00:00","Mudon","Al Ranim","Al Ranim 2","","","250000","250000","84","905.8","2976","276","Townhouse","4","","","","","0","0","","G+1","","2025-11-04 00:00:00","Active Listings","","No","","","4 Cheques | 4 Bed on Park | Maintenance Contract","Dubai Properties",""
"24402821","2025-11-04 00:00:00","Mudon","Al Ranim","Al Ranim 2","","","199999","199999","90","970.87","2215","206","Townhouse","3","","","","","0","0","","G+1","","2025-11-04 00:00:00","Active Listings","","No","","","Park Facing | Prime Location | Ready to move","Dubai Properties",""
"24236934","2025-11-04 00:00:00","Mudon","Al Ranim","Al Ranim 2","","","240000","240000","90","975.61","2653","246","Townhouse","4","","","","","0","0","","G+1","","2025-11-04 00:00:00","Active Listings","","No","","","Ready to Move In | 4 bed + Maids | Spacious Layout","Dubai Properties",""
"24505735","2025-11-04 00:00:00","Mudon","Al Ranim","Al Ranim 3","","","200000","200000","90","970.87","2217","206","Townhouse","3","","","","","0","0","","G+1","","2025-11-04 00:00:00","Active Listings","","No","","","3 Bed G+1 | Great Location | Easy Access","Dubai Properties",""
"24398728","2025-11-04 00:00:00","Mudon","Al Ranim","Al Ranim 2","","","200000","210000","95","1019.57","2217","206","Townhouse","3","","","","","1846","171.53","","G+1","","2025-11-04 00:00:00","Active Listings","","No","","","Unfurnished | Elegant Townhouse | Spacious","Dubai Properties",""
"24264585","2025-11-04 00:00:00","Mudon","Al Ranim","Al Ranim 1","","","287000","287000","56","606.77","5086","473","Townhouse","4","","","","","0","0","","G+1","","2025-11-04 00:00:00","Active Listings","","No","","","4BR+Maid l Single Row l Private Garden","Dubai Properties",""
"23312777","2025-11-04 00:00:00","Mudon","Al Ranim","Al Ranim 1","","","215000","230000","90","964.08","2568","238.55","Townhouse","3","","","","","1891","175.64","","G+2","","2025-11-04 00:00:00","Active Listings","","No","","","3BR + Family Room | Park Facing | Multiple Options","Dubai Properties",""
"24333962","2025-11-04 00:00:00","Mudon","Al Ranim","Al Ranim 2","","","260000","260000","102","1098.07","2549","236.78","Townhouse","4","Community,Road,Walkway,Landscaped Garden","","","","2767","257.05","","G+1","","2025-11-04 00:00:00","Active Listings","","No","","","Park Facing | 4 Bed G plus 1 | Ready to Move","Dubai Properties",""
"24492684","2025-11-04 00:00:00","Mudon","Al Ranim","Al Ranim 3","","","190000","190000","86","922.46","2217","206","Townhouse","3","","","","","2158","200.49","","G+1","","2025-11-04 00:00:00","Active Listings","","No","","","Close to Park | Ready to move in | Brand New","Dubai Properties",""
"24435340","2025-11-04 00:00:00","Mudon","Al Ranim","Al Ranim 2","","","260000","260000","102","1097.05","2549","237","Townhouse","4","","","","","0","0","","G+1","","2025-11-04 00:00:00","Active Listings","","No","","","Large Corner Plot | Park Backing | Vacant","Dubai Properties",""
"24259982","2025-11-04 00:00:00","Mudon","Al Ranim","Al Ranim 2","","","190000","190000","105","1130.95","1808","168","Townhouse","3","","","","","0","0","","G+1","","2025-11-04 00:00:00","Active Listings","","No","","","ON THE PARK | MULTIPLE OPTIONS | FITTED APPLIANCES","Dubai Properties",""
"24402831","2025-11-04 00:00:00","Mudon","Al Ranim","Al Ranim 1","","","210000","210000","116","1246.81","1813","168","Apartment","3","","","","","0","0","","","","2025-11-04 00:00:00","Active Listings","","","","","2 BR+ Maid Room | Prime Location | Vacant","Dubai Properties",""
"24494223","2025-11-04 00:00:00","Mudon","Al Ranim","Al Ranim 3","","","210000","210000","95","1019.57","2217","206","Townhouse","3","","","","","1808","168.01","","G+1","","2025-11-04 00:00:00","Active Listings","","No","","","Single row | Backing park | Family-Friendly","Dubai Properties",""
"24435344","2025-11-04 00:00:00","Mudon","Al Ranim","Al Ranim 2","","","249950","265000","104","1118.14","2549","237","Townhouse","4","","","","","0","0","","G+1","","2025-11-04 00:00:00","Active Listings","","No","","","Brand New | Large Corner Plot | Real Ad","Dubai Properties",""
"24444816","2025-11-04 00:00:00","Mudon","Al Ranim","Al Ranim 1","","","184990","184990","99","1069.31","1861","173","Townhouse","3","","","","","0","0","","G+1","","2025-11-04 00:00:00","Active Listings","","No","","","Stunning Brand new | Multiple options | Ready to Move","Dubai Properties",""
"23305617","2025-11-04 00:00:00","Mudon","Al Ranim","Al Ranim 1","","","185000","200000","107","1149.43","1871","174","Townhouse","3","","","","","0","0","","G+1","","2025-11-04 00:00:00","Active Listings","","No","","","Spacious 3BR Villa | Pool and Park","Dubai Properties",""
"24354194","2025-11-04 00:00:00","Mudon","Al Ranim","Al Ranim 1","","","310000","310000","122","1309.07","2549","236.78","Townhouse","4","","","","","2646","245.86","","G+1","","2025-11-04 00:00:00","Active Listings","","No","","","G + 2  | Ready to move | Prime Location","Dubai Properties",""
"24359830","2025-11-04 00:00:00","Mudon","Al Ranim","Al Ranim 2","","","195000","195000","88","946.6","2217","206","Townhouse","3","","","","","0","0","","G+1","","2025-11-04 00:00:00","Active Listings","","","","","Single Row | Private | Multiple Cheques","Dubai Properties",""
"24443542","2025-11-04 00:00:00","Mudon","Al Ranim","Al Ranim 1","","","304000","304000","102","1098.66","2978","276.7","Townhouse","4","","","","","2613","242.8","","G+2","","2025-11-04 00:00:00","Active Listings","","No","","","G+2 | Vacant | On the park | Ready to Move","Dubai Properties",""
"24498071","2025-11-04 00:00:00","Mudon","Al Ranim","Al Ranim 3","","","350000","350000","118","1265.04","2978","276.7","Townhouse","4","","","","","2653","246.46","","G+2","","2025-11-04 00:00:00","Active Listings","","No","","","Brand New|Park Facing CornerUnit|Ready in November","Dubai Properties",""
"24323224","2025-11-04 00:00:00","Mudon","Al Ranim","Al Ranim 1","","","190000","190000","86","922.33","2217","206","Townhouse","3","","","","","0","0","","G+1","","2025-11-04 00:00:00","Active Listings","","No","","","Viewing Possible | On the Park | Single Row","Dubai Properties",""
"24370585","2025-11-04 00:00:00","Mudon","Al Ranim","Al Ranim 2","","","240000","240000","94","1013.6","2549","236.78","Townhouse","4","","","","","2729","253.49","","G+1","","2025-11-04 00:00:00","Active Listings","","No","","","Motivated Seller | Brand New | Hottest Deal","Dubai Properties",""
"24352922","2025-11-04 00:00:00","Mudon","Al Ranim","Al Ranim 2","","","189999","189999","86","922.46","2217","206","Townhouse","3","","","","","1808","168","","G+1","","2025-11-04 00:00:00","Active Listings","","No","","","Landscaped |  Brand New | Park Backing","Dubai Properties",""
"23181210","2025-11-04 00:00:00","Mudon","Al Ranim","Al Ranim 1","","","255000","255000","86","920.58","2978","277","Townhouse","4","","","","","0","0","","G+1","","2025-11-04 00:00:00","Active Listings","","No","","","ULTRA LUXURIOUS | SPACIOUS | G+2 | FACING PARK","Dubai Properties",""
"24319644","2025-11-04 00:00:00","Mudon","Al Ranim","Al Ranim 2","","","200000","210000","95","1019.42","2217","206","Townhouse","3","","","","","1814","168.5","","G+1","","2025-11-04 00:00:00","Active Listings","","No","","","Ranim 2 Brand New 3 Bedrooms Ready To Move","Dubai Properties",""
"23325596","2025-11-04 00:00:00","Mudon","Al Ranim","Al Ranim 1","","","330000","330000","111","1192.76","2978","276.7","Townhouse","4","","","","","4955","460.34","","G+2","","2025-11-04 00:00:00","Active Listings","","No","","","G+2 | Large Plot | Park Backing | Brand New","Dubai Properties",""
"23306910","2025-11-04 00:00:00","Mudon","Al Ranim","Al Ranim 1","","","245000","260000","102","1097.93","2549","236.78","Townhouse","4","","","","","3033","281.75","","G+1","","2025-11-04 00:00:00","Active Listings","","No","","","Park Facing  | Prime Location | Ready to Move In","Dubai Properties",""
"24493982","2025-11-04 00:00:00","Mudon","Al Ranim","Al Ranim 2","","","190000","190000","86","922.46","2217","206","Townhouse","3","","","","","1813","168.41","","G+1","","2025-11-04 00:00:00","Active Listings","","No","","","3BED+MAIDS | SPACIOUS LAYOUT | CLOSE TO PARK","Dubai Properties",""
"24494239","2025-11-04 00:00:00","Mudon","Al Ranim","Al Ranim 2","","","200000","200000","90","970.87","2217","206","Townhouse","3","","","","","1846","171.53","","G+1","","2025-11-04 00:00:00","Active Listings","","No","","","Single Row / Directly on the Park /Spacious layout","Dubai Properties",""
"24436895","2025-11-04 00:00:00","Mudon","Al Ranim","Al Ranim 2","","","185000","200000","110","1189.41","1810","168","Townhouse","3","","","","","0","0","","G+1","","2025-11-04 00:00:00","Active Listings","","No","","","Great Community | Modern Living | Spacious Layout","Dubai Properties",""
"24406944","2025-11-04 00:00:00","Mudon","Al Ranim","Al Ranim 1","","","280000","300000","118","1267","2549","236.78","Townhouse","4","","","","","5086","472.52","","G+1","","2025-11-04 00:00:00","Active Listings","","No","","","4 BEDS+MAIDS | LARGEST PLOT WITH PRIVATE GARDEN","Dubai Properties",""
"24505505","2025-11-04 00:00:00","Mudon","Al Ranim","Al Ranim 1","","","300000","300000","115","1234.57","2613","243","Townhouse","4","","","","","0","0","","G+1","","2025-11-04 00:00:00","Active Listings","","","","","4 BEDS | G+2 | LOWEST RENT | OPP POOL","Dubai Properties",""
"24491426","2025-11-04 00:00:00","Mudon","Al Ranim","Al Ranim 2","","","265000","265000","104","1119.04","2549","236.78","Townhouse","4","","","","","2867","266.37","","G+1","","2025-11-04 00:00:00","Active Listings","","No","","","Brand New | Single Row | Community Park View","Dubai Properties",""
"23322786","2025-11-04 00:00:00","Mudon","Al Ranim","Al Ranim 2","","","180000","190000","86","926.83","2211","205","Townhouse","3","","","","","0","0","","G+1","","2025-11-04 00:00:00","Active Listings","","No","","","Modern Living | Brand New | Family community","Dubai Properties",""
"24335779","2025-11-04 00:00:00","Mudon","Al Ranim","Al Ranim 2","","","200000","200000","90","970.87","2217","206","Townhouse","3","","","","","0","0","","G+1","","2025-11-04 00:00:00","Active Listings","","No","","","Elegant 3BR Villa | Familiy Living | Huge Plot","Dubai Properties",""
"23305124","2025-11-04 00:00:00","Mudon","Al Ranim","Al Ranim 2","","","195000","200000","90","975.61","2211","205","Townhouse","3","","","","","0","0","","G+1","","2025-11-04 00:00:00","Active Listings","","","","","Premium Location | Single Row | Spacious Layout","Dubai Properties",""
"24332709","2025-11-04 00:00:00","Mudon","Al Ranim","Al Ranim 2","","","190000","225000","124","1339.52","1808","168","Townhouse","3","","","","","0","0","","G+1","","2025-11-04 00:00:00","Active Listings","","No","","","3 Bed Room Villa in Mudon Al Ranim2 for Rent","Dubai Properties",""
"24393382","2025-11-04 00:00:00","Mudon","Al Ranim","Al Ranim 2","","","179999","179999","81","873.78","2217","206","Townhouse","3","","","","","1814","168.53","","G+1","","2025-11-04 00:00:00","Active Listings","","","","","Single Row | Close to Pool And Park | Brand New","Dubai Properties",""
"24398502","2025-11-04 00:00:00","Mudon","Al Ranim","Al Ranim 2","","","200000","200000","111","1190.69","1808","168","Townhouse","3","","","","","0","0","","G+1","","2025-11-04 00:00:00","Active Listings","","No","","","3-Bedroom G+1 Townhouse | Park Facing | Ideal Location","Dubai Properties",""
"24436135","2025-11-04 00:00:00","Mudon","Al Ranim","Al Ranim 2","","","210000","210000","95","1019.57","2217","206","Townhouse","3","","","","","0","0","","G+1","","2025-11-04 00:00:00","Active Listings","","No","","","Hot Offer !! 3 Bedroom + Maid | Just AED 210000","Dubai Properties",""
"24497576","2025-11-04 00:00:00","Mudon","Al Ranim","Al Ranim 2","","","190000","190000","86","922.33","2217","206","Townhouse","3","","","","","1808","168","","G+1","","2025-11-04 00:00:00","Active Listings","","Yes","","","Brand New | Park Facing | Single Row","Dubai Properties",""
"23295401","2025-11-04 00:00:00","Mudon","Al Ranim","Al Ranim 2","","","190000","190000","86","922.46","2217","206","Townhouse","3","","","","","1813","168.41","","G+1","","2025-11-04 00:00:00","Active Listings","","No","","","Three Bed & Made Ready To Move In","Dubai Properties",""
"24353708","2025-11-04 00:00:00","Mudon","Al Ranim","Al Ranim 1","","","185000","185000","91","978.84","2031","189","Townhouse","3","","","","","0","0","","G+1","","2025-11-04 00:00:00","Active Listings","","No","","","Spacious 3 BR | Biggest Plot | Ready to Move","Dubai Properties",""
"24498092","2025-11-04 00:00:00","Mudon","Al Ranim","Al Ranim 3","","","190000","190000","86","922.46","2217","206","Townhouse","3","","","","","1809","168.04","","G+1","","2025-11-04 00:00:00","Active Listings","","No","","","PRIME LOCATION | VANCANT | SINGLE ROW","Dubai Properties",""
"24450477","2025-11-04 00:00:00","Mudon","Al Ranim","Al Ranim 1","","","320000","320000","107","1156.61","2978","276.7","Townhouse","4","","","","","4955","460.34","","G+2","","2025-11-04 00:00:00","Active Listings","","No","","","Corner | Modern 4 Bedroom | G+2","Dubai Properties",""
"24359085","2025-11-04 00:00:00","Mudon","Al Ranim","Al Ranim 2","","","205000","205000","93","1000","2211","205","Townhouse","3","","","","","0","0","","G+1","","2025-11-04 00:00:00","Active Listings","","No","","","G+1 | Next to Entrance | Ready","Dubai Properties",""
"24512686","2025-11-04 00:00:00","Mudon","Al Ranim","Al Ranim 2","","","320000","320000","107","1156.61","2978","276.7","Townhouse","4","","","","","3468","322.22","","G+2","","2025-11-04 00:00:00","Active Listings","","No","","","Park Backing | Vacant Now | Brand New","Dubai Properties",""
"24493486","2025-11-04 00:00:00","Mudon","Al Ranim","Al Ranim 2","","","190000","190000","86","922.46","2217","206","Townhouse","3","","","","","1809","168.02","","G+1","","2025-11-04 00:00:00","Active Listings","","No","","","Ready to Move | Family Friendly | Prime Location","Dubai Properties",""
"24496559","2025-11-04 00:00:00","Mudon","Al Ranim","Al Ranim 2","","","220000","220000","86","922.16","2568","238.55","Townhouse","3","","","","","1846","171.46","","G+2","","2025-11-04 00:00:00","Active Listings","","No","","","G+2 | Park Backing | Multiple Cheques","Dubai Properties",""
"24437423","2025-11-04 00:00:00","Mudon","Al Ranim","Al Ranim 2","","","200000","200000","90","970.87","2217","206","Townhouse","3","","","","","0","0","","G+1","","2025-11-04 00:00:00","Active Listings","","No","","","Brand New Villa | 3BR Plus Maid| Close to Park | Close to School |  Fitted Kitchen | Vacant| Mudon |","Dubai Properties",""
"24394160","2025-11-04 00:00:00","Mudon","Al Ranim","Al Ranim 2","","","320000","320000","107","1156.61","2978","277","Townhouse","4","","","","","0","0","","G+1","","2025-11-04 00:00:00","Active Listings","","No","","","G +2 | Large Plot | Equipped Kitchen | Near the park","Dubai Properties",""
"24492976","2025-11-04 00:00:00","Mudon","Al Ranim","Al Ranim 3","","","200000","200000","90","970.87","2217","206","Townhouse","3","","","","","0","0","","G+1","","2025-11-04 00:00:00","Active Listings","","No","","","Single row | Open view | Brand New","Dubai Properties",""
"24498097","2025-11-04 00:00:00","Mudon","Al Ranim","Al Ranim 3","","","360000","360000","121","1301.19","2978","276.7","Townhouse","4","","","","","2653","246.46","","G+2","","2025-11-04 00:00:00","Active Listings","","No","","","G+2 | Multiple Options | Prime Location","Dubai Properties",""
"24492466","2025-11-04 00:00:00","Mudon","Al Ranim","Al Ranim 3","","","320000","320000","107","1155.23","2978","277","Townhouse","4","","","","","0","0","","G+1","","2025-11-04 00:00:00","Active Listings","","No","","","4 Bed G+2 | Park Backing | Corner Unit","Dubai Properties",""
"24498610","2025-11-04 00:00:00","Mudon","Al Ranim","Al Ranim 3","","","320000","320000","107","1156.61","2978","276.7","Townhouse","4","","","","","2661","247.23","","G+2","","2025-11-04 00:00:00","Active Listings","","","","","Corner Unit | Prime Location | Modern Living","Dubai Properties",""
"24493236","2025-11-04 00:00:00","Mudon","Al Ranim","Al Ranim 2","","","200000","200000","90","970.87","2217","206","Townhouse","3","","","","","1846","171.53","","G+1","","2025-11-04 00:00:00","Active Listings","","No","","","Brand New | Park Backing | Single Row","Dubai Properties",""
"24380341","2025-11-04 00:00:00","Mudon","Al Ranim","Al Ranim 2","","","265000","280000","110","1182.38","2549","236.78","Townhouse","4","","","","","2867","266.37","","G+1","","2025-11-04 00:00:00","Active Listings","","Yes","","","Vacant | Landscape | Brand New","Dubai Properties",""
"23276213","2025-11-04 00:00:00","Mudon","Al Ranim","Al Ranim 1","","","195000","210000","95","1019.57","2217","206","Townhouse","3","","","","","1808","168","","G+1","","2025-11-04 00:00:00","Active Listings","","No","","","Park Facing | Premium Location | Perfect Price","Dubai Properties",""
"24330165","2025-11-04 00:00:00","Mudon","Al Ranim","Al Ranim 1","","","320000","320000","65","695.71","4951","460","Townhouse","4","","","","","0","0","","G+1","","2025-11-04 00:00:00","Active Listings","","No","","","4BR G+2 I Large Plot Size I Garden Facing","Dubai Properties",""
"24479926","2025-11-04 00:00:00","Mudon","Al Ranim","Al Ranim 2","","","190000","190000","86","922.46","2217","206","Townhouse","3","","","","","1808","168.01","","G+1","","2025-11-04 00:00:00","Active Listings","","No","","","Single Row | Ready to move | Newly built | 3 BHK","Dubai Properties",""
"23086520","2025-11-04 00:00:00","Mudon","Al Ranim","Al Ranim 1","","","250000","250000","98","1054.85","2548","237","Townhouse","4","","","","","0","0","","G+1","","2025-11-04 00:00:00","Active Listings","","No","","","4BR on the park | Brand new | Ranim 1 |4B1","Dubai Properties",""
"24494520","2025-11-04 00:00:00","Mudon","Al Ranim","Al Ranim 2","","","250000","250000","98","1055.7","2549","236.78","Townhouse","4","","","","","2582","239.83","","G+1","","2025-11-04 00:00:00","Active Listings","","No","","","Massive 4 BR + Maid | Family Friendly | Hot Deal","Dubai Properties",""
"23225017","2025-11-04 00:00:00","Mudon","Al Ranim","Al Ranim 1","","","235000","235000","92","985.04","2568","238.55","Townhouse","3","","","","","1808","168","","G+2","","2025-11-04 00:00:00","Active Listings","","No","","","G+2 | Exclusive | Park and Pool facing","Dubai Properties",""
"24479161","2025-11-04 00:00:00","Mudon","Al Ranim","Al Ranim 2","","","195000","195000","108","1160.92","1808","168","Townhouse","3","","","","","0","0","","G+1","","2025-11-04 00:00:00","Active Listings","","No","","","Move In Now | Brand New | Appliances Inc","Dubai Properties",""
"24325306","2025-11-04 00:00:00","Mudon","Al Ranim","Al Ranim 1","","","270000","270000","106","1139.24","2549","237","Townhouse","4","","","","","0","0","","G+1","","2025-11-04 00:00:00","Active Listings","","No","","","Ready to Move | Opposite to Park | Prime Location","Dubai Properties",""
"24235706","2025-11-04 00:00:00","Mudon","Al Ranim","Al Ranim 2","","","190000","200000","91","975.61","2209","205","Townhouse","3","","","","","0","0","","G+1","","2025-11-04 00:00:00","Active Listings","","No","","","Garden View | Single Row | 3BHK | Villa | Al Ranim 2 | Mudon","Dubai Properties",""
"24379579","2025-11-04 00:00:00","Mudon","Al Ranim","Al Ranim 1","","","250000","250000","98","1055.7","2549","236.78","Townhouse","4","","","","","2905","269.9","","G+1","","2025-11-04 00:00:00","Active Listings","","No","","","Brand new Spacious 4bhk ! Single Row ! Corner Unit","Dubai Properties",""
"23320254","2025-11-04 00:00:00","Mudon","Al Ranim","Al Ranim 1","","","260000","260000","102","1097.05","2549","237","Townhouse","4","","","","","0","0","","G+1","","2025-11-04 00:00:00","Active Listings","","No","","","Ranim Brand New Single Row Corner Vastu Unit 260K","Dubai Properties",""
"24380095","2025-11-04 00:00:00","Mudon","Al Ranim","Al Ranim 2","","","210000","210000","95","1019.57","2217","206","Townhouse","3","","","","","1808","168","","G+1","","2025-11-04 00:00:00","Active Listings","","No","","","Green Backing | Single Row | Brand New","Dubai Properties",""
"24479423","2025-11-04 00:00:00","Mudon","Al Ranim","Al Ranim 1","","","265000","265000","104","1119.18","2549","236.78","Townhouse","4","","","","","4290","398.54","","G+1","","2025-11-04 00:00:00","Active Listings","","No","","","Very Large Pot | Greenbelt Backing | Corner Unit","Dubai Properties",""
"24512704","2025-11-04 00:00:00","Mudon","Al Ranim","Al Ranim 3","","","210000","210000","95","1024.39","2212","205","Townhouse","3","","","","","0","0","","G+1","","2025-11-04 00:00:00","Active Listings","","No","","","Park Backing | 3 bed G+1 | Great Location","Dubai Properties",""
"24333250","2025-11-04 00:00:00","Mudon","Al Ranim","Al Ranim 1","","","240000","240000","94","1013.47","2549","236.78","Townhouse","4","","","","","2734","253.98","","G+1","","2025-11-04 00:00:00","Active Listings","","","","","Corner Unit|Single Row|Large Plot|Next to Park","Dubai Properties",""
"24352194","2025-11-04 00:00:00","Mudon","Al Ranim","Al Ranim 2","","","200000","210000","95","1019.57","2217","206","Townhouse","3","","","","","1808","168","","G+1","","2025-11-04 00:00:00","Active Listings","","No","","","3BR + Maids | Unfurnished | Single Row","Dubai Properties",""
"24359620","2025-11-04 00:00:00","Mudon","Al Ranim","Al Ranim 2","","","300000","300000","95","1020.41","3166","294","Townhouse","4","","","","","0","0","","G+1","","2025-11-04 00:00:00","Active Listings","","No","","","4BR G+2 I Garden Facing I Close to Swimming Pool","Dubai Properties",""
"24492996","2025-11-04 00:00:00","Mudon","Al Ranim","Al Ranim 3","","","210000","210000","95","1019.42","2217","206","Townhouse","3","","","","","2054","190.79","","G+1","","2025-11-04 00:00:00","Active Listings","","No","","","Single row|Opposite park|Family-Friendly Community","Dubai Properties",""
"24392645","2025-11-04 00:00:00","Mudon","Al Ranim","Al Ranim 1","","","185000","185000","83","898.06","2217","206","Townhouse","3","","","","","1808","168","","G+1","","2025-11-04 00:00:00","Active Listings","","No","","","Ultra-Prime | Good Location  | Brand new | Ready","Dubai Properties",""
"24418247","2025-11-04 00:00:00","Mudon","Al Ranim","Al Ranim 2","","","210000","220000","99","1067.96","2217","206","Townhouse","3","Community,Swimming Pool,Park","","","","1808","168","","G+1","","2025-11-04 00:00:00","Active Listings","","No","","","Mortgage | G + 1 | Near The Amenities | Ready To Move in","Dubai Properties",""
"24494025","2025-11-04 00:00:00","Mudon","Al Ranim","Al Ranim 3","","","320000","320000","107","1156.49","2978","276.7","Townhouse","4","","","","","2656","246.74","","G+2","","2025-11-04 00:00:00","Active Listings","","No","","","G+3 | Huge Layout | Brand New","Dubai Properties",""
"23312074","2025-11-04 00:00:00","Mudon","Al Ranim","Al Ranim 1","","","170000","250000","138","1487.56","1809","168","Townhouse","3","","","","","0","0","","G+1","","2025-11-04 00:00:00","Active Listings","","Yes","","","Pool Facing | Brand New | Spacious | G+1","Dubai Properties",""
"24449995","2025-11-04 00:00:00","Mudon","Al Ranim","Al Ranim 2","","","240000","240000","108","1165.22","2217","206","Townhouse","3","","","","","1809","168.02","","G+1","","2025-11-04 00:00:00","Active Listings","","No","","","Brand New | Single Row | Ready to Move-in","Dubai Properties",""
"23222987","2025-11-04 00:00:00","Mudon","Al Ranim","Al Ranim 1","","","230000","230000","122","1306.82","1891","176","Townhouse","3","","","","","0","0","","G+1","","2025-11-04 00:00:00","Active Listings","","No","","","3BR + Family Lounge | Park View | G+2","Dubai Properties",""
"24494283","2025-11-04 00:00:00","Mudon","Al Ranim","Al Ranim 3","","","320000","320000","107","1155.23","2978","277","Townhouse","4","","","","","0","0","","G+1","","2025-11-04 00:00:00","Active Listings","","No","","","Spacious | 4 Bedroom G+2 Townhouse Al Ranim 3","Dubai Properties",""
"24372427","2025-11-04 00:00:00","Mudon","Al Ranim","Al Ranim 2","","","225000","250000","98","1055.83","2549","236.78","Townhouse","4","","","","","2653","246.47","","G+1","","2025-11-04 00:00:00","Active Listings","","No","","","Brand New | Largest Layout | Price Negotiable","Dubai Properties",""
"24325325","2025-11-04 00:00:00","Mudon","Al Ranim","Al Ranim 1","","","190000","190000","86","922.33","2217","206","Townhouse","3","","","","","0","0","","G+1","","2025-11-04 00:00:00","Active Listings","","No","","","3 Bedroom | Brand New | Opposite Pool and Park","Dubai Properties",""
"23282637","2025-11-04 00:00:00","Mudon","Al Ranim","Al Ranim 1","","","350000","350000","118","1263.54","2978","277","Townhouse","4","","","","","0","0","","G+1","","2025-11-04 00:00:00","Active Listings","","No","","","Spacious 4 Bedroom Huge Plot with garden view","Dubai Properties",""
"24493261","2025-11-04 00:00:00","Mudon","Al Ranim","Al Ranim 3","","","200000","200000","90","971.02","2217","206","Townhouse","3","","","","","1808","168.01","","G+1","","2025-11-04 00:00:00","Active Listings","","No","","","3BR Villa + maid | Brand New| Ready To Move In","Dubai Properties",""
"24360142","2025-11-04 00:00:00","Mudon","Al Ranim","Al Ranim 1","","","200000","200000","90","970.87","2217","206","Townhouse","3","","","","","0","0","","G+1","","2025-11-04 00:00:00","Active Listings","","No","","","Backing pool and Park I Single Row I Landscaped","Dubai Properties",""
"23312078","2025-11-04 00:00:00","Mudon","Al Ranim","Al Ranim 1","","","330000","330000","111","1191.34","2978","277","Townhouse","4","","","","","0","0","","G+1","","2025-11-04 00:00:00","Active Listings","","No","","","Vacant | Unfurnished | Park View | Large Plot","Dubai Properties",""
"24399568","2025-11-04 00:00:00","Mudon","Al Ranim","Al Ranim 2","","","295000","310000","104","1120.35","2978","276.7","Townhouse","4","","","","","3468","322.22","","G+2","","2025-11-04 00:00:00","Active Listings","","No","","","Brand New 4 BR + Maid | Ready to Move | Hot Deal","Dubai Properties",""
"24354512","2025-11-04 00:00:00","Mudon","Al Ranim","Al Ranim 1","","","250000","250000","86","925.93","2910","270","Townhouse","4","","","","","0","0","","G+1","","2025-11-04 00:00:00","Active Listings","","No","","","Spacious Layout | Ready to Move In | Park Facing","Dubai Properties",""
"23305681","2025-11-04 00:00:00","Mudon","Al Ranim","Al Ranim 1","","","255000","255000","88","940.96","2912","271","Townhouse","4","","","","","0","0","","G+1","","2025-11-04 00:00:00","Active Listings","","No","","","Spacious 4BR Corner Villa | Garden","Dubai Properties",""
"23267794","2025-11-04 00:00:00","Mudon","Al Ranim","Al Ranim 1","","","180000","190000","102","1098.27","1866","173","Townhouse","3","","","","","0","0","","G+1","","2025-11-04 00:00:00","Active Listings","","No","","","Brand New Modern 3BR Family Townhouse","Dubai Properties",""
"24323282","2025-11-04 00:00:00","Mudon","Al Ranim","Al Ranim 2","","","210000","210000","95","1019.42","2217","206","Townhouse","3","","","","","1813","168.46","","G+1","","2025-11-04 00:00:00","Active Listings","","Yes","","","Brand New Townhouse | Single Row | Vacant","Dubai Properties",""
"24353746","2025-11-04 00:00:00","Mudon","Al Ranim","Al Ranim 2","","","200000","200000","90","971.02","2217","206","Townhouse","3","","","","","1846","171.53","","G+1","","2025-11-04 00:00:00","Active Listings","","No","","","Modern 3-Bedroom Townhouse for Rent | Mudon Al Ranim 2, Dubailand – Family-Friendly Community","Dubai Properties",""
"24497362","2025-11-04 00:00:00","Mudon","Al Ranim","Al Ranim 3","","","330000","330000","111","1192.76","2978","276.7","Townhouse","4","","","","","2653","246.46","","G+2","","2025-11-04 00:00:00","Active Listings","","No","","","Brand new | Family room | Spacious | Corner Unit","Dubai Properties",""
"24492755","2025-11-04 00:00:00","Mudon","Al Ranim","Al Ranim 3","","","195000","195000","88","946.74","2217","206","Townhouse","3","","","","","1965","182.52","","G+1","","2025-11-04 00:00:00","Active Listings","","No","","","Modern 3BR Villa | Spacious | Ready To Move In","Dubai Properties",""
"24134612","2025-11-04 00:00:00","Mudon","Al Ranim","Al Ranim 1","","","230000","230000","90","964.08","2568","238.55","Townhouse","4","","","","","1891","175.64","","G+2","","2025-11-04 00:00:00","Active Listings","","No","","","BEST 4 BED | G+2 | PARK-FACING","Dubai Properties",""
"23225300","2025-11-04 00:00:00","Mudon","Al Ranim","Al Ranim 1","","","250000","250000","86","922.51","2912","271","Townhouse","4","","","","","0","0","","G+1","","2025-11-04 00:00:00","Active Listings","","Yes","","","Prime Location | Single Row | Brand New","Dubai Properties",""
"24372948","2025-11-04 00:00:00","Mudon","Al Ranim","Al Ranim 2","","","300000","320000","92","993.79","3468","322","Townhouse","4","","","","","0","0","","G+1","","2025-11-04 00:00:00","Active Listings","","No","","","Brand New | Corner Unit | Fitted Kitchen | View Now","Dubai Properties",""
"24355030","2025-11-04 00:00:00","Mudon","Al Ranim","Al Ranim 1","","","250000","250000","98","1055.83","2549","236.78","Townhouse","4","","","","","2662","247.34","","G+1","","2025-11-04 00:00:00","Active Listings","","No","","","4BR | G+1 | PRIME LOCATION | LANDSCAPED I VASTU","Dubai Properties",""
"24322263","2025-11-04 00:00:00","Mudon","Al Ranim","Al Ranim 1","","","260000","260000","102","1097.93","2549","236.78","Townhouse","4","","","","","2585","240.17","","G+1","","2025-11-04 00:00:00","Active Listings","","No","","","Spacious Corner Plot On The Park","Dubai Properties",""
"24325335","2025-11-04 00:00:00","Mudon","Al Ranim","Al Ranim 1","","","190000","190000","103","1108.45","1845","171","Townhouse","3","","","","","0","0","","G+1","","2025-11-04 00:00:00","Active Listings","","No","","","Ideal location/Brand New/Single row/Family Comfort","Dubai Properties",""
"24332250","2025-11-04 00:00:00","Mudon","Al Ranim","Al Ranim 2","","","210000","210000","95","1019.57","2217","206","Townhouse","3","","","","","1897","176.27","","G+1","","2025-11-04 00:00:00","Active Listings","","No","","","Park backing | Single row | Keys in hand","Dubai Properties",""
"24372186","2025-11-04 00:00:00","Mudon","Al Ranim","Al Ranim 1","","","305000","317000","106","1145.65","2978","276.7","Townhouse","4","","","","","2613","242.8","","G+2","","2025-11-04 00:00:00","Active Listings","","No","","","G+2 | Opp Pool | Vacant","Dubai Properties",""
"24497883","2025-11-04 00:00:00","Mudon","Al Ranim","Al Ranim 1","","","300000","300000","115","1234.57","2613","243","Apartment","4","","","","","0","0","","","","2025-11-04 00:00:00","Active Listings","","No","","","4 beds + maids | Close to Park | Single Row G+2","Dubai Properties",""
"24532700","2025-11-04 00:00:00","Mudon","Al Ranim","Al Ranim 3","","","190000","190000","99","1061.45","1928","179","Townhouse","3","","","","","0","0","","G+1","","2025-11-04 00:00:00","Active Listings","","No","","","Great Community | Best Price | Road Facing","Dubai Properties",""
"23307997","2025-11-04 00:00:00","Mudon","Al Ranim","Al Ranim 1","","","189999","200000","108","1156.07","1859","173","Townhouse","3","","","","","0","0","","G+1","","2025-11-04 00:00:00","Active Listings","","No","","","Brand New | 3 bed+ maids | Reday to move in","Dubai Properties",""
"24491741","2025-11-04 00:00:00","Mudon","Al Ranim","Al Ranim 3","","","200000","200000","90","971.02","2217","206","Townhouse","3","","","","","0","0","","G+1","","2025-11-04 00:00:00","Active Listings","","No","","","Modern Design | Brand New | Near Central Park","Dubai Properties",""
"24354271","2025-11-04 00:00:00","Mudon","Al Ranim","Al Ranim 2","","","200000","210000","95","1019.42","2217","206","Townhouse","3","","","","","1808","168","","G+1","","2025-11-04 00:00:00","Active Listings","","No","","","4 Cheques /Negotiable /Backing the green Belt","Dubai Properties",""
"24302560","2025-11-04 00:00:00","Mudon","Al Ranim","Al Ranim 2","","","190000","200000","90","970.87","2217","206","Townhouse","3","","","","","1814","168.51","","G+1","","2025-11-04 00:00:00","Active Listings","","No","","","Townhouse for rent | 3 Bedroom Gated Community","Dubai Properties",""
"23295457","2025-11-04 00:00:00","Mudon","Al Ranim","Al Ranim 2","","","180000","180000","99","1071.43","1813","168","Townhouse","3","","","","","0","0","","G+1","","2025-11-04 00:00:00","Active Listings","","No","","","Best Location - Backs the park - Ready now","Dubai Properties",""
"23312609","2025-11-04 00:00:00","Mudon","Al Ranim","Al Ranim 1","","","240000","240000","108","1165.05","2217","206","Townhouse","3","","","","","0","0","","G+1","","2025-11-04 00:00:00","Active Listings","","No","","","Park View | Roof Access | Steps To Pool","Dubai Properties",""
"24494049","2025-11-04 00:00:00","Mudon","Al Ranim","Al Ranim 1","","","320000","320000","107","1156.49","2978","276.7","Townhouse","4","","","","","4955","460.34","","G+2","","2025-11-04 00:00:00","Active Listings","","No","","","4-Bedroom + Maid | Single Row | Private Backyard","Dubai Properties",""
"24406499","2025-11-04 00:00:00","Mudon","Al Ranim","Al Ranim 1","","","325000","325000","109","1173.29","2978","277","Townhouse","4","","","","","0","0","","G+1","","2025-11-04 00:00:00","Active Listings","","No","","","On The Park | Sky Suite | Largest Plot | View Today","Dubai Properties",""
"24494051","2025-11-04 00:00:00","Mudon","Al Ranim","Al Ranim 1","","","220000","220000","86","922.24","2568","238.55","Townhouse","3","Community,Park","","","","1808","168","","G+2","","2025-11-04 00:00:00","Active Listings","","No","","","3BR + FAMILY ROOM | ON THE PARK | G+2","Dubai Properties",""
"24478948","2025-11-04 00:00:00","Mudon","Al Ranim","Al Ranim 3","","","200000","200000","90","970.87","2217","206","Townhouse","3","","","","","1808","168.01","","G+1","","2025-11-04 00:00:00","Active Listings","","No","","","Park View | Prime Location | Spacious Villa","Dubai Properties",""
"24490725","2025-11-04 00:00:00","Mudon","Al Ranim","Al Ranim 3","","","199999","199999","90","970.59","2218","206","Townhouse","3","","","","","0","0","","G+1","","2025-11-04 00:00:00","Active Listings","","No","","","3Bedroom plus Maid Townhouse | Great Community","Dubai Properties",""
"24298470","2025-11-04 00:00:00","Mudon","Al Ranim","Al Ranim 2","","","200000","200000","90","970.87","2217","206","Townhouse","3","","","","","1813","168.46","","G+1","","2025-11-04 00:00:00","Active Listings","","No","","","Close To Pool | Ready To Move In | Under Warranty","Dubai Properties",""
"24326123","2025-11-04 00:00:00","Mudon","Al Ranim","Al Ranim 2","","","195000","195000","88","942.03","2224","207","Townhouse","3","","","","","0","0","","G+1","","2025-11-04 00:00:00","Active Listings","","No","","","Single Row / White goods / Premium Location","Dubai Properties",""
"23319788","2025-11-04 00:00:00","Mudon","Al Ranim","Al Ranim 1","","","190000","190000","86","922.33","2217","206","Townhouse","3","","","","","1808","167.99","","G+1","","2025-11-04 00:00:00","Active Listings","","No","","","BRAND NEW| SPACIOUS| MULTIPLE OPTIONS","Dubai Properties",""
"24323310","2025-11-04 00:00:00","Mudon","Al Ranim","Al Ranim 2","","","190000","190000","86","922.46","2217","206","Townhouse","3","","","","","1814","168.53","","G+1","","2025-11-04 00:00:00","Active Listings","","No","","","SINGLE ROW | NEAR POOL| PARK ENTERANCE | BRAND NEW","Dubai Properties",""
"24498670","2025-11-04 00:00:00","Mudon","Al Ranim","Al Ranim 3","","","300000","300000","113","1214.57","2656","247","Townhouse","4","","","","","0","0","","G+1","","2025-11-04 00:00:00","Active Listings","","No","","","Ranim 3 | 4BR G+2| Park View | Family Community","Dubai Properties",""
"24324848","2025-11-04 00:00:00","Mudon","Al Ranim","Al Ranim 1","","","215000","215000","119","1279.76","1808","168","Townhouse","3","","","","","0","0","","G+1","","2025-11-04 00:00:00","Active Listings","","No","","","Direct park access | Ready to move | G+1","Dubai Properties",""
"24372721","2025-11-04 00:00:00","Mudon","Al Ranim","Al Ranim 2","","","210000","210000","95","1019.42","2217","206","Townhouse","3","","","","","1813","168.46","","G+1","","2025-11-04 00:00:00","Active Listings","","No","","","New Townhouse | Single Row | Close to Pool","Dubai Properties",""
"24320754","2025-11-04 00:00:00","Mudon","Al Ranim","Al Ranim 2","","","230000","220000","86","928.27","2548","237","Townhouse","4","","","","","0","0","","G+1","","2025-11-04 00:00:00","Active Listings","","No","","","Best Price | Single Row Road side | Ready to move","Dubai Properties",""
"24356338","2025-11-04 00:00:00","Mudon","Al Ranim","Al Ranim 2","","","185000","185000","83","898.19","2217","206","Townhouse","3","","","","","1813","168.46","","G+1","","2025-11-04 00:00:00","Active Listings","","No","","","Prime Location | Spacious 3BR | Brandnew","Dubai Properties",""
"24531955","2025-11-04 00:00:00","Mudon","Al Ranim","Al Ranim 1","","","180000","180000","77","825.69","2344","218","Townhouse","3","","","","","0","0","","G+1","","2025-11-04 00:00:00","Active Listings","","No","","","Best Price | Spacious Layout | Great Community","Dubai Properties",""
"24370675","2025-11-04 00:00:00","Mudon","Al Ranim","Al Ranim 2","","","195000","195000","88","946.6","2217","206","Townhouse","3","","","","","1846","171.47","","G+1","","2025-11-04 00:00:00","Active Listings","","No","","","Brand New Spacious 3bhk Villa ! Single Row! Faimly community","Dubai Properties",""
"24380148","2025-11-04 00:00:00","Mudon","Al Ranim","Al Ranim 1","","","185000","185000","99","1069.36","1865","173","Townhouse","3","","","","","0","0","","G+1","","2025-11-04 00:00:00","Active Listings","","No","","","Brand New | Green Community | Ready to Move","Dubai Properties",""
"24300020","2025-11-04 00:00:00","Mudon","Al Ranim","Al Ranim 2","","","190000","200000","90","971.02","2217","206","Townhouse","3","","","","","1814","168.51","","G+1","","2025-11-04 00:00:00","Active Listings","","No","","","Ranim Ready To Move 3 Beds Very Close From Park","Dubai Properties",""
"24393718","2025-11-04 00:00:00","Mudon","Al Ranim","Al Ranim 2","","","210000","210000","95","1019.57","2217","206","Townhouse","3","","","","","1813","168.46","","G+1","","2025-11-04 00:00:00","Active Listings","","Yes","","","Single Row | Close to Park | Sport Area","Dubai Properties",""
"24513016","2025-11-04 00:00:00","Mudon","Al Ranim","Al Ranim 3","","","200000","200000","90","970.87","2217","206","Townhouse","3","","","","","1808","168.01","","G+1","","2025-11-04 00:00:00","Active Listings","","No","","","Ranim Brand New 3 Beds Facing The Park For 200K","Dubai Properties",""
"24380410","2025-11-04 00:00:00","Mudon","Al Ranim","Al Ranim 1","","","190000","190000","86","922.33","2217","206","Townhouse","3","","","","","1866","173.32","","G+1","","2025-11-04 00:00:00","Active Listings","","No","","","3 Bed Plus Maid  | Ready to Move | Single Row","Dubai Properties",""
"24444410","2025-11-04 00:00:00","Mudon","Al Ranim","Al Ranim 2","","","200000","200000","90","971.02","2217","206","Townhouse","3","","","","","1814","168.54","","G+1","","2025-11-04 00:00:00","Active Listings","","No","","","Prime Location | Ready To Move | Luxurious","Dubai Properties",""
"24323324","2025-11-04 00:00:00","Mudon","Al Ranim","Al Ranim 2","","","250000","250000","84","903.51","2978","276.7","Townhouse","4","Community,Greenbelt","","","","2673","248.32","","G+2","","2025-11-04 00:00:00","Active Listings","","No","","","Stunning G+2 Facing Greenbelt | Vacant","Dubai Properties",""
"23283708","2025-11-04 00:00:00","Mudon","Al Ranim","Al Ranim 2","","","255000","270000","101","1084.34","2678","249","Townhouse","4","","","","","0","0","","G+1","","2025-11-04 00:00:00","Active Listings","","No","","","4 Bedroom plus Maid | Large Plot | On Park","Dubai Properties",""
"24399613","2025-11-04 00:00:00","Mudon","Al Ranim","Al Ranim 2","","","320000","320000","107","1156.49","2978","276.7","Townhouse","4","","","","","3468","322.22","","G+2","","2025-11-04 00:00:00","Active Listings","","Yes","","","Brand New | Modern layout | Vacant","Dubai Properties",""
"24443389","2025-11-04 00:00:00","Mudon","Al Ranim","Al Ranim 2","","","260000","260000","102","1097.93","2549","236.78","Townhouse","4","Community,Road,Walkway,Landscaped Garden","","","","2767","257.05","","G+1","","2025-11-04 00:00:00","Active Listings","","No","","","Exclusive 4BR Villa for Rent | Mudon Al Ranim 2 | Modern Design","Dubai Properties",""
"24378877","2025-11-04 00:00:00","Mudon","Al Ranim","Al Ranim 1","","","185000","185000","83","898.06","2217","206","Townhouse","3","","","","","1808","168.01","","G+1","","2025-11-04 00:00:00","Active Listings","","No","","","Spacious Villa in Mudon | Bright Interiors | Prime Location | Modern Amenities","Dubai Properties",""
"23297278","2025-11-04 00:00:00","Mudon","Al Ranim","Al Ranim 1","","","180000","190000","102","1098.27","1865","173","Townhouse","3","","","","","0","0","","G+1","","2025-11-04 00:00:00","Active Listings","","No","","","Brand New Modern 3BR Villa for Rent","Dubai Properties",""
"24329477","2025-11-03 00:00:00","Mudon","Al Ranim","Al Ranim 1","","","180000","180000","100","1071.43","1807","168","Townhouse","3","","","","","0","0","","G+1","","2025-11-03 00:00:00","Active Listings","","No","","","Single Row | Ready to move | Spacious Layout","Dubai Properties",""
"24135461","2025-11-03 00:00:00","Mudon","Al Ranim","Al Ranim 1","","","255000","255000","100","1076.95","2549","236.78","Townhouse","4","Community,Park","","","","3026","281.11","","G+1","","2025-11-03 00:00:00","Active Listings","","No","","","4 Bedroom G+1 | Facing Park | Compliant with Vatsu","Dubai Properties",""
"24445231","2025-11-03 00:00:00","Mudon","Al Ranim","Al Ranim 1","","","249950","249950","98","1055.49","2549","236.78","Townhouse","4","Community,Park","","","","3026","281.11","","G+1","","2025-11-03 00:00:00","Active Listings","","No","","","Upgraded Garden | Newly L/Scaped | On Park","Dubai Properties",""
"24326219","2025-11-03 00:00:00","Mudon","Al Ranim","Al Ranim 1","","","195000","195000","112","1203.7","1745","162","Townhouse","3","","","","","0","0","","G+1","","2025-11-03 00:00:00","Active Listings","","No","","","G+1 Townhouse | Multiple Options | Single Row","Dubai Properties",""
"24352666","2025-11-03 00:00:00","Mudon","Al Ranim","Al Ranim 1","","","195000","195000","88","946.6","2217","206","Townhouse","3","","","","","1845","171.44","","G+1","","2025-11-03 00:00:00","Active Listings","","No","","","Vacant Unit | Brand New | Close to Lagoon | G + 1","Dubai Properties",""
"24418229","2025-11-03 00:00:00","Mudon","Al Ranim","Al Ranim 2","","","220000","220000","99","1067.96","2217","206","Townhouse","3","","","","","1808","168","","G+1","","2025-11-03 00:00:00","Active Listings","","Yes","","","Best Location | Park View | Close to Amenities","Dubai Properties",""
"24323513","2025-11-03 00:00:00","Mudon","Al Ranim","Al Ranim 1","","","190000","190000","103","1108.45","1845","171","Townhouse","3","","","","","0","0","","G+1","","2025-11-03 00:00:00","Active Listings","","No","","","HANDOVER SOON | VACANT | Family COMMUNITY","Dubai Properties",""
"23301049","2025-11-03 00:00:00","Mudon","Al Ranim","Al Ranim 1","","","179890","190000","103","1111.11","1845","171","Townhouse","3","","","","","0","0","","G+1","","2025-11-03 00:00:00","Active Listings","","No","","","3 BR+ Maid | Close to Pool & Park |Single Row | Easy Access","Dubai Properties",""
"23158221","2025-11-03 00:00:00","Mudon","Al Ranim","Al Ranim 1","","","220000","220000","99","1068.12","2217","206","Townhouse","3","","","","","1852","172.02","","G+1","","2025-11-03 00:00:00","Active Listings","","No","","","Harmony Townhouses |3 bedroom G+1 | Fresh Living","Dubai Properties",""
"23268303","2025-11-03 00:00:00","Mudon","Al Ranim","Al Ranim 1","","","195000","205000","111","1195.96","1845","171","Townhouse","3","","","","","0","0","","G+1","","2025-11-03 00:00:00","Active Listings","","No","","","Brand New Units | Multiple Options | View Today","Dubai Properties",""
"24321539","2025-11-02 00:00:00","Mudon","Al Ranim","Al Ranim 2","","","215000","215000","97","1043.69","2217","206","Townhouse","3","","","","","1808","168","","G+1","","2025-11-02 00:00:00","Active Listings","","No","","","Vacant and Unfurnished | Near to Park | Big Layout","Dubai Properties",""
"24436929","2025-11-02 00:00:00","Mudon","Al Ranim","Al Ranim 2","","","280000","280000","69","737.44","4087","380","Townhouse","4","","","","","0","0","","G+1","","2025-11-02 00:00:00","Active Listings","","No","","","Corner 4BR Villa | Huge Plot | Park View","Dubai Properties",""
"23084995","2025-11-02 00:00:00","Mudon","Al Ranim","Al Ranim 1","","","200000","200000","90","971.02","2217","206","Townhouse","3","","","","","1854","172.25","","G+1","","2025-11-02 00:00:00","Active Listings","","No","","","Single Row 3 Bed G+1 Ready To Move Brand New House","Dubai Properties",""
"24394762","2025-11-01 00:00:00","Mudon","Al Ranim","Al Ranim 2","","","250000","250000","98","1056.1","2548","236.78","Townhouse","4","","","","N","2704","251.23","","G+1","","2026-10-31 00:00:00","Rental Contracts","","","","","","Dubai Properties","New"
"24377890","2025-11-01 00:00:00","Mudon","Al Ranim","Al Ranim 2","","","250000","250000","98","1056.1","2548","236.78","Townhouse","4","","","","N","2704","251.23","","G+1","","2026-10-31 00:00:00","Rental Contracts","","","","","","Dubai Properties","New"
"24442150","2025-11-01 00:00:00","Mudon","Al Ranim","Al Ranim 2","","","190000","190000","86","922.33","2217","206","Townhouse","3","","","","N","1808","168","","G+1","","2026-10-31 00:00:00","Rental Contracts","","","","","","Dubai Properties","New"
"24419894","2025-11-01 00:00:00","Mudon","Al Ranim","Al Ranim 1","","","175000","175000","79","849.51","2217","206","Townhouse","3","","","","","0","0","","G+1","","2025-11-01 00:00:00","Active Listings","","No","","","Best Value | Brand new | Ready Now","Dubai Properties",""
"24370746","2025-11-01 00:00:00","Mudon","Al Ranim","Al Ranim 2","","","195000","195000","88","946.6","2217","206","Townhouse","3","","","","","1846","171.47","","G+1","","2025-11-01 00:00:00","Active Listings","","","","","Brand New-Single Row- 3bhk Villa - With All Amenities","Dubai Properties",""
"24133953","2025-11-01 00:00:00","Mudon","Al Ranim","Al Ranim 1","","","260000","260000","89","958.77","2919","271","Townhouse","4","","","","","0","0","","G+1","","2025-11-01 00:00:00","Active Listings","","No","","","Park Backing | Single Row | Open Layout","Dubai Properties",""
"23210071","2025-11-01 00:00:00","Mudon","Al Ranim","Al Ranim 1","","","270000","270000","99","1062.99","2733","254","Townhouse","4","","","","","0","0","","G+1","","2025-11-01 00:00:00","Active Listings","","No","","","Ready to Move | Close to Pool | End Corner","Dubai Properties",""
"23215193","2025-11-01 00:00:00","Mudon","Al Ranim","Al Ranim 1","","","200000","200000","111","1190.69","1808","168","Townhouse","3","","","","","0","0","","G+1","","2025-11-01 00:00:00","Active Listings","","No","","","Park-Facing | Single Row | Vacant","Dubai Properties",""
"24257119","2025-11-01 00:00:00","Mudon","Al Ranim","Al Ranim 1","","","189000","189000","85","917.48","2217","206","Townhouse","3","","","","","1924","178.71","","G+1","","2025-11-01 00:00:00","Active Listings","","","","","Brand New- Luxurious 3bhk - Affordable Rent","Dubai Properties",""
"24235176","2025-11-01 00:00:00","Mudon","Al Ranim","Al Ranim 1","","","180000","190000","86","922.33","2217","206","Townhouse","3","","","","","0","0","","G+1","","2025-11-01 00:00:00","Active Listings","","No","","","In Front of Park- Near Entry/Exit- Single Row- Brand new 3 BR + Maid + Store","Dubai Properties",""
"24403892","2025-11-01 00:00:00","Mudon","Al Ranim","Al Ranim 1","","","205000","205000","80","859.36","2567","238.55","Townhouse","3","","","","N","1808","168","","G+2","","2026-10-31 00:00:00","Rental Contracts","","","","","","Dubai Properties","New"
"24507831","2025-11-01 00:00:00","Mudon","Al Ranim","Al Ranim 1","","","210000","210000","82","886.9","2548","236.78","Townhouse","4","","","","N","2919","271.26","","G+1","","2026-10-31 00:00:00","Rental Contracts","","","","","","Dubai Properties","New"
"24746688","2025-11-01 00:00:00","Mudon","Al Ranim","Al Ranim 1","","","180000","180000","81","873.79","2217","206","Townhouse","3","","","","N","1812","168.37","","G+1","","2026-10-31 00:00:00","Rental Contracts","","","","","","Dubai Properties","New"
"24436167","2025-11-01 00:00:00","Mudon","Al Ranim","Al Ranim 2","","","265000","265000","65","697.94","4087","380","Townhouse","4","","","","","0","0","","G+1","","2025-11-01 00:00:00","Active Listings","","No","","","Ready to Move | Spacious Plot | Great Location","Dubai Properties",""
"24382152","2025-11-01 00:00:00","Mudon","Al Ranim","Al Ranim 1","","","225000","225000","88","950.25","2548","236.78","Townhouse","4","","","","N","2628","244.18","","G+1","","2026-10-31 00:00:00","Rental Contracts","","","","","","Dubai Properties","New"
"24266199","2025-11-01 00:00:00","Mudon","Al Ranim","Al Ranim 1","","","192000","192000","75","804.8","2568","238.55","Townhouse","3","","","","","1891","175.64","","G+2","","2025-11-01 00:00:00","Active Listings","","No","","","3-Bedroom G+1 Townhouse- Ideal Location- Good View","Dubai Properties",""
"24477403","2025-11-01 00:00:00","Mudon","Al Ranim","Al Ranim 1","","","250000","250000","98","1055.7","2549","236.78","Townhouse","4","","","","","2905","269.9","","G+1","","2025-11-01 00:00:00","Active Listings","","","","","Spacious 4 Bedroom +maid |G+1| Family Community","Dubai Properties",""
"24410076","2025-11-01 00:00:00","Mudon","Al Ranim","Al Ranim 2","","","330000","330000","111","1192.63","2978","276.7","Townhouse","4","","","","N","5339","496.09","","G+2","","2026-10-31 00:00:00","Rental Contracts","","","","","","Dubai Properties","New"
"24508133","2025-11-01 00:00:00","Mudon","Al Ranim","Al Ranim 1","","","180000","180000","81","873.79","2217","206","Townhouse","3","","","","N","1808","168","Type 3B1","G+1","","2026-10-31 00:00:00","Rental Contracts","","","","","","Dubai Properties","New"
"24323561","2025-11-01 00:00:00","Mudon","Al Ranim","Al Ranim 2","","","190000","190000","86","922.33","2217","206","Townhouse","3","","","","","1813","168.46","","G+1","","2025-11-01 00:00:00","Active Listings","","No","","","Band New I Appliances Included I Single Row","Dubai Properties",""
"24507887","2025-11-01 00:00:00","Mudon","Al Ranim","Al Ranim 1","","","175000","175000","79","849.51","2217","206","Townhouse","3","","","","N","1846","171.53","","G+1","","2026-10-31 00:00:00","Rental Contracts","","","","","","Dubai Properties","New"
"24478279","2025-10-31 00:00:00","Mudon","Al Ranim","Al Ranim 1","","","190000","190000","103","1108.45","1845","171","Townhouse","3","","","","","0","0","","G+1","","2025-10-31 00:00:00","Active Listings","","No","","","Prime Location | Close to Park | Ready Community","Dubai Properties",""
"24362851","2025-10-31 00:00:00","Mudon","Al Ranim","Al Ranim 2","","","174990","174990","79","849.59","2217","206","Townhouse","3","","","","","1814","168.53","","G+1","","2025-10-31 00:00:00","Active Listings","","","","","Brand New | Single Row | Near Pool and Park| Best Deal!!!","Dubai Properties",""
"24132777","2025-10-31 00:00:00","Mudon","Al Ranim","Al Ranim 2","","","169999","190000","86","922.33","2217","206","Townhouse","3","","","","","1812","168.32","","G+1","","2025-10-31 00:00:00","Active Listings","","No","","","Single Row | Brand New | Biggest Plot","Dubai Properties",""
"24319933","2025-10-31 00:00:00","Mudon","Al Ranim","Al Ranim 1","","","190000","190000","102","1098.27","1866","173","Townhouse","3","","","","","0","0","","G+1","","2025-10-31 00:00:00","Active Listings","","No","","","Multiple Options | Brand New | Unfurnished","Dubai Properties",""
"24506850","2025-10-31 00:00:00","Mudon","Al Ranim","Al Ranim 2","","","250000","250000","84","903.6","2978","276.7","Townhouse","4","","","","N","4087","379.72","","G+2","","2026-10-30 00:00:00","Rental Contracts","","","","","","Dubai Properties","New"
"24352045","2025-10-30 00:00:00","Mudon","Al Ranim","Al Ranim 1","","","185000","190000","86","922.33","2217","206","Townhouse","3","","","","","1808","168","","G+1","","2025-10-30 00:00:00","Active Listings","","No","","","Ready to Move-In 3Bed | Affordable Price | Prime Location","Dubai Properties",""
"23274820","2025-10-30 00:00:00","Mudon","Al Ranim","Al Ranim 1","","","260000","260000","89","962.96","2911","270","Townhouse","4","","","","","0","0","","G+1","","2025-10-30 00:00:00","Active Listings","","No","","","Elegant townhouse | Modern Comfort & Space","Dubai Properties",""
"24321434","2025-10-30 00:00:00","Mudon","Al Ranim","Al Ranim 2","","","245000","245000","96","1034.58","2549","236.78","Townhouse","4","","","","","2728","253.41","","G+1","","2025-10-30 00:00:00","Active Listings","","No","","","Available for Rent| Brand New| Prime Location","Dubai Properties",""
"23285215","2025-10-29 00:00:00","Mudon","Al Ranim","Al Ranim 1","","","234000","234000","80","866.67","2910","270","Townhouse","4","","","","","0","0","","G+1","","2025-10-29 00:00:00","Active Listings","","No","","","Brand new | Ready to move | Best deal","Dubai Properties",""
"23284261","2025-10-28 00:00:00","Mudon","Al Ranim","Al Ranim 1","","","350000","350000","118","1265.04","2978","276.7","Townhouse","4","","","","","4955","460.34","","G+2","","2025-10-28 00:00:00","Active Listings","","No","","","G+2 | Huge Plot | Ready to Move In","Dubai Properties",""
"23324554","2025-10-28 00:00:00","Mudon","Al Ranim","Al Ranim 1","","","330000","330000","111","1192.76","2978","276.7","Townhouse","4","","","","","4955","460.34","","G+2","","2025-10-28 00:00:00","Active Listings","","No","","","G+2 Luxury 4bhk - Corner Plot- Park View","Dubai Properties",""
"23284891","2025-10-28 00:00:00","Mudon","Al Ranim","Al Ranim 1","","","175000","200000","90","970.87","2217","206","Townhouse","3","","","","","1808","168.01","","G+1","","2025-10-28 00:00:00","Active Listings","","No","","","Brand New 3 BR + Maid  | G+1 | Single Row","Dubai Properties",""
"24436468","2025-10-28 00:00:00","Mudon","Al Ranim","Al Ranim 1","","","240000","240000","108","1165.22","2217","206","Townhouse","3","","","","","1854","172.25","","G+1","","2025-10-28 00:00:00","Active Listings","","No","","","Brand New Suburban community | 3BR G+1","Dubai Properties",""
"24265795","2025-10-26 00:00:00","Mudon","Al Ranim","Al Ranim 2","","","185000","185000","83","898.19","2217","206","Townhouse","3","Community,Swimming Pool,Park","","","","1808","168","","G+1","","2025-10-26 00:00:00","Active Listings","","No","","","Luxury 3BHK Villa | Peaceful Living | Ready to Move","Dubai Properties",""
"24265903","2025-10-26 00:00:00","Mudon","Al Ranim","Al Ranim 2","","","250000","250000","98","1055.83","2549","236.78","Townhouse","4","","","","","2863","265.96","","G+1","","2025-10-26 00:00:00","Active Listings","","No","","","Spacious 4BHK Villa with Maid’s Room | Prime Location","Dubai Properties",""
"24265673","2025-10-26 00:00:00","Mudon","Al Ranim","Al Ranim 2","","","185000","185000","83","898.19","2217","206","Townhouse","3","Community,Swimming Pool,Park","","","","1808","168","","G+1","","2025-10-26 00:00:00","Active Listings","","","","","Brand New - Affordable Rent - 3bhk With Maidroom","Dubai Properties",""
"24265935","2025-10-26 00:00:00","Mudon","Al Ranim","Al Ranim 2","","","250000","250000","98","1055.83","2549","236.78","Townhouse","4","","","","","2863","265.96","","G+1","","2025-10-26 00:00:00","Active Listings","","","","","Contemporary Style-Family Comfort- Corner Unit","Dubai Properties",""
"24380685","2025-10-25 00:00:00","Mudon","Al Ranim","Al Ranim 1","","","196000","196000","108","1166.88","1808","168","Townhouse","3","","","","","0","0","","G+1","","2025-10-25 00:00:00","Active Listings","","No","","","Single Row ! Brand New 3bhk Villa ! Prime location","Dubai Properties",""
"24397326","2025-10-25 00:00:00","Mudon","Al Ranim","Al Ranim 2","","","190000","190000","86","922.46","2217","206","Townhouse","3","","","","N","1842","171.19","","G+1","","2026-10-24 00:00:00","Rental Contracts","","","","","","Dubai Properties","New"
"24128809","2025-10-25 00:00:00","Mudon","Al Ranim","Al Ranim 2","","","205000","205000","92","995.15","2217","206","Townhouse","3","","","","","0","0","","G+1","","2025-10-25 00:00:00","Active Listings","","","","","On Park | Walkable to Beach Pool | Spacious Unit","Dubai Properties",""
"23270451","2025-10-25 00:00:00","Mudon","Al Ranim","Al Ranim 1","","","260000","260000","101","1083.33","2584","240","Townhouse","4","","","","","0","0","","G+1","","2025-10-25 00:00:00","Active Listings","","No","","","BRAND NEW 4-BED FOR RENT BIG LAY OUT|GOOD LOCATION","Dubai Properties",""
"24234812","2025-10-25 00:00:00","Mudon","Al Ranim","Al Ranim 2","","","215000","215000","119","1276.49","1813","168","Townhouse","3","","","","","0","0","","G+1","","2025-10-25 00:00:00","Active Listings","","No","","","Brand new | Single Row | 3BR+M   | Ready to move","Dubai Properties",""
"24385885","2025-10-25 00:00:00","Mudon","Al Ranim","Al Ranim 1","","","220000","220000","86","929.13","2548","236.78","Townhouse","4","","","","N","2919","271.22","","G+1","","2026-10-24 00:00:00","Rental Contracts","","","","","","Dubai Properties","New"
"24259165","2025-10-25 00:00:00","Mudon","Al Ranim","Al Ranim 2","","","190000","210000","116","1250","1808","168","Townhouse","3","","","","","0","0","","G+1","","2025-10-25 00:00:00","Active Listings","","No","","","Park View | Single Row | Multiple Units","Dubai Properties",""
"23296353","2025-10-25 00:00:00","Mudon","Al Ranim","Al Ranim 1","","","260000","260000","101","1083.33","2585","240","Townhouse","4","","","","","0","0","","G+1","","2025-10-25 00:00:00","Active Listings","","","","","Brand New | 4 bed + Maids | Al Ranim 1","Dubai Properties",""
"23280482","2025-10-25 00:00:00","Mudon","Al Ranim","Al Ranim 1","","","270000","270000","104","1125","2585","240","Townhouse","4","","","","","0","0","","G+1","","2025-10-25 00:00:00","Active Listings","","No","","","Single Row | Park Outlook | Upgraded Kitchen","Dubai Properties",""
"23262837","2025-10-25 00:00:00","Mudon","Al Ranim","Al Ranim 1","","","205000","205000","92","995.15","2217","206","Townhouse","3","","","","","1808","168","","G+1","","2025-10-25 00:00:00","Active Listings","","","","","Brand New- Luxury 3bhk With Maid room - Park View","Dubai Properties",""
"24319113","2025-10-25 00:00:00","Mudon","Al Ranim","Al Ranim 2","","","210000","210000","95","1019.42","2217","206","Townhouse","3","","","","","0","0","","G+1","","2025-10-25 00:00:00","Active Listings","","No","","","Single Row | Brand New | Prime Community","Dubai Properties",""
"23262859","2025-10-25 00:00:00","Mudon","Al Ranim","Al Ranim 1","","","195000","195000","88","946.6","2217","206","Townhouse","3","","","","","1872","173.93","","G+1","","2025-10-25 00:00:00","Active Listings","","No","","","Ready To Move - Luxury Villa - Prime Location","Dubai Properties",""
"24436623","2025-10-25 00:00:00","Mudon","Al Ranim","Al Ranim 2","","","215000","215000","97","1043.69","2217","206","Townhouse","3","","","","","1808","168","","G+1","","2025-10-25 00:00:00","Active Listings","","No","","","Brand new | Facing park | Close to the pool","Dubai Properties",""
"23262890","2025-10-25 00:00:00","Mudon","Al Ranim","Al Ranim 1","","","195000","195000","88","946.6","2217","206","Townhouse","3","","","","","1872","173.93","","G+1","","2025-10-25 00:00:00","Active Listings","","","","","Luxury 3BHK with Maid’s Room | Prime Location | Rent AED 195,000","Dubai Properties",""
"24325292","2025-10-25 00:00:00","Mudon","Al Ranim","Al Ranim 1","","","240000","240000","94","1012.66","2549","237","Townhouse","4","","","","","0","0","","G+1","","2025-10-25 00:00:00","Active Listings","","No","","","Brand New | Garden and Pool View | Vacant","Dubai Properties",""
"24396490","2025-10-25 00:00:00","Mudon","Al Ranim","Al Ranim 2","","","220000","220000","86","922.51","2567","238.55","Townhouse","3","","","","N","1906","177.11","","G+2","","2026-10-24 00:00:00","Rental Contracts","","","","","","Dubai Properties","New"
"24253649","2025-10-25 00:00:00","Mudon","Al Ranim","Al Ranim 1","","","210000","210000","116","1250","1808","168","Townhouse","3","","","","","0","0","","G+1","","2025-10-25 00:00:00","Active Listings","","No","","","3 Bed + Maid | Opposite Play Area & Pool | Ready to Move In","Dubai Properties",""
"24371155","2025-10-25 00:00:00","Mudon","Al Ranim","Al Ranim 1","","","200000","200000","90","970.87","2217","206","Townhouse","3","Community,Landscaped Garden,Distant Swimming Pool","","","","1808","168","","G+1","","2025-10-25 00:00:00","Active Listings","","No","","","New | Prime Location | Ranim Spacious 3BR","Dubai Properties",""
"24380638","2025-10-25 00:00:00","Mudon","Al Ranim","Al Ranim 1","","","196000","196000","108","1166.88","1808","168","Townhouse","3","","","","","0","0","","G+1","","2025-10-25 00:00:00","Active Listings","","","","","Brand New-3bed + Maid-Single Row- Multiple Options","Dubai Properties",""
"24300025","2025-10-25 00:00:00","Mudon","Al Ranim","Al Ranim 2","","","215000","215000","119","1279.76","1808","168","Townhouse","3","","","","","0","0","","G+1","","2025-10-25 00:00:00","Active Listings","","No","","","3Beds Ranim Park facing Single Row Villa For Rent","Dubai Properties",""
"24299800","2025-10-24 00:00:00","Mudon","Al Ranim","Al Ranim 2","","","205000","205000","92","995.15","2217","206","Townhouse","3","","","","","0","0","","G+1","","2025-10-24 00:00:00","Active Listings","","No","","","Brand New I Negotiable price | Prime Location","Dubai Properties",""
"24234010","2025-10-24 00:00:00","Mudon","Al Ranim","Al Ranim 1","","","317000","330000","111","1191.34","2978","277","Townhouse","4","","","","","0","0","","G+1","","2025-10-24 00:00:00","Active Listings","","No","","","Type G+2 | Largest Plot | On park, next to pool","Dubai Properties",""
"23304807","2025-10-24 00:00:00","Mudon","Al Ranim","Al Ranim 1","","","240000","240000","93","1000","2584","240","Townhouse","4","","","","","0","0","","G+1","","2025-10-24 00:00:00","Active Listings","","No","","","GREAT LOCATION| BRAND NEW| READY TO MOVE","Dubai Properties",""
"23287197","2025-10-24 00:00:00","Mudon","Al Ranim","Al Ranim 1","","","239999","239999","82","888.89","2910","270","Townhouse","4","","","","","0","0","","G+1","","2025-10-24 00:00:00","Active Listings","","No","","","BRAND NEW | VIEWING AVAILABLE | GRAB NOW","Dubai Properties",""
"24321211","2025-10-24 00:00:00","Mudon","Al Ranim","Al Ranim 2","","","185000","185000","83","898.06","2217","206","Townhouse","3","","","","","0","0","","G+1","","2025-10-24 00:00:00","Active Listings","","No","","","Single Row | Lowest Price | With Appliances","Dubai Properties",""
"23312318","2025-10-24 00:00:00","Mudon","Al Ranim","Al Ranim 1","","","240000","240000","93","1000","2585","240","Townhouse","4","","","","","0","0","","G+1","","2025-10-24 00:00:00","Active Listings","","No","","","G+2| Park Backing | Single Row","Dubai Properties",""
"24260570","2025-10-24 00:00:00","Mudon","Al Ranim","Al Ranim 1","","","192000","192000","75","804.8","2568","238.55","Townhouse","3","","","","","1891","175.64","","G+2","","2025-10-24 00:00:00","Active Listings","","No","","","Single Row ! 3bhk Brand New ! Prime location! Faimly Community","Dubai Properties",""
"24266748","2025-10-24 00:00:00","Mudon","Al Ranim","Al Ranim 1","","","260000","260000","101","1083.33","2585","240","Townhouse","4","","","","","0","0","","G+1","","2025-10-24 00:00:00","Active Listings","","No","","","Brand new  | Pool facing | Next to entrance.","Dubai Properties",""
"24299358","2025-10-23 00:00:00","Mudon","Al Ranim","Al Ranim 1","","","249950","255000","100","1076.81","2549","236.78","Townhouse","4","Community,Park","","","","3026","281.11","","G+1","","2025-10-23 00:00:00","Active Listings","","No","","","Upgraded Garden | Newly L/Scaped | On Park","Dubai Properties",""
"24253795","2025-10-23 00:00:00","Mudon","Al Ranim","Al Ranim 2","","","210000","210000","116","1250","1808","168","Townhouse","3","","","","","0","0","","G+1","","2025-10-23 00:00:00","Active Listings","","No","","","Facing Park I Ready To Move In I Single Row","Dubai Properties",""
"24439506","2025-10-23 00:00:00","Mudon","Al Ranim","Al Ranim 1","","","190000","190000","86","922.33","2217","206","Townhouse","3","Community,Landscaped Garden,Distant Swimming Pool","","","N","1808","168","","G+1","","2026-10-22 00:00:00","Rental Contracts","","","","","","Dubai Properties","New"
"24321304","2025-10-22 00:00:00","Mudon","Al Ranim","Al Ranim 1","","","185000","185000","83","898.06","2217","206","Townhouse","3","","","","","1855","172.38","","G+1","","2025-10-22 00:00:00","Active Listings","","No","","","Exclusive Brand-New 3-Bedroom | Prime Location | Vastu-Compliant | Flexible Cheques","Dubai Properties",""
"23158843","2025-10-22 00:00:00","Mudon","Al Ranim","Al Ranim 1","","","240000","240000","108","1165.05","2217","206","Townhouse","3","","","","","1854","172.25","","G+1","","2025-10-22 00:00:00","Active Listings","","No","","","Brand New Suburban community | 3BR G+1","Dubai Properties",""
"24329815","2025-10-22 00:00:00","Mudon","Al Ranim","Al Ranim 1","","","190000","190000","105","1130.95","1808","168","Townhouse","3","","","","","0","0","","G+1","","2025-10-22 00:00:00","Active Listings","","No","","","Brand New | Appliances Inc | Vacant Now","Dubai Properties",""
"23292511","2025-10-22 00:00:00","Mudon","Al Ranim","Al Ranim 2","","","215000","215000","97","1043.84","2217","206","Townhouse","3","","","","","1808","168","","G+1","","2025-10-22 00:00:00","Active Listings","","No","","","Brand new | Facing park | Close to the pool","Dubai Properties",""
"24301929","2025-10-22 00:00:00","Mudon","Al Ranim","Al Ranim 2","","","195000","195000","88","946.6","2217","206","Townhouse","3","","","","","1843","171.19","","G+1","","2025-10-22 00:00:00","Active Listings","","No","","","Excellent Value | 3 Beds G+1 |  Park Backing","Dubai Properties",""
"24402317","2025-10-22 00:00:00","Mudon","Al Ranim","Al Ranim 2","","","280000","280000","69","736.84","4087","380","Townhouse","4","","","","","0","0","","G+1","","2025-10-22 00:00:00","Active Listings","","No","","","Corner Unit | Huge Plot | 4 BR Villa in Mudon Al Ranim 2","Dubai Properties",""
"24373667","2025-10-22 00:00:00","Mudon","Al Ranim","Al Ranim 2","","","200000","200000","111","1190.48","1808","168","Townhouse","3","","","","","0","0","","G+1","","2025-10-22 00:00:00","Active Listings","","No","","","Family Townhouse | Garden in Mudon Al Ranim","Dubai Properties",""
"24407474","2025-10-22 00:00:00","Mudon","Al Ranim","Al Ranim 1","","","239999","239999","94","1013.47","2549","236.78","Townhouse","4","","","","","2628","244.18","","G+1","","2025-10-22 00:00:00","Active Listings","","No","","","Brand New 4 BR + Maid | Well Maintained | Hot Deal","Dubai Properties",""
"24333235","2025-10-22 00:00:00","Mudon","Al Ranim","Al Ranim 1","","","260000","260000","102","1098.07","2549","236.78","Townhouse","4","","","","","2734","253.98","","G+1","","2025-10-22 00:00:00","Active Listings","","No","","","Corner Plot | Vastu | 4BR G+1 | Prime Location","Dubai Properties",""
"24320692","2025-10-22 00:00:00","Mudon","Al Ranim","Al Ranim 1","","","320000","320000","107","1156.49","2978","276.7","Townhouse","4","","","","","4955","460.34","","G+2","","2025-10-22 00:00:00","Active Listings","","No","","","Roof Terrace | G+2 Layout | On The Park","Dubai Properties",""
"24385726","2025-10-22 00:00:00","Mudon","Al Ranim","Al Ranim 1","","","175000","175000","79","849.64","2217","206","Townhouse","3","","","","N","1808","168.01","","G+1","","2026-10-21 00:00:00","Rental Contracts","","","","","","Dubai Properties","New"
"24132815","2025-10-22 00:00:00","Mudon","Al Ranim","Al Ranim 2","","","260000","260000","102","1097.05","2549","237","Townhouse","4","","","","","0","0","","G+1","","2025-10-22 00:00:00","Active Listings","","No","","","Large Corner Plot | Park Backing | Vacant","Dubai Properties",""
"24299485","2025-10-22 00:00:00","Mudon","Al Ranim","Al Ranim 2","","","265000","265000","104","1119.18","2549","236.78","Townhouse","4","Community,Road,Walkway,Landscaped Garden","","","","2767","257.05","","G+1","","2025-10-22 00:00:00","Active Listings","","No","","","Brand New | Large Corner Plot | Real Ad","Dubai Properties",""
"24255066","2025-10-21 00:00:00","Mudon","Al Ranim","Al Ranim 2","","","220000","220000","99","1068.12","2217","206","Townhouse","3","Community,Swimming Pool,Park","","","","1808","168","","G+1","","2025-10-21 00:00:00","Active Listings","","No","","","Mortgage | G + 1 | Near The Amenities | Ready To Move in","Dubai Properties",""
"24267130","2025-10-21 00:00:00","Mudon","Al Ranim","Al Ranim 1","","","235000","235000","130","1398.81","1808","168","Townhouse","3","","","","","0","0","","G+1","","2025-10-21 00:00:00","Active Listings","","No","","","G Plus 2 | Main Park Backing |Rent Now | Near Pool","Dubai Properties",""
"23268081","2025-10-21 00:00:00","Mudon","Al Ranim","Al Ranim 1","","","350000","350000","71","760.87","4950","460","Townhouse","4","","","","","0","0","","G+1","","2025-10-21 00:00:00","Active Listings","","No","","","GARDEN VIEW | EXCLUSIVE | SPACIOUS 4 BR","Dubai Properties",""
"23196923","2025-10-21 00:00:00","Mudon","Al Ranim","Al Ranim 1","","","240000","240000","133","1428.57","1808","168","Townhouse","3","","","","","0","0","","G+1","","2025-10-21 00:00:00","Active Listings","","No","","","FOR RENT |ON PARK| MULTIPLE OPTION | G+2","Dubai Properties",""
"24324888","2025-10-20 00:00:00","Mudon","Al Ranim","Al Ranim 2","","","205000","205000","92","995.29","2217","206","Townhouse","3","","","","","1962","182.23","","G+1","","2025-10-20 00:00:00","Active Listings","","No","","","Limited Edition Unit !! 3 Bed plus Maid on Park","Dubai Properties",""
"24236855","2025-10-20 00:00:00","Mudon","Al Ranim","Al Ranim 2","","","220000","220000","115","1242.94","1906","177","Townhouse","3","","","","","0","0","","G+1","","2025-10-20 00:00:00","Active Listings","","No","","","G+2 Park Facing | Close to Pool | Exclusive","Dubai Properties",""
"23283960","2025-10-20 00:00:00","Mudon","Al Ranim","Al Ranim 1","","","275000","310000","122","1309.07","2549","236.78","Townhouse","4","","","","","5086","472.52","","G+1","","2025-10-20 00:00:00","Active Listings","","No","","","4 BEDS+MAIDS | LARGEST PLOT WITH PRIVATE GARDEN","Dubai Properties",""
"24355122","2025-10-19 00:00:00","Mudon","Al Ranim","Al Ranim 1","","","240000","240000","91","983","2628","244","Townhouse","4","","","","","0","0","","G+1","","2025-10-19 00:00:00","Active Listings","","No","","","Lowest Price | Vastu | Brand New","Dubai Properties",""
"23280479","2025-10-19 00:00:00","Mudon","Al Ranim","Al Ranim 1","","","250000","250000","138","1488.1","1808","168","Townhouse","3","","","","","0","0","","G+1","","2025-10-19 00:00:00","Active Listings","","No","","","Spacious Home | Park Facing | Premium Interiors","Dubai Properties",""
"23317363","2025-10-19 00:00:00","Mudon","Al Ranim","Al Ranim 1","","","239999","239999","133","1428.57","1808","168","Townhouse","3","","","","","0","0","","G+1","","2025-10-19 00:00:00","Active Listings","","No","","","Spacious 3BR Villa | Pool and Park | Park and pool","Dubai Properties",""
"24257658","2025-10-19 00:00:00","Mudon","Al Ranim","Al Ranim 1","","","240000","240000","93","1004.18","2568","239","Townhouse","3","","","","","0","0","","G+1","","2025-10-19 00:00:00","Active Listings","","No","","","Large Built Up | Park Facing | 4 Plex | Vacant","Dubai Properties",""
"24235206","2025-10-19 00:00:00","Mudon","Al Ranim","Al Ranim 1","","","230000","230000","127","1369.05","1808","168","Townhouse","3","","","","","0","0","","G+1","","2025-10-19 00:00:00","Active Listings","","No","","","3-Beds ON POOL AND PARK | MULTIPLE OPTION","Dubai Properties",""
"23305185","2025-10-19 00:00:00","Mudon","Al Ranim","Al Ranim 1","","","190000","190000","105","1130.95","1808","168","Townhouse","3","","","","","0","0","","G+1","","2025-10-19 00:00:00","Active Listings","","No","","","SINGLE ROW| PRIME LOCATION| BRAND NEW","Dubai Properties",""
"23324385","2025-10-19 00:00:00","Mudon","Al Ranim","Al Ranim 1","","","230000","230000","127","1369.05","1808","168","Townhouse","3","","","","","0","0","","G+1","","2025-10-19 00:00:00","Active Listings","","No","","","Corner Unit | 3BHK G+2 Villa with Maid’s Room in Mudon”","Dubai Properties",""
"23324411","2025-10-19 00:00:00","Mudon","Al Ranim","Al Ranim 1","","","230000","230000","127","1369.05","1808","168","Townhouse","3","","","","","0","0","","G+1","","2025-10-19 00:00:00","Active Listings","","No","","","Spacious 3BHK G+2 with Maid’s Room | AED 230K | All Amenities Included","Dubai Properties",""
"24332066","2025-10-18 00:00:00","Mudon","Al Ranim","Al Ranim 1","","","245000","245000","96","1033.76","2549","237","Townhouse","4","","","","","0","0","","G+1","","2025-10-18 00:00:00","Active Listings","","No","","","Corner Plot | Vacant Now  | Real Advert","Dubai Properties",""
"19466852","2025-10-18 00:00:00","Mudon","Al Ranim","Al Ranim 1","","","225000","225000","88","950.25","2548","236.78","Townhouse","4","Community,Road,Partial play area","","","N","2631","244.46","","G+1","","2026-10-17 00:00:00","Rental Contracts","","","","","","Dubai Properties","New"
"23267474","2025-10-18 00:00:00","Mudon","Al Ranim","Al Ranim 1","","","275000","275000","108","1161.27","2549","236.78","Townhouse","4","","","","","4290","398.54","","G+1","","2025-10-18 00:00:00","Active Listings","","No","","","Contemporary l Biggest corner layout l Beautifully Landscaped","Dubai Properties",""
"23284894","2025-10-18 00:00:00","Mudon","Al Ranim","Al Ranim 1","","","190000","190000","86","922.46","2217","206","Townhouse","3","Community,Play area","","","","1808","168","","G+1","","2025-10-18 00:00:00","Active Listings","","No","","","Spacious Layout | Vacant | 3 Bedroom","Dubai Properties",""
"24325302","2025-10-18 00:00:00","Mudon","Al Ranim","Al Ranim 1","","","260000","260000","101","1087.87","2568","239","Townhouse","3","","","","","0","0","","G+1","","2025-10-18 00:00:00","Active Listings","","No","","","Ready to Move | Single Row | Opposite to Pool","Dubai Properties",""
"23300809","2025-10-18 00:00:00","Mudon","Al Ranim","Al Ranim 1","","","245000","245000","84","904.06","2912","271","Townhouse","4","","","","","0","0","","G+1","","2025-10-18 00:00:00","Active Listings","","No","","","Elegant 4BR Villa with Private Garden","Dubai Properties",""
"24326865","2025-10-18 00:00:00","Mudon","Al Ranim","Al Ranim 1","","","245000","245000","93","1004.1","2628","244","Townhouse","4","","","","","0","0","","G+1","","2025-10-18 00:00:00","Active Listings","","No","","","Specious Corner Plot/ Close to the Amenities/Single Row/Family Comfort","Dubai Properties",""
"24257755","2025-10-18 00:00:00","Mudon","Al Ranim","Al Ranim 2","","","199999","199999","90","970.87","2217","206","Townhouse","3","","","","","1808","168","","G+1","","2025-10-18 00:00:00","Active Listings","","No","","","Prime Location | Close to Pool | Private Garden","Dubai Properties",""
"24359394","2025-10-18 00:00:00","Mudon","Al Ranim","Al Ranim 1","","","240000","240000","94","1013.6","2549","236.78","Townhouse","4","","","","","2628","244.18","","G+1","","2025-10-18 00:00:00","Active Listings","","No","","","4BR + Maid | Brand New | Best in Amenities","Dubai Properties",""
"23312383","2025-10-18 00:00:00","Mudon","Al Ranim","Al Ranim 1","","","240000","240000","133","1428.57","1808","168","Townhouse","3","","","","","0","0","","G+1","","2025-10-18 00:00:00","Active Listings","","No","","","G+2 3-Bedroom | Park Backing | Single Row","Dubai Properties",""
"24333824","2025-10-17 00:00:00","Mudon","Al Ranim","Al Ranim 1","","","170000","170000","77","825.36","2217","206","Townhouse","3","","","","","1846","171.53","","G+1","","2025-10-17 00:00:00","Active Listings","","No","","","Single Row | Brand New | White Goods | Type 3B1","Dubai Properties",""
"24131627","2025-10-17 00:00:00","Mudon","Al Ranim","Al Ranim 2","","","200000","200000","99","1063.83","2023","188","Townhouse","3","","","","","0","0","","G+1","","2025-10-17 00:00:00","Active Listings","","No","","","3-Bedroom G+1 Townhouse | Park Facing | Ideal Location","Dubai Properties",""
"24269358","2025-10-17 00:00:00","Mudon","Al Ranim","Al Ranim 1","","","250000","250000","95","1024.59","2628","244","Townhouse","4","","","","","0","0","","G+1","","2025-10-17 00:00:00","Active Listings","","No","","","Brand New | Spacious Layout | Ready To Move In","Dubai Properties",""
"24299858","2025-10-17 00:00:00","Mudon","Al Ranim","Al Ranim 1","","","260000","260000","102","1098.07","2549","236.78","Townhouse","4","","","","","2628","244.18","","G+1","","2025-10-17 00:00:00","Active Listings","","No","","","Single Row | Vacant | Near Pool and Park","Dubai Properties",""
"24130144","2025-10-17 00:00:00","Mudon","Al Ranim","Al Ranim 2","","","190000","200000","90","970.87","2217","206","Townhouse","3","","","","","0","0","","G+1","","2025-10-17 00:00:00","Active Listings","","No","","","On the Park |Maid’s Room | Fitted Appliances","Dubai Properties",""
"24361847","2025-10-17 00:00:00","Mudon","Al Ranim","Al Ranim 1","","","239999","239999","94","1013.59","2549","236.78","Townhouse","4","","","","","2628","244.18","","G+1","","2025-10-17 00:00:00","Active Listings","","No","","","Brand New 4 BR + Maid | Well Maintained | Hot Deal","Dubai Properties",""
"24258491","2025-10-17 00:00:00","Mudon","Al Ranim","Al Ranim 2","","","230000","230000","127","1369.05","1808","168","Townhouse","3","","","","","0","0","","G+1","","2025-10-17 00:00:00","Active Listings","","No","","","Spacious 3 Bedroom Villa | Family Living | Vacant","Dubai Properties",""
"24130038","2025-10-17 00:00:00","Mudon","Al Ranim","Al Ranim 1","","","250000","260000","102","1097.93","2549","236.78","Townhouse","4","","","","","3033","281.75","","G+1","","2025-10-17 00:00:00","Active Listings","","No","","","Park Backing | Big Corner Plot | 4 Bed G+1","Dubai Properties",""
"19401991","2025-10-16 00:00:00","Mudon","Al Ranim","Al Ranim 1","","","235000","235000","92","992.73","2548","236.78","Townhouse","4","","","","N","2604","242","","G+1","","2026-10-15 00:00:00","Rental Contracts","","","","","","Dubai Properties","New"
"24376852","2025-10-16 00:00:00","Mudon","Al Ranim","Al Ranim 2","","","225000","225000","88","943.2","2567","238.55","Townhouse","3","","","","N","1808","168","","G+2","","2026-10-15 00:00:00","Rental Contracts","","","","","","Dubai Properties","New"
"24130400","2025-10-16 00:00:00","Mudon","Al Ranim","Al Ranim 1","","","320000","320000","107","1156.61","2978","276.7","Townhouse","4","","","","","2613","242.8","","G+2","","2025-10-16 00:00:00","Active Listings","","No","","","G+2 | Vacant | On the park | Ready to Move","Dubai Properties",""
"23297493","2025-10-16 00:00:00","Mudon","Al Ranim","Al Ranim 1","","","240000","240000","93","1006.08","2568","238.55","Townhouse","3","","","","","1808","168","","G+2","","2025-10-16 00:00:00","Active Listings","","No","","","New | 3 + Bed maids | G Plus 2 | Al ranim 1","Dubai Properties",""
"19397121","2025-10-15 00:00:00","Mudon","Al Ranim","Al Ranim 1","","","185000","185000","83","898.06","2217","206","Townhouse","3","","","","N","1844","171.4","","G+1","","2026-10-14 00:00:00","Rental Contracts","","","","","","Dubai Properties","New"
"21448714","2025-10-15 00:00:00","Mudon","Al Ranim","Al Ranim 1","","","180000","180000","81","873.79","2217","206","Townhouse","3","","","","N","1809","168.14","","G+1","","2026-10-14 00:00:00","Rental Contracts","","","","","","Dubai Properties","New"
"24395534","2025-10-15 00:00:00","Mudon","Al Ranim","Al Ranim 1","","","230000","230000","90","964.44","2567","238.55","Townhouse","3","","","","N","1808","168","","G+2","","2026-10-14 00:00:00","Rental Contracts","","","","","","Dubai Properties","New"
"23313695","2025-10-15 00:00:00","Mudon","Al Ranim","Al Ranim 1","","","260000","260000","99","1065.57","2631","244","Townhouse","4","","","","","0","0","","G+1","","2025-10-15 00:00:00","Active Listings","","No","","","Ranim 4 Beds Brand New Corner House House","Dubai Properties",""
"24355412","2025-10-15 00:00:00","Mudon","Al Ranim","Al Ranim 1","","","230000","230000","90","971.37","2549","236.78","Townhouse","4","Community,Road,Partial play area","","","","2631","244.46","","G+1","","2025-10-15 00:00:00","Active Listings","","No","","","Community Expert | Best Price| Brandnew","Dubai Properties",""
"23289439","2025-10-15 00:00:00","Mudon","Al Ranim","Al Ranim 1","","","200000","210000","116","1250","1808","168","Townhouse","3","","","","","0","0","","G+1","","2025-10-15 00:00:00","Active Listings","","Yes","","","Full Park Views | Brand New | Minutes from Pool","Dubai Properties",""
"24132963","2025-10-15 00:00:00","Mudon","Al Ranim","Al Ranim 1","","","250000","250000","95","1024.59","2631","244","Townhouse","4","","","","","0","0","","G+1","","2025-10-15 00:00:00","Active Listings","","No","","","Close to Pool & Park | Single Row | Brand New","Dubai Properties",""
"23308388","2025-10-15 00:00:00","Mudon","Al Ranim","Al Ranim 1","","","290000","290000","110","1188.52","2631","244","Townhouse","4","","","","","0","0","","G+1","","2025-10-15 00:00:00","Active Listings","","No","","","Brand New | Ready to Move-In | Family Community","Dubai Properties",""
"24265831","2025-10-15 00:00:00","Mudon","Al Ranim","Al Ranim 2","","","190000","190000","105","1124.26","1814","169","Townhouse","3","","","","","0","0","","G+1","","2025-10-15 00:00:00","Active Listings","","No","","","Single Row | Unfurnished | Brand New","Dubai Properties",""
"19408237","2025-10-15 00:00:00","Mudon","Al Ranim","Al Ranim 2","","","200000","200000","90","970.87","2217","206","Townhouse","3","","","","N","1968","182.9","","G+1","","2026-10-14 00:00:00","Rental Contracts","","","","","","Dubai Properties","New"
"19431558","2025-10-15 00:00:00","Mudon","Al Ranim","Al Ranim 1","","","180000","180000","81","873.79","2217","206","Townhouse","3","","","","N","1853","172.19","","G+1","","2026-10-14 00:00:00","Rental Contracts","","","","","","Dubai Properties","New"
"23281609","2025-10-15 00:00:00","Mudon","Al Ranim","Al Ranim 2","","","185000","185000","102","1094.67","1814","169","Townhouse","3","","","","","0","0","","G+1","","2025-10-15 00:00:00","Active Listings","","No","","","Limited Offer !! 3BR + Maid | Only AED 185,000","Dubai Properties",""
"24321491","2025-10-15 00:00:00","Mudon","Al Ranim","Al Ranim 2","","","190000","190000","86","922.33","2217","206","Townhouse","3","","","","","1814","168.53","","G+1","","2025-10-15 00:00:00","Active Listings","","No","","","3 Bed + Maid | Near To Pool & Park | Ready to Move","Dubai Properties",""
"19459302","2025-10-15 00:00:00","Mudon","Al Ranim","Al Ranim 1","","","190000","190000","86","922.46","2217","206","Townhouse","3","","","","N","1880","174.74","","G+1","","2026-10-14 00:00:00","Rental Contracts","","","","","","Dubai Properties","New"
"19459325","2025-10-15 00:00:00","Mudon","Al Ranim","Al Ranim 2","","","180000","180000","81","873.79","2217","206","Townhouse","3","","","","N","1808","168","","G+1","","2026-10-14 00:00:00","Rental Contracts","","","","","","Dubai Properties","New"
"24266261","2025-10-14 00:00:00","Mudon","Al Ranim","Al Ranim 1","","","240000","240000","91","983.61","2631","244","Townhouse","4","","","","","0","0","","G+1","","2025-10-14 00:00:00","Active Listings","","No","","","Corner Unit I Close to pool I Fitted Kitchen","Dubai Properties",""
"24263705","2025-10-14 00:00:00","Mudon","Al Ranim","Al Ranim 2","","","190000","190000","105","1130.95","1808","168","Townhouse","3","","","","","0","0","","G+1","","2025-10-14 00:00:00","Active Listings","","No","","","Single Row | Brand New | Real Property","Dubai Properties",""
"24258732","2025-10-14 00:00:00","Mudon","Al Ranim","Al Ranim 1","","","210000","210000","95","1019.42","2217","206","Townhouse","3","","","","","0","0","","G+1","","2025-10-14 00:00:00","Active Listings","","No","","","Brand New | Park View | Maids and Storage Room","Dubai Properties",""
"23323613","2025-10-14 00:00:00","Mudon","Al Ranim","Al Ranim 2","","","200000","200000","99","1063.83","2023","188","Townhouse","3","","","","","0","0","","G+1","","2025-10-14 00:00:00","Active Listings","","No","","","3-Bedroom G+1 Townhouse | Park Facing | Ideal Location","Dubai Properties",""
"24254735","2025-10-13 00:00:00","Mudon","Al Ranim","Al Ranim 2","","","205000","205000","113","1220.24","1808","168","Townhouse","3","","","","","0","0","","G+1","","2025-10-13 00:00:00","Active Listings","","No","","","Luxurious 3 Bed Plus Maid Villa on Park for RENT","Dubai Properties",""
"19465812","2025-10-13 00:00:00","Mudon","Al Ranim","Al Ranim 2","","","180000","180000","81","873.79","2217","206","Townhouse","3","","","","N","1814","168.53","","G+1","","2026-10-12 00:00:00","Rental Contracts","","","","","","Dubai Properties","New"
"24327286","2025-10-13 00:00:00","Mudon","Al Ranim","Al Ranim 1","","","185000","185000","83","898.06","2217","206","Townhouse","3","","","","","1808","168.01","","G+1","","2025-10-13 00:00:00","Active Listings","","No","","","Brand New 3 BR + Maid's Room | Single Row","Dubai Properties",""
"23291013","2025-10-13 00:00:00","Mudon","Al Ranim","Al Ranim 2","","","210000","220000","99","1067.96","2217","206","Townhouse","3","","","","","1858","172.62","","G+1","","2025-10-13 00:00:00","Active Listings","","No","","","Modern 3BR Villa+M -Direct Pool Access-Park Facing","Dubai Properties",""
"24130952","2025-10-13 00:00:00","Mudon","Al Ranim","Al Ranim 1","","","185000","185000","102","1101.39","1808","168","Townhouse","3","","","","","0","0","","G+1","","2025-10-13 00:00:00","Active Listings","","No","","","Biggest Plot | Vacant | Ready | Park Facing","Dubai Properties",""
"24270217","2025-10-13 00:00:00","Mudon","Al Ranim","Al Ranim 2","","","189000","189000","105","1125.2","1808","168","Townhouse","3","","","","","0","0","","G+1","","2025-10-13 00:00:00","Active Listings","","No","","","Modern Family Living | Close to Pool | Brand New","Dubai Properties",""
"23275418","2025-10-13 00:00:00","Mudon","Al Ranim","Al Ranim 2","","","220000","230000","90","964.08","2568","238.55","Townhouse","3","","","","","1808","168","","G+2","","2025-10-13 00:00:00","Active Listings","","No","","","Premium Unit | Backing Park | G+2 | Available October","Dubai Properties",""
"24261054","2025-10-13 00:00:00","Mudon","Al Ranim","Al Ranim 2","","","185000","200000","90","970.87","2217","206","Townhouse","3","","","","","1814","168.53","","G+1","","2025-10-13 00:00:00","Active Listings","","No","","","Brand New 3 BR + Maid  | G+1 | Single Row","Dubai Properties",""
"24320896","2025-10-12 00:00:00","Mudon","Al Ranim","Al Ranim 2","","","205000","205000","92","995.15","2217","206","Townhouse","3","","","","","0","0","","G+1","","2025-10-12 00:00:00","Active Listings","","No","","","Single Row | Park-Facing | With Kitchen Appliances","Dubai Properties",""
"23267488","2025-10-12 00:00:00","Mudon","Al Ranim","Al Ranim 1","","","220000","220000","86","924.37","2567","238","Townhouse","3","","","","","0","0","","G+1","","2025-10-12 00:00:00","Active Listings","","Yes","","","Newly Built | Park View | Sleek Interior","Dubai Properties",""
"24335635","2025-10-11 00:00:00","Mudon","Al Ranim","Al Ranim 2","","","190000","190000","86","922.33","2217","206","Townhouse","3","","","","","0","0","","G+1","","2025-10-11 00:00:00","Active Listings","","No","","","Modern 3BR Villa | Spacious | Ready To Move In","Dubai Properties",""
"24128820","2025-10-11 00:00:00","Mudon","Al Ranim","Al Ranim 2","","","200000","200000","90","970.87","2217","206","Townhouse","3","","","","","0","0","","G+1","","2025-10-11 00:00:00","Active Listings","","","","","3BR On Park | Brand New | Ready to Move-In","Dubai Properties",""
"24319320","2025-10-11 00:00:00","Mudon","Al Ranim","Al Ranim 1","","","190000","190000","85","918.76","2226","207","Townhouse","3","","","","","0","0","","G+1","","2025-10-11 00:00:00","Active Listings","","No","","","Brand New 3BR | Prime Location | Vacant Now","Dubai Properties",""
"23311977","2025-10-11 00:00:00","Mudon","Al Ranim","Al Ranim 1","","","225000","325000","109","1174.68","2978","276.7","Townhouse","4","","","","","4955","460.34","","G+2","","2025-10-11 00:00:00","Active Listings","","No","","","Largest Corner Plot | 4 BR+ Maid | Park Facing","Dubai Properties",""
"24319111","2025-10-11 00:00:00","Mudon","Al Ranim","Al Ranim 2","","","205000","205000","92","995.15","2217","206","Townhouse","3","","","","","0","0","","G+1","","2025-10-11 00:00:00","Active Listings","","No","","","Brand New | Multiple Options Available | Park View","Dubai Properties",""
"23216528","2025-10-11 00:00:00","Mudon","Al Ranim","Al Ranim 1","","","200000","200000","106","1142.86","1881","175","Townhouse","3","","","","","0","0","","G+1","","2025-10-11 00:00:00","Active Listings","","No","","","Prime Location | Brand New | Ready","Dubai Properties",""
"24325023","2025-10-11 00:00:00","Mudon","Al Ranim","Al Ranim 1","","","210000","210000","116","1250","1808","168","Townhouse","3","","","","","0","0","","G+1","","2025-10-11 00:00:00","Active Listings","","No","","","Facing Park | Brand New | Ready To Move","Dubai Properties",""
"24356002","2025-10-11 00:00:00","Mudon","Al Ranim","Al Ranim 1","","","190000","190000","101","1085.71","1880","175","Townhouse","3","","","","","0","0","","G+1","","2025-10-11 00:00:00","Active Listings","","No","","","Ready to Move | Brandnew | Family Community","Dubai Properties",""
"24298164","2025-10-11 00:00:00","Mudon","Al Ranim","Al Ranim 2","","","210000","210000","95","1019.42","2217","206","Townhouse","3","","","","","0","0","","G+1","","2025-10-11 00:00:00","Active Listings","","No","","","Negotiable price | Near Amenities | Ready","Dubai Properties",""
"24258997","2025-10-11 00:00:00","Mudon","Al Ranim","Al Ranim 2","","","210000","210000","116","1250","1808","168","Townhouse","3","","","","","0","0","","G+1","","2025-10-11 00:00:00","Active Listings","","No","","","Park View | Single Row | Multiple Units","Dubai Properties",""
"24264893","2025-10-11 00:00:00","Mudon","Al Ranim","Al Ranim 1","","","190000","190000","101","1085.71","1881","175","Townhouse","3","","","","","0","0","","G+1","","2025-10-11 00:00:00","Active Listings","","No","","","Ready to Move In| On the Park | Affordable Price","Dubai Properties",""
"19450584","2025-10-11 00:00:00","Mudon","Al Ranim","Al Ranim 2","","","200000","200000","90","970.87","2217","206","Townhouse","3","","","","N","1808","168.01","","G+1","","2026-10-10 00:00:00","Rental Contracts","","","","","","Dubai Properties","New"
"23175899","2025-10-11 00:00:00","Mudon","Al Ranim","Al Ranim 1","","","239000","239000","91","975.51","2635","245","Townhouse","4","","","","","0","0","","G+1","","2025-10-11 00:00:00","Active Listings","","Yes","","","On the Park | Single Row | Handover Started","Dubai Properties",""
"19436799","2025-10-11 00:00:00","Mudon","Al Ranim","Al Ranim 2","","","197000","197000","89","956.31","2217","206","Townhouse","3","","","","N","1969","182.94","","G+1","","2026-10-10 00:00:00","Rental Contracts","","","","","","Dubai Properties","New"
"23207200","2025-10-10 00:00:00","Mudon","Al Ranim","Al Ranim 1","","","230000","230000","90","966.39","2566","238","Townhouse","3","","","","","0","0","","G+1","","2025-10-10 00:00:00","Active Listings","","No","","","Mortgage | G + 1 | Park View | Ready To Move in","Dubai Properties",""
"19438627","2025-10-10 00:00:00","Mudon","Al Ranim","Al Ranim 1","","","200000","400000","90","972.21","2217","206","Townhouse","3","","","","N","1808","168","","G+1","","2027-10-09 00:00:00","Rental Contracts","","","","","","Dubai Properties","New"
"24265282","2025-10-10 00:00:00","Mudon","Al Ranim","Al Ranim 2","","","200000","200000","111","1190.48","1808","168","Townhouse","3","","","","","0","0","","G+1","","2025-10-10 00:00:00","Active Listings","","No","","","Park View | Brand New | Ready To Move In","Dubai Properties",""
"19459700","2025-10-10 00:00:00","Mudon","Al Ranim","Al Ranim 1","","","190000","190000","86","922.33","2217","206","Townhouse","3","","","","N","1884","175.1","","G+1","","2026-10-09 00:00:00","Rental Contracts","","","","","","Dubai Properties","New"
"23321236","2025-10-10 00:00:00","Mudon","Al Ranim","Al Ranim 1","","","200000","210000","95","1019.42","2217","206","Townhouse","3","","","","","0","0","","G+1","","2025-10-10 00:00:00","Active Listings","","No","","","Backing pool &amp; Park I Single Row I Landscaped","Dubai Properties",""
"23169981","2025-10-10 00:00:00","Mudon","Al Ranim","Al Ranim 1","","","190000","190000","103","1104.65","1852","172","Townhouse","3","","","","","0","0","","G+1","","2025-10-10 00:00:00","Active Listings","","Yes","","","Single Row | Road Facing | Near Community Entrance","Dubai Properties",""
"19468992","2025-10-10 00:00:00","Mudon","Al Ranim","Al Ranim 1","","","215000","215000","84","908.25","2548","236.78","Townhouse","4","","","","N","2912","270.61","","G+1","","2026-10-09 00:00:00","Rental Contracts","","","","","","Dubai Properties","New"
"19451333","2025-10-10 00:00:00","Mudon","Al Ranim","Al Ranim 1","","","190000","190000","86","922.46","2217","206","Townhouse","3","","","","N","1859","172.72","","G+1","","2026-10-09 00:00:00","Rental Contracts","","","","","","Dubai Properties","New"
"24267471","2025-10-10 00:00:00","Mudon","Al Ranim","Al Ranim 2","","","200000","200000","90","970.87","2217","206","Townhouse","3","","","","","0","0","","G+1","","2025-10-10 00:00:00","Active Listings","","No","","","Modern Design | Park view | Spacious | Vacant","Dubai Properties",""
"23322601","2025-10-10 00:00:00","Mudon","Al Ranim","Al Ranim 2","","","205000","205000","93","1000","2211","205","Townhouse","3","","","","","0","0","","G+1","","2025-10-10 00:00:00","Active Listings","","No","","","G+1 | Next to Entrance | Ready","Dubai Properties",""
"23278827","2025-10-10 00:00:00","Mudon","Al Ranim","Al Ranim 1","","","185000","185000","83","898.06","2217","206","Townhouse","3","","","","","1885","175.1","","G+1","","2025-10-10 00:00:00","Active Listings","","No","","","single row |  facing internal road /","Dubai Properties",""
"24353039","2025-10-09 00:00:00","Mudon","Al Ranim","Al Ranim 2","","","200000","200000","108","1169.59","1846","171","Apartment","3","","","","","0","0","","","","2025-10-09 00:00:00","Active Listings","","No","","","Modern 3-Bedroom Townhouse for Rent | Mudon Al Ranim 2, Dubailand – Family-Friendly Community","Dubai Properties",""
"24129078","2025-10-09 00:00:00","Mudon","Al Ranim","Al Ranim 2","","","200000","240000","108","1165.22","2217","206","Townhouse","3","","","","","1846","171.53","","G+1","","2025-10-09 00:00:00","Active Listings","","No","","","Modern 3BR | Park View | Family Community Living","Dubai Properties",""
"23225431","2025-10-09 00:00:00","Mudon","Al Ranim","Al Ranim 1","","","190000","190000","86","926.83","2211","205","Townhouse","3","","","","","0","0","","G+1","","2025-10-09 00:00:00","Active Listings","","No","","","Brand New | Single Row | Near Pool and Park","Dubai Properties",""
"24256088","2025-10-09 00:00:00","Mudon","Al Ranim","Al Ranim 1","","","185000","185000","100","1069.36","1859","173","Townhouse","3","","","","","0","0","","G+1","","2025-10-09 00:00:00","Active Listings","","No","","","PRIME LOCATION | BRAND NEW | GATED COMMUNITY","Dubai Properties",""
"23224154","2025-10-09 00:00:00","Mudon","Al Ranim","Al Ranim 1","","","250000","250000","138","1488.1","1808","168","Townhouse","3","","","","","0","0","","G+1","","2025-10-09 00:00:00","Active Listings","","No","","","Single row | Pool facing | Brand new","Dubai Properties",""
"24330602","2025-10-09 00:00:00","Mudon","Al Ranim","Al Ranim 2","","","210000","210000","95","1019.42","2217","206","Townhouse","3","","","","","0","0","","G+1","","2025-10-09 00:00:00","Active Listings","","No","","","Amazing Community | Great Deal | Spacious Layout","Dubai Properties",""
"23186285","2025-10-09 00:00:00","Mudon","Al Ranim","Al Ranim 1","","","250000","250000","138","1488.1","1808","168","Townhouse","3","","","","","0","0","","G+1","","2025-10-09 00:00:00","Active Listings","","No","","","Single Row I Near Pool I Ready To Move In","Dubai Properties",""
"24330613","2025-10-09 00:00:00","Mudon","Al Ranim","Al Ranim 2","","","200000","200000","90","970.87","2217","206","Townhouse","3","","","","","0","0","","G+1","","2025-10-09 00:00:00","Active Listings","","No","","","Gated Community | Great Location | Park Facing","Dubai Properties",""
"24263798","2025-10-09 00:00:00","Mudon","Al Ranim","Al Ranim 2","","","200000","200000","90","970.87","2217","206","Townhouse","3","","","","","0","0","","G+1","","2025-10-09 00:00:00","Active Listings","","No","","","Direct Park Access | Peaceful | Modern","Dubai Properties",""
"23278991","2025-10-09 00:00:00","Mudon","Al Ranim","Al Ranim 1","","","250000","275000","108","1161.42","2549","236.78","Townhouse","4","","","","","2662","247.34","","G+1","","2025-10-09 00:00:00","Active Listings","","No","","","4BR |  G+1  | PRIME LOCATION | LANDSCAPED I VASTU","Dubai Properties",""
"24129465","2025-10-09 00:00:00","Mudon","Al Ranim","Al Ranim 1","","","190000","190000","105","1130.95","1808","168","Townhouse","3","","","","","0","0","","G+1","","2025-10-09 00:00:00","Active Listings","","No","","","SINGLE ROW | READY TO MOVE | VERY NEAR TP PARK","Dubai Properties",""
"24253883","2025-10-09 00:00:00","Mudon","Al Ranim","Al Ranim 1","","","190000","190000","105","1130.95","1808","168","Townhouse","3","","","","","0","0","","G+1","","2025-10-09 00:00:00","Active Listings","","No","","","SINGLE ROW | PARK FACING | READY TO MOVE","Dubai Properties",""
"23223483","2025-10-09 00:00:00","Mudon","Al Ranim","Al Ranim 1","","","249999","249999","138","1488.09","1808","168","Townhouse","3","","","","","0","0","","G+1","","2025-10-09 00:00:00","Active Listings","","No","","","Great Location | Peaceful | Appliances","Dubai Properties",""
"23241662","2025-10-09 00:00:00","Mudon","Al Ranim","Al Ranim 1","","","220000","220000","122","1309.52","1808","168","Townhouse","3","","","","","0","0","","G+1","","2025-10-09 00:00:00","Active Listings","","No","","","COMMUNITY VIEW | BRAND-NEW | MOVE-IN READY","Dubai Properties",""
"23199438","2025-10-09 00:00:00","Mudon","Al Ranim","Al Ranim 1","","","250000","250000","114","1225.49","2200","204","Townhouse","3","","","","","0","0","","G+1","","2025-10-09 00:00:00","Active Listings","","","","","Single Row | Close to Amenities | Pool Facing","Dubai Properties",""
"23224286","2025-10-09 00:00:00","Mudon","Al Ranim","Al Ranim 1","","","250000","250000","113","1219.51","2211","205","Townhouse","3","","","","","0","0","","G+1","","2025-10-09 00:00:00","Active Listings","","Yes","","","Brand New | Pool View | Vacant | Single Row","Dubai Properties",""
"23312882","2025-10-09 00:00:00","Mudon","Al Ranim","Al Ranim 1","","","219999","220000","122","1309.76","1808","168","Townhouse","3","","","","","0","0","","G+1","","2025-10-09 00:00:00","Active Listings","","No","","","3 Bedrooms Villa | Vacant | Facing Pool","Dubai Properties",""
"23314693","2025-10-08 00:00:00","Mudon","Al Ranim","Al Ranim 2","","","200000","200000","90","971.02","2217","206","Townhouse","3","","","","","2023","187.97","","G+1","","2025-10-08 00:00:00","Active Listings","","No","","","Larger Plot | Green Belt Backing | Vacant","Dubai Properties",""
"23325234","2025-10-08 00:00:00","Mudon","Al Ranim","Al Ranim 1","","","190000","190000","85","917.87","2225","207","Townhouse","3","","","","","0","0","","G+1","","2025-10-08 00:00:00","Active Listings","","No","","","Brand New Modern style 3BR Townhous Ready to Move-in","Dubai Properties",""
"23322445","2025-10-08 00:00:00","Mudon","Al Ranim","Al Ranim 2","","","200000","200000","99","1063.83","2023","188","Townhouse","3","","","","","0","0","","G+1","","2025-10-08 00:00:00","Active Listings","","No","","","Modern Single Row | Brand-New Dubai Unit Near Pool","Dubai Properties",""
"23318127","2025-10-08 00:00:00","Mudon","Al Ranim","Al Ranim 1","","","220000","220000","122","1309.52","1808","168","Townhouse","3","","","","","0","0","","G+1","","2025-10-08 00:00:00","Active Listings","","No","","","Ready To Move In | Vastu | Multiple Options","Dubai Properties",""
"23324051","2025-10-08 00:00:00","Mudon","Al Ranim","Al Ranim 1","","","190000","190000","104","1124.26","1820","169","Townhouse","3","","","","","0","0","","G+1","","2025-10-08 00:00:00","Active Listings","","No","","","Brand New - Luxurious 3bhk Vill - Affordable Rent","Dubai Properties",""
"19438502","2025-10-08 00:00:00","Mudon","Al Ranim","Al Ranim 2","","","190000","190000","86","922.46","2217","206","Townhouse","3","","","","N","1808","168","","G+1","","2026-10-07 00:00:00","Rental Contracts","","","","","","Dubai Properties","New"
"23315374","2025-10-08 00:00:00","Mudon","Al Ranim","Al Ranim 2","","","190000","190000","86","922.33","2217","206","Townhouse","3","","","","","0","0","","G+1","","2025-10-08 00:00:00","Active Listings","","No","","","Brand New | Green Patch | Close To Pool N Park","Dubai Properties",""
"19449815","2025-10-08 00:00:00","Mudon","Al Ranim","Al Ranim 1","","","200000","200000","90","970.87","2217","206","Townhouse","3","","","","N","1808","168","","G+1","","2026-10-07 00:00:00","Rental Contracts","","","","","","Dubai Properties","New"
"24264667","2025-10-08 00:00:00","Mudon","Al Ranim","Al Ranim 1","","","215000","215000","92","986.24","2345","218","Townhouse","3","","","","","0","0","","G+1","","2025-10-08 00:00:00","Active Listings","","Yes","","","Single Row | Park View | Brand New | Type 3BM","Dubai Properties",""
"23323623","2025-10-08 00:00:00","Mudon","Al Ranim","Al Ranim 1","","","190000","190000","104","1124.26","1820","169","Townhouse","3","","","","","0","0","","G+1","","2025-10-08 00:00:00","Active Listings","","No","","","Brand New Spacious 3bhk Villa ! Prime location","Dubai Properties",""
"23323884","2025-10-08 00:00:00","Mudon","Al Ranim","Al Ranim 1","","","190000","190000","104","1124.26","1821","169","Townhouse","3","","","","","0","0","","G+1","","2025-10-08 00:00:00","Active Listings","","No","","","Brand New ?? Elegant Spacious ?? Stunning Layout ?? Ready to Move-in","Dubai Properties",""
"23190424","2025-10-07 00:00:00","Mudon","Al Ranim","Al Ranim 1","","","200000","200000","90","970.87","2217","206","Townhouse","3","","","","","1808","168","","G+1","","2025-10-07 00:00:00","Active Listings","","No","","","Park-Facing | Single Row | 3+ Bed Maids","Dubai Properties",""
"23305424","2025-10-07 00:00:00","Mudon","Al Ranim","Al Ranim 1","","","229000","219000","85","918.05","2568","238.55","Townhouse","3","","","","","1808","168","","G+2","","2025-10-07 00:00:00","Active Listings","","","","","Maids Room | Family Room | G+2 | Limited Availability","Dubai Properties",""
"23308508","2025-10-07 00:00:00","Mudon","Al Ranim","Al Ranim 1","","","240000","260000","102","1097.93","2549","236.78","Townhouse","4","","","","","2734","253.98","","G+1","","2025-10-07 00:00:00","Active Listings","","","","","Corner Unit|Single Row|Large Plot|Next to Park","Dubai Properties",""
"23190507","2025-10-07 00:00:00","Mudon","Al Ranim","Al Ranim 1","","","290000","290000","113","1215.58","2568","238.55","Townhouse","4","Community,Park","","","","1808","168","","G+2","","2025-10-07 00:00:00","Active Listings","","No","","","Brand New 4BR+M Corner Townhouse | Park View | Smeg Kitchen | Mudon Al Ranim 1","Dubai Properties",""
"19426306","2025-10-06 00:00:00","Mudon","Al Ranim","Al Ranim 2","","","205000","205000","92","995.15","2217","206","Townhouse","3","","","","N","1897","176.27","","G+1","","2026-10-05 00:00:00","Rental Contracts","","","","","","Dubai Properties","New"
"23157523","2025-10-06 00:00:00","Mudon","Al Ranim","Al Ranim 1","","","199000","199000","106","1144.27","1872","174","Townhouse","3","","","","","0","0","","G+1","","2025-10-06 00:00:00","Active Listings","","No","","","Conveniently Located | Spacious | Family Community","Dubai Properties",""
"19428630","2025-10-06 00:00:00","Mudon","Al Ranim","Al Ranim 2","","","330000","330000","111","1192.63","2978","276.7","Townhouse","4","","","","N","5504","511.43","","G+2","","2026-10-05 00:00:00","Rental Contracts","","","","","","Dubai Properties","New"
"23159097","2025-10-06 00:00:00","Mudon","Al Ranim","Al Ranim 1","","","260000","260000","53","565.38","4950","460","Townhouse","4","","","","","0","0","","G+1","","2025-10-06 00:00:00","Active Listings","","No","","","4 BED G+2  |  Corner Unit  | Big Plot On The Park","Dubai Properties",""
"23259289","2025-10-06 00:00:00","Mudon","Al Ranim","Al Ranim 1","","","185000","185000","102","1094.16","1820","169","Townhouse","3","","","","","0","0","","G+1","","2025-10-06 00:00:00","Active Listings","","No","","","Luxury 3 Bedroom Villa for Rent in Mudon | 2 Parking | 185,000 AED","Dubai Properties",""
"24300430","2025-10-05 00:00:00","Mudon","Al Ranim","Al Ranim 1","","","200000","200000","90","970.87","2217","206","Townhouse","3","","","","","1808","168","","G+1","","2025-10-05 00:00:00","Active Listings","","No","","","Park Facing | Single Row | Brand New","Dubai Properties",""
"24324653","2025-10-04 00:00:00","Mudon","Al Ranim","Al Ranim 1","","","188000","188000","85","912.62","2217","206","Townhouse","3","","","","","1855","172.38","","G+1","","2025-10-04 00:00:00","Active Listings","","No","","","Brand New Spacious 3bhk villa! Prime location! Faimly community","Dubai Properties",""
"23294999","2025-10-03 00:00:00","Mudon","Al Ranim","Al Ranim 1","","","240000","240000","94","1013.47","2549","237","Townhouse","4","","","","","0","0","","G+1","","2025-10-03 00:00:00","Active Listings","","No","","","Brand New | Garden and Pool View | Vacant","Dubai Properties",""
"23295015","2025-10-03 00:00:00","Mudon","Al Ranim","Al Ranim 1","","","260000","260000","101","1089.83","2568","239","Townhouse","3","","","","","0","0","","G+1","","2025-10-03 00:00:00","Active Listings","","No","","","Ready to Move | Single Row | Opposite to Pool","Dubai Properties",""
"24134440","2025-10-03 00:00:00","Mudon","Al Ranim","Al Ranim 1","","","240000","240000","133","1428.83","1808","168","Townhouse","3","","","","","0","0","","G+1","","2025-10-03 00:00:00","Active Listings","","No","","","Brand New | Ready To Move In | Park View","Dubai Properties",""
"23293746","2025-10-03 00:00:00","Mudon","Al Ranim","Al Ranim 1","","","250000","260000","91","977.19","2864","266","Townhouse","4","","","","","0","0","","G+1","","2025-10-03 00:00:00","Active Listings","","No","","","4 Bedroom + Maid | Brand New | Corner Unit","Dubai Properties",""
"24135490","2025-10-03 00:00:00","Mudon","Al Ranim","Al Ranim 1","","","190000","190000","86","922.46","2217","206","Townhouse","3","","","","","0","0","","G+1","","2025-10-03 00:00:00","Active Listings","","No","","","3 Bedroom | Brand New | Opposite Pool and Park","Dubai Properties",""
"23293780","2025-10-03 00:00:00","Mudon","Al Ranim","Al Ranim 1","","","195000","220000","123","1322.19","1791","166","Townhouse","3","","","","","0","0","","G+1","","2025-10-03 00:00:00","Active Listings","","No","","","3 Bedroom + Maid | Brand New | Single Row","Dubai Properties",""
"23308954","2025-10-03 00:00:00","Mudon","Al Ranim","Al Ranim 2","","","210000","210000","111","1191.56","1897","176","Townhouse","3","","","","","0","0","","G+1","","2025-10-03 00:00:00","Active Listings","","No","","","Ready to Move in | Big Lay out | Prime Location","Dubai Properties",""
"19404204","2025-10-03 00:00:00","Mudon","Al Ranim","Al Ranim 2","","","192500","192500","87","934.47","2217","206","Townhouse","3","","","","N","1808","168","","G+1","","2026-10-02 00:00:00","Rental Contracts","","","","","","Dubai Properties","New"
"23288540","2025-10-03 00:00:00","Mudon","Al Ranim","Al Ranim 1","","","200000","210000","95","1019.57","2217","206","Townhouse","3","","","","","0","0","","G+1","","2025-10-03 00:00:00","Active Listings","","No","","","3 Beds Close To Park Brand New Ready To Move In","Dubai Properties",""
"23288544","2025-10-03 00:00:00","Mudon","Al Ranim","Al Ranim 1","","","240000","240000","133","1428.83","1808","168","Townhouse","3","","","","","0","0","","G+1","","2025-10-03 00:00:00","Active Listings","","No","","","G+2 | On The Park | Ready to Move in","Dubai Properties",""
"19387119","2025-10-03 00:00:00","Mudon","Al Ranim","Al Ranim 1","","","220000","220000","86","922.24","2567","238.55","Townhouse","3","","","","N","1846","171.5","","G+2","","2026-10-02 00:00:00","Rental Contracts","","","","","","Dubai Properties","New"
"24129015","2025-10-03 00:00:00","Mudon","Al Ranim","Al Ranim 1","","","195000","195000","112","1202.81","1745","162","Townhouse","3","","","","","0","0","","G+1","","2025-10-03 00:00:00","Active Listings","","No","","","3 Bedroom | Brand New | Single Row | Vacant","Dubai Properties",""
"23311641","2025-10-02 00:00:00","Mudon","Al Ranim","Al Ranim 2","","","190000","215000","97","1043.69","2217","206","Townhouse","3","","","","","1813","168.46","","G+1","","2025-10-02 00:00:00","Active Listings","","Yes","","","Band New I Appliances Included I Single Row","Dubai Properties",""
"23322432","2025-10-02 00:00:00","Mudon","Al Ranim","Al Ranim 1","","","250000","250000","113","1217.08","2211","205","Townhouse","3","","","","","0","0","","G+1","","2025-10-02 00:00:00","Active Listings","","No","","","Largest Layout | Extra Family Room | Park View","Dubai Properties",""
"23312244","2025-10-02 00:00:00","Mudon","Al Ranim","Al Ranim 1","","","175000","175000","95","1018.21","1850","172","Townhouse","3","","","","","0","0","","G+1","","2025-10-02 00:00:00","Active Listings","","No","","","Ready to Move | Single Row | On Pool & Park","Dubai Properties",""
"24321951","2025-10-02 00:00:00","Mudon","Al Ranim","Al Ranim 2","","","190000","190000","86","922.33","2217","206","Townhouse","3","","","","","1814","168.53","","G+1","","2025-10-02 00:00:00","Active Listings","","No","","","Luxury 3BR | Prime Location | Spacious Layout","Dubai Properties",""
"19461046","2025-10-02 00:00:00","Mudon","Al Ranim","Al Ranim 1","","","220000","220000","86","922.51","2567","238.55","Townhouse","3","Community,Play area","","","N","1916","178.04","","G+2","","2026-10-01 00:00:00","Rental Contracts","","","","","","Dubai Properties","New"
"23290594","2025-10-02 00:00:00","Mudon","Al Ranim","Al Ranim 1","","","260000","260000","102","1097.93","2549","237","Townhouse","4","","","","","0","0","","G+1","","2025-10-02 00:00:00","Active Listings","","Yes","","","Pool and Park facing | New Community","Dubai Properties",""
"23290598","2025-10-02 00:00:00","Mudon","Al Ranim","Al Ranim 1","","","240000","240000","93","1005.99","2568","239","Townhouse","3","","","","","0","0","","G+1","","2025-10-02 00:00:00","Active Listings","","Yes","","","Single Row | On Pool & Park  | Ready to Move","Dubai Properties",""
"19421962","2025-10-01 00:00:00","Mudon","Al Ranim","Al Ranim 1","","","175000","175000","79","849.64","2217","206","Townhouse","3","","","","N","1850","171.88","","G+1","","2026-09-30 00:00:00","Rental Contracts","","","","","","Dubai Properties","New"
"19421476","2025-10-01 00:00:00","Mudon","Al Ranim","Al Ranim 1","","","240000","240000","93","1006.37","2567","238.55","Townhouse","3","","","","N","1808","168","Type 3B2","G+2","","2026-09-30 00:00:00","Rental Contracts","","","","","","Dubai Properties","New"
"23293750","2025-10-01 00:00:00","Mudon","Al Ranim","Al Ranim 1","","","185000","185000","83","898.19","2217","206","Townhouse","3","","","","","0","0","","G+1","","2025-10-01 00:00:00","Active Listings","","No","","","Keys on Hand | Great Location | Brand New","Dubai Properties",""
"19385165","2025-10-01 00:00:00","Mudon","Al Ranim","Al Ranim 2","","","195000","195000","88","946.6","2217","206","Townhouse","3","","","","N","1808","168","","G+1","","2026-09-30 00:00:00","Rental Contracts","","","","","","Dubai Properties","New"
"19420771","2025-10-01 00:00:00","Mudon","Al Ranim","Al Ranim 1","","","195000","195000","88","946.6","2217","206","Townhouse","3","","","","N","1845","171.41","Type 3B1","G+1","","2026-09-30 00:00:00","Rental Contracts","","","","","","Dubai Properties","New"
"23297891","2025-10-01 00:00:00","Mudon","Al Ranim","Al Ranim 2","","","220000","220000","100","1071.03","2211","205","Townhouse","3","","","","","0","0","","G+1","","2025-10-01 00:00:00","Active Listings","","No","","","Brand New | Kitchen Appliances Included | 3BR+Maid","Dubai Properties",""
"23291776","2025-10-01 00:00:00","Mudon","Al Ranim","Al Ranim 1","","","190000","220000","99","1068.12","2217","206","Townhouse","3","","","","","0","0","","G+1","","2025-10-01 00:00:00","Active Listings","","No","","","Viewing Possible | On the Park | Single Row","Dubai Properties",""
"19330692","2025-10-01 00:00:00","Mudon","Al Ranim","Al Ranim 1","","","224000","224000","87","939.28","2567","238.55","Townhouse","3","","","","N","1808","168","","G+2","","2026-09-30 00:00:00","Rental Contracts","","","","","","Dubai Properties","New"
"24134535","2025-10-01 00:00:00","Mudon","Al Ranim","Al Ranim 1","","","210000","210000","123","1323.42","1708","159","Townhouse","3","","","","","0","0","","G+1","","2025-10-01 00:00:00","Active Listings","","No","","","G+1 | Multiple Options | Prime Location | Vacant","Dubai Properties",""
"24135642","2025-10-01 00:00:00","Mudon","Al Ranim","Al Ranim 2","","","210000","210000","95","1019.42","2217","206","Townhouse","3","","","","","1808","168","","G+1","","2025-10-01 00:00:00","Active Listings","","No","","","Brand New | 3 Bed + Maid | Single Row, Park View","Dubai Properties",""
"19394266","2025-10-01 00:00:00","Mudon","Al Ranim","Al Ranim 1","","","185000","370000","84","899.42","2217","206","Townhouse","3","","","","N","1855","172.38","","G+1","","2027-09-30 00:00:00","Rental Contracts","","","","","","Dubai Properties","New"
"19338215","2025-10-01 00:00:00","Mudon","Al Ranim","Al Ranim 1","","","210000","210000","95","1019.42","2217","206","Townhouse","3","","","","N","1804","167.66","","G+1","","2026-09-30 00:00:00","Rental Contracts","","","","","","Dubai Properties","New"
"23299559","2025-10-01 00:00:00","Mudon","Al Ranim","Al Ranim 1","","","340000","340000","114","1228.9","2978","276.7","Townhouse","4","","","","","4955","460.34","","G+2","","2025-10-01 00:00:00","Active Listings","","No","","","CORNER | G+2 | SINGLE ROW | LARGE PLOT","Dubai Properties",""
"23250564","2025-09-30 00:00:00","Mudon","Al Ranim","Al Ranim 1","","","260000","260000","27","292.46","9572","889","Townhouse","4","","","","","0","0","","G+1","","2025-09-30 00:00:00","Active Listings","","No","","","Single Row | Backing Park | September Available","Dubai Properties",""
"23325586","2025-09-30 00:00:00","Mudon","Al Ranim","Al Ranim 1","","","175000","190000","86","922.33","2217","206","Townhouse","3","","","","","0","0","","G+1","","2025-09-30 00:00:00","Active Listings","","No","","","Close to Pool | Brand New | Under Warranty","Dubai Properties",""
"23153310","2025-09-30 00:00:00","Mudon","Al Ranim","Al Ranim 1","","","190000","190000","86","922.46","2217","206","Townhouse","3","","","","","1852","172.02","","G+1","","2025-09-30 00:00:00","Active Listings","","","","","Single Row | Brand New | Near Entrance &amp; Exit","Dubai Properties",""
"23260582","2025-09-30 00:00:00","Mudon","Al Ranim","Al Ranim 1","","","259998","259998","102","1097.92","2549","236.78","Townhouse","4","","","","","2857","265.45","","G+1","","2025-09-30 00:00:00","Active Listings","","No","","","Contemporary Style Living|Corner Unit |Park Facing","Dubai Properties",""
"23176399","2025-09-30 00:00:00","Mudon","Al Ranim","Al Ranim 1","","","195000","195000","104","1114.29","1881","175","Townhouse","3","","","","","0","0","","G+1","","2025-09-30 00:00:00","Active Listings","","Yes","","","Brand New | Appliances | Quiet Community","Dubai Properties",""
"23224237","2025-09-29 00:00:00","Mudon","Al Ranim","Al Ranim 1","","","220000","220000","99","1067.96","2217","206","Townhouse","3","","","","","1808","168","","G+1","","2025-09-29 00:00:00","Active Listings","","No","","","Brand New | 3 Bed + Maid | Single Row, Pool & Park","Dubai Properties",""
"24253456","2025-09-28 00:00:00","Mudon","Al Ranim","Al Ranim 2","","","215000","215000","97","1043.84","2217","206","Townhouse","3","","","","","1808","168","","G+1","","2025-09-28 00:00:00","Active Listings","","No","","","Single Row I Facing Park I Ready To Move In","Dubai Properties",""
"24265039","2025-09-28 00:00:00","Mudon","Al Ranim","Al Ranim 1","","","240000","240000","93","998.96","2586","240","Townhouse","3","","","","","0","0","","G+1","","2025-09-28 00:00:00","Active Listings","","No","","","G+2 | On pool  | Multiple Options","Dubai Properties",""
"24267096","2025-09-28 00:00:00","Mudon","Al Ranim","Al Ranim 1","","","240000","240000","93","998.96","2586","240","Townhouse","3","","","","","0","0","","G+1","","2025-09-28 00:00:00","Active Listings","","No","","","G+2  | On the Park | Next to pool","Dubai Properties",""
"24261727","2025-09-28 00:00:00","Mudon","Al Ranim","Al Ranim 2","","","210000","210000","95","1019.57","2217","206","Townhouse","3","","","","","0","0","","G+1","","2025-09-28 00:00:00","Active Listings","","No","","","Single Row | Brand New | Prime Community","Dubai Properties",""
"24235620","2025-09-28 00:00:00","Mudon","Al Ranim","Al Ranim 1","","","179999","179999","81","873.91","2217","206","Townhouse","3","","","","","0","0","","G+1","","2025-09-28 00:00:00","Active Listings","","No","","","Single Row I Close to Pool And Park I Ready to Move In","Dubai Properties",""
"24261775","2025-09-28 00:00:00","Mudon","Al Ranim","Al Ranim 2","","","205000","205000","92","995.29","2217","206","Townhouse","3","","","","","0","0","","G+1","","2025-09-28 00:00:00","Active Listings","","No","","","Brand New | Multiple Options Available | Park View","Dubai Properties",""
"24254110","2025-09-28 00:00:00","Mudon","Al Ranim","Al Ranim 1","","","195000","195000","108","1160.92","1808","168","Townhouse","3","","","","","0","0","","G+1","","2025-09-28 00:00:00","Active Listings","","No","","","Park Backing I Near Pool I Brand New | Vacant","Dubai Properties",""
"24128937","2025-09-28 00:00:00","Mudon","Al Ranim","Al Ranim 2","","","190000","190000","86","922.46","2217","206","Townhouse","2","","","","","1814","168.53","","G+1","","2025-09-28 00:00:00","Active Listings","","No","","","3 Bed + Maid | Near To Pool & Park | Ready to Move in","Dubai Properties",""
"24266927","2025-09-28 00:00:00","Mudon","Al Ranim","Al Ranim 2","","","210000","210000","95","1019.42","2217","206","Townhouse","3","","","","","1897","176.27","","G+1","","2025-09-28 00:00:00","Active Listings","","No","","","3BR + Maid | 4 Bath | Mudon Al Ranim 2 Villa","Dubai Properties",""
"24259268","2025-09-28 00:00:00","Mudon","Al Ranim","Al Ranim 1","","","260000","260000","102","1097.93","2549","236.78","Townhouse","4","","","","","2734","253.98","","G+1","","2025-09-28 00:00:00","Active Listings","","No","","","Corner Plot | Vastu | 4BR G+1 | Handover Aug 25","Dubai Properties",""
"24266438","2025-09-28 00:00:00","Mudon","Al Ranim","Al Ranim 1","","","270000","270000","106","1140.15","2549","237","Townhouse","4","","","","","0","0","","G+1","","2025-09-28 00:00:00","Active Listings","","No","","","Ready to Move | Opposite to Park | Prime Location","Dubai Properties",""
"24254178","2025-09-28 00:00:00","Mudon","Al Ranim","Al Ranim 1","","","190000","190000","86","922.46","2217","206","Townhouse","3","","","","","1881","174.74","","G+1","","2025-09-28 00:00:00","Active Listings","","No","","","Brand New 3BR | Prime Location | Vacant Now","Dubai Properties",""
"24235771","2025-09-28 00:00:00","Mudon","Al Ranim","Al Ranim 2","","","210000","210000","111","1191.56","1897","176","Townhouse","3","","","","","0","0","","G+1","","2025-09-28 00:00:00","Active Listings","","No","","","3 bedroom | 3 Bath | Open plan | Unfurnished","Dubai Properties",""
"24260095","2025-09-28 00:00:00","Mudon","Al Ranim","Al Ranim 2","","","190000","190000","86","922.46","2217","206","Townhouse","3","","","","","0","0","","G+1","","2025-09-28 00:00:00","Active Listings","","No","","","Brand New | Bright and Spacious | Near Amenities","Dubai Properties",""
"24234290","2025-09-27 00:00:00","Mudon","Al Ranim","Al Ranim 1","","","190000","190000","102","1102.47","1855","172","Townhouse","3","","","","","0","0","","G+1","","2025-09-27 00:00:00","Active Listings","","No","","","3-Beds Brand neww | Good location | Near Amenities","Dubai Properties",""
"24234087","2025-09-27 00:00:00","Mudon","Al Ranim","Al Ranim 1","","","185000","185000","83","898.06","2217","206","Townhouse","3","","","","","1855","172.38","","G+1","","2025-09-27 00:00:00","Active Listings","","No","","","Exclusive Brand-New 3-Bedroom | Prime Location | Vastu-Compliant | Flexible Cheques","Dubai Properties",""
"23181963","2025-09-27 00:00:00","Mudon","Al Ranim","Al Ranim 1","","","250000","240000","84","898.88","2869","267","Townhouse","4","","","","","0","0","","G+1","","2025-09-27 00:00:00","Active Listings","","No","","","Handover completed | Single Row | Large 4BR G+1","Dubai Properties",""
"19407616","2025-09-26 00:00:00","Mudon","Al Ranim","Al Ranim 2","","","250000","250000","98","1056.1","2548","236.78","Townhouse","4","","","","N","3989","370.66","","G+1","","2026-09-25 00:00:00","Rental Contracts","","","","","","Dubai Properties","New"
"23285530","2025-09-26 00:00:00","Mudon","Al Ranim","Al Ranim 1","","","330000","350000","118","1263.54","2978","277","Townhouse","4","","","","","0","0","","G+1","","2025-09-26 00:00:00","Active Listings","","No","","","Type G+2 | Largest Plot | On park, next to pool","Dubai Properties",""
"23284044","2025-09-26 00:00:00","Mudon","Al Ranim","Al Ranim 1","","","250000","250000","138","1488.1","1808","168","Townhouse","3","","","","","0","0","","G+1","","2025-09-26 00:00:00","Active Listings","","No","","","G+2  | On Park | Next to pool.","Dubai Properties",""
"23275354","2025-09-26 00:00:00","Mudon","Al Ranim","Al Ranim 2","","","233000","238000","93","1005.03","2549","236.78","Townhouse","4","","","","","3990","370.66","","G+1","","2025-09-26 00:00:00","Active Listings","","No","","","Corner Plot | Available October | Premium Park-Backed Unit | Largest Layout","Dubai Properties",""
"23214178","2025-09-26 00:00:00","Mudon","Al Ranim","Al Ranim 1","","","235000","245000","94","1012.4","2605","242","Townhouse","4","","","","","0","0","","G+1","","2025-09-26 00:00:00","Active Listings","","No","","","CORNER UNIT | ON THE PARK | BEST VIEW","Dubai Properties",""
"23287213","2025-09-26 00:00:00","Mudon","Al Ranim","Al Ranim 1","","","260000","260000","102","1097.93","2549","236.78","Townhouse","4","","","","","2585","240.14","","G+1","","2025-09-26 00:00:00","Active Listings","","No","","","Brand new  | Pool facing | Next to entrance.","Dubai Properties",""
"19400899","2025-09-26 00:00:00","Mudon","Al Ranim","Al Ranim 1","","","320000","320000","107","1156.49","2978","276.7","Townhouse","4","","","","N","4900","455.29","","G+2","","2026-09-25 00:00:00","Rental Contracts","","","","","","Dubai Properties","New"
"23295688","2025-09-26 00:00:00","Mudon","Al Ranim","Al Ranim 1","","","260000","260000","89","962.96","2911","270","Townhouse","4","","","","","0","0","","G+1","","2025-09-26 00:00:00","Active Listings","","No","","","G+1 | On park | Next to entrance","Dubai Properties",""
"24233978","2025-09-26 00:00:00","Mudon","Al Ranim","Al Ranim 1","","","255000","255000","89","956.7","2869","267","Townhouse","4","","","","","0","0","","G+1","","2025-09-26 00:00:00","Active Listings","","No","","","Brand new | Keys in Hand | Ready to move","Dubai Properties",""
"23275272","2025-09-25 00:00:00","Mudon","Al Ranim","Al Ranim 1","","","199000","199000","90","966.02","2217","206","Townhouse","3","","","","","2032","188.76","","G+1","","2025-09-25 00:00:00","Active Listings","","No","","","Brand New- Luxurious Villa - Prime Location","Dubai Properties",""
"21452826","2025-09-25 00:00:00","Mudon","Al Ranim","Al Ranim 2","","","265000","265000","104","1119.47","2548","236.78","Townhouse","4","","","","N","2674","248.49","Type 4B1","G+1","","2026-09-24 00:00:00","Rental Contracts","","","","","","Dubai Properties","New"
"19446096","2025-09-25 00:00:00","Mudon","Al Ranim","Al Ranim 1","","","210000","210000","95","1019.57","2217","206","Townhouse","3","","","","N","1808","168","","G+1","","2026-09-24 00:00:00","Rental Contracts","","","","","","Dubai Properties","New"
"24233564","2025-09-25 00:00:00","Mudon","Al Ranim","Al Ranim 1","","","270000","270000","106","1139.24","2549","237","Townhouse","4","","","","","0","0","","G+1","","2025-09-25 00:00:00","Active Listings","","No","","","Ready to Move | Opposite to Park | Prime Location","Dubai Properties",""
"23275120","2025-09-25 00:00:00","Mudon","Al Ranim","Al Ranim 1","","","210000","210000","95","1019.42","2217","206","Townhouse","3","","","","","1808","168","","G+1","","2025-09-25 00:00:00","Active Listings","","No","","","Ready To Move -Brand New - Prime Location","Dubai Properties",""
"17078169","2025-09-25 00:00:00","Mudon","Al Ranim","Al Ranim 1","","","250000","250000","98","1056.1","2548","236.78","Townhouse","4","","","","N","2948","273.94","","G+1","","2026-09-24 00:00:00","Rental Contracts","","","","","","Dubai Properties","New"
"23287206","2025-09-25 00:00:00","Mudon","Al Ranim","Al Ranim 1","","","240000","240000","93","1000","2586","240","Townhouse","3","","","","","0","0","","G+1","","2025-09-25 00:00:00","Active Listings","","No","","","G+2 | On pool  | Multiple Options","Dubai Properties",""
"23275202","2025-09-25 00:00:00","Mudon","Al Ranim","Al Ranim 1","","","205000","205000","92","995.15","2217","206","Townhouse","3","","","","","1808","168","","G+1","","2025-09-25 00:00:00","Active Listings","","No","","","Brand New- Ready To Move - Prime Location","Dubai Properties",""
"23304903","2025-09-25 00:00:00","Mudon","Al Ranim","Al Ranim 2","","","199999","199999","99","1063.82","2023","188","Townhouse","3","","","","","0","0","","G+1","","2025-09-25 00:00:00","Active Listings","","","","","Park Facing | Brand New | Maid's Room","Dubai Properties",""
"24233695","2025-09-25 00:00:00","Mudon","Al Ranim","Al Ranim 2","","","199999","199999","110","1183.43","1814","169","Townhouse","3","","","","","0","0","","G+1","","2025-09-25 00:00:00","Active Listings","","No","","","SINGLE ROW | NEAR POOL| PARK ENTERANCE | BRAND NEW","Dubai Properties",""
"23313448","2025-09-23 00:00:00","Mudon","Al Ranim","Al Ranim 1","","","330000","330000","67","717.39","4950","460","Townhouse","4","","","","","0","0","","G+1","","2025-09-23 00:00:00","Active Listings","","No","","","Spacious 4 Bhk| Premium Quality | Vacant","Dubai Properties",""
"19383886","2025-09-23 00:00:00","Mudon","Al Ranim","Al Ranim 1","","","200000","200000","90","971.02","2217","206","Townhouse","3","","","","N","1808","168","","G+1","","2026-09-22 00:00:00","Rental Contracts","","","","","","Dubai Properties","New"
"23198362","2025-09-23 00:00:00","Mudon","Al Ranim","Al Ranim 1","","","200000","200000","90","970.87","2217","206","Townhouse","3","","","","","0","0","","G+1","","2025-09-23 00:00:00","Active Listings","","No","","","Ranim 1 | 3 Bed Room Plus Maids | Green Belt","Dubai Properties",""
"24232960","2025-09-22 00:00:00","Mudon","Al Ranim","Al Ranim 1","","","189000","189000","98","1057.93","1923","179","Apartment","3","","","","","0","0","","","","2025-09-22 00:00:00","Active Listings","","No","","","Brand New ?? Ready To Move-in Elegant Spacious 3Bedrooms +Maid’s Room ?? Gated community","Dubai Properties",""
"23293243","2025-09-22 00:00:00","Mudon","Al Ranim","Al Ranim 1","","","235000","235000","92","985.12","2568","238.55","Townhouse","3","","","","","1808","168","","G+2","","2025-09-22 00:00:00","Active Listings","","No","","","3-Bedroom G+2 Villa + Maids | Park Facing | Close to Pool","Dubai Properties",""
"23272797","2025-09-22 00:00:00","Mudon","Al Ranim","Al Ranim 1","","","260000","260000","102","1097.93","2549","236.78","Townhouse","4","","","","","2734","253.98","","G+1","","2025-09-22 00:00:00","Active Listings","","No","","","Corner Plot | Vastu | 4BR G+1 | Handover Aug 25","Dubai Properties",""
"23275115","2025-09-22 00:00:00","Mudon","Al Ranim","Al Ranim 2","","","220000","220000","99","1068.12","2217","206","Townhouse","3","","","","","1813","168.46","","G+1","","2025-09-22 00:00:00","Active Listings","","No","","","Mudon Al Ranim 2 – Multiple 3-Bedroom Townhouses Available","Dubai Properties",""
"23166320","2025-09-22 00:00:00","Mudon","Al Ranim","Al Ranim 1","","","349999","349999","118","1265.04","2978","276.7","Townhouse","4","","","","","4955","460.34","","G+2","","2025-09-22 00:00:00","Active Listings","","No","","","Brand New | Exclusive | Corner","Dubai Properties",""
"23298674","2025-09-22 00:00:00","Mudon","Al Ranim","Al Ranim 2","","","240000","240000","93","1006.08","2568","238.55","Townhouse","3","","","","","1846","171.46","","G+2","","2025-09-22 00:00:00","Active Listings","","No","","","Spacious 3-Bedroom G+2 Townhouse | Mudon Al Ranim 2","Dubai Properties",""
"23282823","2025-09-22 00:00:00","Mudon","Al Ranim","Al Ranim 2","","","200000","200000","99","1063.83","2023","188","Townhouse","3","","","","","0","0","","G+1","","2025-09-22 00:00:00","Active Listings","","No","","","Ranim Brand New Park View 3 Bedrooms For Rent","Dubai Properties",""
"23321769","2025-09-22 00:00:00","Mudon","Al Ranim","Al Ranim 2","","","200000","200000","99","1063.83","2023","188","Townhouse","3","","","","","0","0","","G+1","","2025-09-22 00:00:00","Active Listings","","No","","","Brand New | Ready to Move | On the Park","Dubai Properties",""
"23312839","2025-09-22 00:00:00","Mudon","Al Ranim","Al Ranim 2","","","200000","200000","99","1063.83","2023","188","Townhouse","3","","","","","0","0","","G+1","","2025-09-22 00:00:00","Active Listings","","No","","","Stunning | Ready to Move | with Park View","Dubai Properties",""
"23296715","2025-09-22 00:00:00","Mudon","Al Ranim","Al Ranim 2","","","200000","200000","99","1063.83","2023","188","Townhouse","3","","","","","0","0","","G+1","","2025-09-22 00:00:00","Active Listings","","No","","","Brand New | Bright and Spacious | Near Amenities","Dubai Properties",""
"23240415","2025-09-22 00:00:00","Mudon","Al Ranim","Al Ranim 1","","","210000","210000","95","1019.42","2217","206","Townhouse","3","","","","","0","0","","G+1","","2025-09-22 00:00:00","Active Listings","","No","","","Brand New | Park View | Maids and Storage Room","Dubai Properties",""
"23281648","2025-09-22 00:00:00","Mudon","Al Ranim","Al Ranim 1","","","245000","245000","96","1033.76","2547","237","Townhouse","4","","","","","0","0","","G+1","","2025-09-22 00:00:00","Active Listings","","No","","","Single Row | Ready to Move | Genuine Deal","Dubai Properties",""
"23322593","2025-09-21 00:00:00","Mudon","Al Ranim","Al Ranim 2","","","210000","205000","92","990.34","2225","207","Townhouse","3","","","","","0","0","","G+1","","2025-09-21 00:00:00","Active Listings","","No","","","G+1  Facing Park | Best Location | Ready to move.","Dubai Properties",""
"24440844","2025-09-20 00:00:00","Mudon","Al Ranim","Al Ranim 1","","","250000","250000","98","1056.1","2548","236.78","Townhouse","4","","","","N","2584","240.14","","G+1","","2026-09-19 00:00:00","Rental Contracts","","","","","","Dubai Properties","New"
"17981972","2025-09-20 00:00:00","Mudon","Al Ranim","Al Ranim 1","","","240000","240000","94","1013.6","2548","236.78","Townhouse","4","","","","N","2954","274.45","","G+1","","2026-09-19 00:00:00","Rental Contracts","","","","","","Dubai Properties","New"
"19356212","2025-09-20 00:00:00","Mudon","Al Ranim","Al Ranim 1","","","195000","195000","88","946.6","2217","206","Townhouse","3","","","","N","1808","168","","G+1","","2026-09-19 00:00:00","Rental Contracts","","","","","","Dubai Properties","New"
"23284812","2025-09-20 00:00:00","Mudon","Al Ranim","Al Ranim 1","","","275000","275000","108","1160.34","2548","237","Townhouse","4","","","","","0","0","","G+1","","2025-09-20 00:00:00","Active Listings","","Yes","","","Single Row | Vastu Unit | Vacant","Dubai Properties",""
"19354447","2025-09-20 00:00:00","Mudon","Al Ranim","Al Ranim 1","","","305000","305000","102","1102.4","2978","276.7","Townhouse","4","","","","N","4741","440.5","","G+2","","2026-09-19 00:00:00","Rental Contracts","","","","","","Dubai Properties","New"
"19375970","2025-09-20 00:00:00","Mudon","Al Ranim","Al Ranim 2","","","190000","190000","86","922.46","2217","206","Townhouse","3","","","","N","1846","171.51","","G+1","","2026-09-19 00:00:00","Rental Contracts","","","","","","Dubai Properties","New"
"23270813","2025-09-20 00:00:00","Mudon","Al Ranim","Al Ranim 2","","","220000","220000","99","1068.12","2217","206","Townhouse","3","Community,Swimming Pool,Park","","","","1808","168","","G+1","","2025-09-20 00:00:00","Active Listings","","No","","","Mortgage | G + 1 | Near The Amenities | Ready To Move in","Dubai Properties",""
"23314603","2025-09-20 00:00:00","Mudon","Al Ranim","Al Ranim 2","","","185000","190000","94","1010.64","2023","188","Townhouse","3","","","","","0","0","","G+1","","2025-09-20 00:00:00","Active Listings","","No","","","3 Bed + Maid | Big Lay out | Ready to Move in","Dubai Properties",""
"23309036","2025-09-20 00:00:00","Mudon","Al Ranim","Al Ranim 2","","","197000","197000","89","951.69","2224","207","Townhouse","3","","","","","0","0","","G+1","","2025-09-20 00:00:00","Active Listings","","","","","Single Row | Park Facing | G+1 | Spacious Layout","Dubai Properties",""
"23202828","2025-09-19 00:00:00","Mudon","Al Ranim","Al Ranim 1","","","220000","220000","108","1164.02","2031","189","Townhouse","3","","","","","0","0","","G+1","","2025-09-19 00:00:00","Active Listings","","No","","","Keys In Hand | Contemporary style | Call Now","Dubai Properties",""
"19378957","2025-09-19 00:00:00","Mudon","Al Ranim","Al Ranim 1","","","195000","195000","88","946.6","2217","206","Townhouse","3","","","","N","1835","170.55","","G+1","","2026-09-18 00:00:00","Rental Contracts","","","","","","Dubai Properties","New"
"23202354","2025-09-19 00:00:00","Mudon","Al Ranim","Al Ranim 1","","","229999","229999","127","1369.04","1808","168","Townhouse","3","","","","","0","0","","G+1","","2025-09-19 00:00:00","Active Listings","","No","","","Spacious Living | Modern Style | Multiple Options","Dubai Properties",""
"19429177","2025-09-19 00:00:00","Mudon","Al Ranim","Al Ranim 1","","","180000","180000","81","873.79","2217","206","Townhouse","3","","","","N","1820","169.13","","G+1","","2026-09-18 00:00:00","Rental Contracts","","","","","","Dubai Properties","New"
"23203652","2025-09-19 00:00:00","Mudon","Al Ranim","Al Ranim 1","","","194999","194999","105","1133.72","1850","172","Townhouse","3","","","","","0","0","","G+1","","2025-09-19 00:00:00","Active Listings","","No","","","Ready To Move | Modern Living | A Must See","Dubai Properties",""
"23190344","2025-09-19 00:00:00","Mudon","Al Ranim","Al Ranim 1","","","190000","190000","102","1098.27","1862","173","Townhouse","3","","","","","0","0","","G+1","","2025-09-19 00:00:00","Active Listings","","No","","","Contemporary Living | Brand New | G+1","Dubai Properties",""
"23203406","2025-09-19 00:00:00","Mudon","Al Ranim","Al Ranim 1","","","189999","189999","99","1061.45","1928","179","Townhouse","3","","","","","0","0","","G+1","","2025-09-19 00:00:00","Active Listings","","No","","","Family Living | Brand New | A Must See","Dubai Properties",""
"23251541","2025-09-19 00:00:00","Mudon","Al Ranim","Al Ranim 1","","","210000","210000","95","1019.42","2217","206","Townhouse","3","","","","","0","0","","G+1","","2025-09-19 00:00:00","Active Listings","","No","","","3 Bedroom + Maid&#039;s Room | Brand New | Vacant","Dubai Properties",""
"23258235","2025-09-19 00:00:00","Mudon","Al Ranim","Al Ranim 1","","","200000","190000","86","922.33","2217","206","Townhouse","2","","","","","1821","169.13","","G+1","","2025-09-19 00:00:00","Active Listings","","No","","","Brand New/ 3BR+Maid/Park-Facing/Ready To Move in","Dubai Properties",""
"23275460","2025-09-19 00:00:00","Mudon","Al Ranim","Al Ranim 1","","","180000","200000","111","1190.48","1808","168","Townhouse","3","","","","","0","0","","G+1","","2025-09-19 00:00:00","Active Listings","","No","","","SINGLE ROW | PARK FACING | READY TO MOVE","Dubai Properties",""
"23262682","2025-09-19 00:00:00","Mudon","Al Ranim","Al Ranim 1","","","195000","195000","88","946.74","2217","206","Townhouse","3","","","","","1872","173.93","","G+1","","2025-09-19 00:00:00","Active Listings","","No","","","Brand new Spacious 3bhk Villa ! Faimly community! Prime location","Dubai Properties",""
"24133402","2025-09-18 00:00:00","Mudon","Al Ranim","Al Ranim 2","","","200000","200000","90","967.96","2224","207","Townhouse","3","","","","","0","0","","G+1","","2025-09-18 00:00:00","Active Listings","","No","","","Maid’s Room | Park View | Fitted Appliances","Dubai Properties",""
"19366725","2025-09-18 00:00:00","Mudon","Al Ranim","Al Ranim 1","","","190000","190000","86","922.46","2217","206","Townhouse","3","","","","N","1810","168.22","","G+1","","2026-09-17 00:00:00","Rental Contracts","","","","","","Dubai Properties","New"
"23291904","2025-09-17 00:00:00","Mudon","Al Ranim","Al Ranim 1","","","245000","245000","96","1033.76","2547","237","Townhouse","4","","","","","0","0","","G+1","","2025-09-17 00:00:00","Active Listings","","No","","","Brand New | Ready to Move In | Single Row | Corner","Dubai Properties",""
"23298820","2025-09-17 00:00:00","Mudon","Al Ranim","Al Ranim 1","","","240000","240000","82","887.15","2912","271","Apartment","4","","","","","0","0","","","","2025-09-17 00:00:00","Active Listings","","No","","","Best Price | Single row | Walkble to park&pool","Dubai Properties",""
"23296520","2025-09-17 00:00:00","Mudon","Al Ranim","Al Ranim 1","","","250000","250000","98","1054.85","2547","237","Townhouse","4","","","","","0","0","","G+1","","2025-09-17 00:00:00","Active Listings","","No","","","Move now | Large Corner Plot | Single Row","Dubai Properties",""
"19378189","2025-09-17 00:00:00","Mudon","Al Ranim","Al Ranim 2","","","215000","215000","97","1043.84","2217","206","Townhouse","3","","","","N","2023","187.97","","G+1","","2026-09-16 00:00:00","Rental Contracts","","","","","","Dubai Properties","New"
"23263254","2025-09-17 00:00:00","Mudon","Al Ranim","Al Ranim 1","","","185999","189999","105","1130.95","1811","168","Townhouse","3","","","","","0","0","","G+1","","2025-09-17 00:00:00","Active Listings","","","","","Brand New | Ready To Move In | Close To Pool","Dubai Properties",""
"23315487","2025-09-17 00:00:00","Mudon","Al Ranim","Al Ranim 1","","","190000","190000","105","1130.95","1810","168","Townhouse","3","","","","","0","0","","G+1","","2025-09-17 00:00:00","Active Listings","","No","","","Single Row | Next to Pool and Park | Ready!","Dubai Properties",""
"23242024","2025-09-17 00:00:00","Mudon","Al Ranim","Al Ranim 1","","","190000","190000","86","922.33","2217","206","Townhouse","3","","","","","1850","171.88","","G+1","","2025-09-17 00:00:00","Active Listings","","No","","","Single Row | Brand New | Type 3B1 | Middle Unit","Dubai Properties",""
"23243822","2025-09-17 00:00:00","Mudon","Al Ranim","Al Ranim 1","","","210000","210000","116","1250","1808","168","Townhouse","3","","","","","0","0","","G+1","","2025-09-17 00:00:00","Active Listings","","","","","Close to Amenities and Entrance | 3 BR + M TH | View Today","Dubai Properties",""
"23325515","2025-09-17 00:00:00","Mudon","Al Ranim","Al Ranim 1","","","250000","250000","86","922.51","2912","271","Townhouse","4","","","","","0","0","","G+1","","2025-09-17 00:00:00","Active Listings","","No","","","Brand New, Ready to Move-in, Equipped Kitchen, Gated Community","Dubai Properties",""
"23242572","2025-09-17 00:00:00","Mudon","Al Ranim","Al Ranim 1","","","250000","250000","97","1047.91","2568","238.55","Townhouse","4","","","","","1891","175.64","","G+2","","2025-09-17 00:00:00","Active Listings","","No","","","BEST 4 BED I G+2 I PARK FACING","Dubai Properties",""
"23210333","2025-09-17 00:00:00","Mudon","Al Ranim","Al Ranim 1","","","260000","260000","89","959.41","2912","271","Townhouse","4","","","","","0","0","","G+1","","2025-09-17 00:00:00","Active Listings","","No","","","Ready To Move In | Biggest Plot Size  | Call Now","Dubai Properties",""
"23181153","2025-09-17 00:00:00","Mudon","Al Ranim","Al Ranim 1","","","255000","255000","86","920.58","2978","277","Townhouse","4","","","","","0","0","","G+1","","2025-09-17 00:00:00","Active Listings","","No","","","BESPOKE LUXURY | G+2 | PARK-FACING | EXCEPTIONALLY SPACIOUS","Dubai Properties",""
"23293803","2025-09-17 00:00:00","Mudon","Al Ranim","Al Ranim 1","","","195000","195000","112","1203.7","1745","162","Townhouse","3","","","","","0","0","","G+1","","2025-09-17 00:00:00","Active Listings","","No","","","3 Bedroom | Brand New | Opposite Pool And Park","Dubai Properties",""
"23291505","2025-09-17 00:00:00","Mudon","Al Ranim","Al Ranim 2","","","200000","200000","90","971.02","2217","206","Townhouse","3","","","","","2023","187.97","","G+1","","2025-09-17 00:00:00","Active Listings","","No","","","Park Backing | Single Row | Brand New","Dubai Properties",""
"23317632","2025-09-17 00:00:00","Mudon","Al Ranim","Al Ranim 1","","","240000","240000","82","885.61","2912","271","Townhouse","4","","","","","0","0","","G+1","","2025-09-17 00:00:00","Active Listings","","No","","","Brand New | Corner Unit | 4 Bed + Maid | Multiple Option","Dubai Properties",""
"23275409","2025-09-17 00:00:00","Mudon","Al Ranim","Al Ranim 2","","","200000","200000","99","1063.83","2023","188","Townhouse","3","","","","","0","0","","G+1","","2025-09-17 00:00:00","Active Listings","","No","","","Spacious | Brand New | Family Friendly | Vacant","Dubai Properties",""
"23110323","2025-09-17 00:00:00","Mudon","Al Ranim","Al Ranim 1","","","290000","290000","114","1224.77","2549","236.78","Townhouse","4","","","","","2908","270.2","","G+1","","2025-09-17 00:00:00","Active Listings","","No","","","4 Bed | Brand New | Spacious Unit","Dubai Properties",""
"23324599","2025-09-17 00:00:00","Mudon","Al Ranim","Al Ranim 1","","","250000","250000","86","922.51","2912","271","Townhouse","4","","","","","0","0","","G+1","","2025-09-17 00:00:00","Active Listings","","No","","","Brand new luxurious 4BHK VILLA ! CORNER UNIT ! Hot Offer","Dubai Properties",""
"23194808","2025-09-17 00:00:00","Mudon","Al Ranim","Al Ranim 1","","","190000","200000","90","971.02","2217","206","Townhouse","3","","","","","1846","171.53","","G+1","","2025-09-17 00:00:00","Active Listings","","No","","","Single Row- Front of Park- Near Entry/Exit- Brand new 3 BR + Maid + Store","Dubai Properties",""
"23324351","2025-09-17 00:00:00","Mudon","Al Ranim","Al Ranim 1","","","250000","250000","86","922.51","2912","271","Townhouse","4","","","","","0","0","","G+1","","2025-09-17 00:00:00","Active Listings","","No","","","Corner Plot- Luxurious 4bhk - Affordable Rent","Dubai Properties",""
"23293633","2025-09-17 00:00:00","Mudon","Al Ranim","Al Ranim 1","","","240000","240000","82","885.61","2912","271","Townhouse","4","","","","","0","0","","G+1","","2025-09-17 00:00:00","Active Listings","","No","","","4 Bed G+1 | Brand New | Lowest Price","Dubai Properties",""
"23312847","2025-09-17 00:00:00","Mudon","Al Ranim","Al Ranim 1","","","240000","240000","94","1013.47","2549","236.78","Townhouse","4","","","","","2912","270.54","","G+1","","2025-09-17 00:00:00","Active Listings","","No","","","Brand New | Single Row | Ready to Move | 4BHK","Dubai Properties",""
"23301336","2025-09-17 00:00:00","Mudon","Al Ranim","Al Ranim 1","","","249999","249999","86","922.51","2912","271","Townhouse","4","","","","","0","0","","G+1","","2025-09-17 00:00:00","Active Listings","","No","","","Brand New | Corner Plot | Vacant & Ready to Move In","Dubai Properties",""
"23281251","2025-09-16 00:00:00","Mudon","Al Ranim","Al Ranim 1","","","350000","350000","71","760.87","4951","460","Townhouse","4","","","","","0","0","","G+1","","2025-09-16 00:00:00","Active Listings","","","","","Corner Bigger Plot | G+2 | Park Facing | Brand New","Dubai Properties",""
"23262637","2025-09-16 00:00:00","Mudon","Al Ranim","Al Ranim 1","","","210000","210000","95","1019.42","2217","206","Townhouse","3","","","","","1808","168","","G+1","","2025-09-16 00:00:00","Active Listings","","No","","","Brand New Spacious 3bhk Villa ! Faimly community","Dubai Properties",""
"24128707","2025-09-16 00:00:00","Mudon","Al Ranim","Al Ranim 1","","","195000","195000","114","1227.5","1710","159","Townhouse","3","","","","","0","0","","G+1","","2025-09-16 00:00:00","Active Listings","","No","","","3 Bedroom | Brand New | Single Row | Vacant","Dubai Properties",""
"23318271","2025-09-16 00:00:00","Mudon","Al Ranim","Al Ranim 1","","","190000","190000","106","1144.58","1790","166","Townhouse","3","","","","","0","0","","G+1","","2025-09-16 00:00:00","Active Listings","","No","","","Modern Comfort | Family-Friendly | Serene Setting","Dubai Properties",""
"23178249","2025-09-15 00:00:00","Mudon","Al Ranim","Al Ranim 1","","","199999","199999","110","1190.47","1810","168","Townhouse","3","","","","","0","0","","G+1","","2025-09-15 00:00:00","Active Listings","","No","","","Near Pool | Handover Soon | Single Row","Dubai Properties",""
"19364618","2025-09-15 00:00:00","Mudon","Al Ranim","Al Ranim 1","","","240000","240000","94","1013.6","2548","236.78","Townhouse","4","","","","N","2912","270.54","","G+1","","2026-09-14 00:00:00","Rental Contracts","","","","","","Dubai Properties","New"
"23314195","2025-09-15 00:00:00","Mudon","Al Ranim","Al Ranim 1","","","240000","240000","94","1013.47","2549","236.78","Townhouse","4","","","","","2869","266.57","","G+1","","2025-09-15 00:00:00","Active Listings","","No","","","Single Row | Brand New | Flexible cheques","Dubai Properties",""
"23224937","2025-09-15 00:00:00","Mudon","Al Ranim","Al Ranim 1","","","200000","200000","90","975.61","2211","205","Townhouse","3","","","","","0","0","","G+1","","2025-09-15 00:00:00","Active Listings","","No","","","Single Row | Brand New | Next to Pool","Dubai Properties",""
"23264123","2025-09-15 00:00:00","Mudon","Al Ranim","Al Ranim 1","","","195000","195000","88","946.6","2217","206","Townhouse","3","","","","","0","0","","G+1","","2025-09-15 00:00:00","Active Listings","","No","","","Single Row | Parkside Living | Brand New","Dubai Properties",""
"23285132","2025-09-15 00:00:00","Mudon","Al Ranim","Al Ranim 1","","","200000","200000","106","1142.86","1881","175","Townhouse","3","","","","","0","0","","G+1","","2025-09-15 00:00:00","Active Listings","","No","","","Opposite to Park | Brand New | Ready","Dubai Properties",""
"23208366","2025-09-15 00:00:00","Mudon","Al Ranim","Al Ranim 1","","","200000","200000","90","975.61","2211","205","Townhouse","3","","","","","0","0","","G+1","","2025-09-15 00:00:00","Active Listings","","No","","","Exclusive 3 & 4 Bedroom Villas | Contemporary G+1 & G+2 | Prime Location in Mudon","Dubai Properties",""
"23254191","2025-09-15 00:00:00","Mudon","Al Ranim","Al Ranim 1","","","185000","185000","91","978.84","2031","189","Townhouse","3","","","","","0","0","","G+1","","2025-09-15 00:00:00","Active Listings","","No","","","Brand New | View Today | Multiple Units Available","Dubai Properties",""
"19357121","2025-09-15 00:00:00","Mudon","Al Ranim","Al Ranim 1","","","185000","185000","83","898.19","2217","206","Townhouse","3","","","","N","1810","168.16","","G+1","","2026-09-14 00:00:00","Rental Contracts","","","","","","Dubai Properties","New"
"23314919","2025-09-15 00:00:00","Mudon","Al Ranim","Al Ranim 1","","","190000","190000","105","1130.95","1810","168","Townhouse","3","","","","","0","0","","G+1","","2025-09-15 00:00:00","Active Listings","","No","","","Elegant Style 3BR | Available for Rent |Vacant Now","Dubai Properties",""
"19394814","2025-09-15 00:00:00","Mudon","Al Ranim","Al Ranim 1","","","240000","240000","94","1013.6","2548","236.78","Townhouse","4","","","","N","2869","266.57","","G+1","","2026-09-14 00:00:00","Rental Contracts","","","","","","Dubai Properties","New"
"23311733","2025-09-13 00:00:00","Mudon","Al Ranim","Al Ranim 1","","","240000","240000","133","1428.57","1808","168","Townhouse","3","","","","","0","0","","G+1","","2025-09-13 00:00:00","Active Listings","","No","","","G+2 | Park-Facing | Close to Amenities","Dubai Properties",""
"23309960","2025-09-13 00:00:00","Mudon","Al Ranim","Al Ranim 1","","","190000","190000","86","922.33","2217","206","Townhouse","3","","","","","1808","168","","G+1","","2025-09-13 00:00:00","Active Listings","","No","","","Ranim 1 | Pool and Park | Single Row | Brand New","Dubai Properties",""
"23305630","2025-09-13 00:00:00","Mudon","Al Ranim","Al Ranim 1","","","239999","239999","93","1000","2584","240","Townhouse","4","","","","","0","0","","G+1","","2025-09-13 00:00:00","Active Listings","","","","","Brand New | L-Shaped Garden | Mid-Corner Plot","Dubai Properties",""
"23174586","2025-09-13 00:00:00","Mudon","Al Ranim","Al Ranim 1","","","210000","210000","116","1250","1808","168","Townhouse","3","","","","","0","0","","G+1","","2025-09-13 00:00:00","Active Listings","","Yes","","","Park-Facing | Single Row | 3+ Bed maids","Dubai Properties",""
"23316929","2025-09-13 00:00:00","Mudon","Al Ranim","Al Ranim 1","","","225000","225000","88","941.42","2568","239","Townhouse","3","","","","","0","0","","G+1","","2025-09-13 00:00:00","Active Listings","","No","","","G+2  | 3BR + Family Lounge | Park View","Dubai Properties",""
"23192874","2025-09-12 00:00:00","Mudon","Al Ranim","Al Ranim 1","","","225000","225000","124","1339.29","1808","168","Townhouse","3","","","","","0","0","","G+1","","2025-09-12 00:00:00","Active Listings","","No","","","Park-Facing | Single Row | 3 Beds + Maids","Dubai Properties",""
"23305284","2025-09-12 00:00:00","Mudon","Al Ranim","Al Ranim 1","","","220000","220000","122","1309.52","1808","168","Townhouse","3","","","","","0","0","","G+1","","2025-09-12 00:00:00","Active Listings","","No","","","PRIME LOCATION | BRAND NEW| G+2 | FAMILY ROOM","Dubai Properties",""
"23250019","2025-09-12 00:00:00","Mudon","Al Ranim","Al Ranim 1","","","210000","210000","95","1019.42","2217","206","Townhouse","3","","","","","0","0","","G+1","","2025-09-12 00:00:00","Active Listings","","No","","","Backing pool and Park I Single Row I Vacant","Dubai Properties",""
"23062133","2025-09-12 00:00:00","Mudon","Al Ranim","Al Ranim 1","","","184999","184999","83","898.18","2217","206","Townhouse","3","","","","","1875","174.22","","G+1","","2025-09-12 00:00:00","Active Listings","","No","","","Spacious |Single Row | Best Price","Dubai Properties",""
"23202797","2025-09-12 00:00:00","Mudon","Al Ranim","Al Ranim 1","","","199999","204999","92","995.14","2217","206","Townhouse","3","","","","","1853","172.19","","G+1","","2025-09-12 00:00:00","Active Listings","","No","","","SINGLE ROW|CLOSE TO POOL N PARK |PRIME LOCATION","Dubai Properties",""
"23173874","2025-09-12 00:00:00","Mudon","Al Ranim","Al Ranim 1","","","230000","230000","90","964.08","2568","238.55","Townhouse","3","","","","","1808","168","","G+2","","2025-09-12 00:00:00","Active Listings","","No","","","Spacious | Park Facing | Best  Price","Dubai Properties",""
"23167247","2025-09-11 00:00:00","Mudon","Al Ranim","Al Ranim 1","","","319999","319999","106","1134.75","3033","282","Townhouse","4","","","","","0","0","","G+1","","2025-09-11 00:00:00","Active Listings","","No","","","Ranim Single Row Park Facing Middle 4 Beds","Dubai Properties",""
"23295021","2025-09-11 00:00:00","Mudon","Al Ranim","Al Ranim 1","","","250000","250000","97","1046.03","2568","239","Townhouse","3","","","","","0","0","","G+1","","2025-09-11 00:00:00","Active Listings","","No","","","Next to Pool and Park | Single Row | Vacant","Dubai Properties",""
"23159090","2025-09-11 00:00:00","Mudon","Al Ranim","Al Ranim 1","","","240000","240000","79","854.09","3024","281","Townhouse","4","","","","","0","0","","G+1","","2025-09-11 00:00:00","Active Listings","","No","","","4 Bed End Unit  | Single Row |  Big Plot on Prime Location","Dubai Properties",""
"23279437","2025-09-11 00:00:00","Mudon","Al Ranim","Al Ranim 1","","","200000","200000","90","970.87","2217","206","Townhouse","3","","","","","0","0","","G+1","","2025-09-11 00:00:00","Active Listings","","No","","","Ideally Located | Best Price | Call for Viewing","Dubai Properties",""
"23281244","2025-09-11 00:00:00","Mudon","Al Ranim","Al Ranim 1","","","320000","320000","106","1134.75","3032","282","Townhouse","4","","","","","0","0","","G+1","","2025-09-11 00:00:00","Active Listings","","","","","Brand New | Park Facing | Corner Unit | G+2","Dubai Properties",""
"23293025","2025-09-11 00:00:00","Mudon","Al Ranim","Al Ranim 1","","","229999","229999","127","1369.04","1808","168","Townhouse","3","","","","","0","0","","G+1","","2025-09-11 00:00:00","Active Listings","","No","","","Pool and Park Access | Limited G+2 | View Now","Dubai Properties",""
"23308900","2025-09-11 00:00:00","Mudon","Al Ranim","Al Ranim 1","","","210000","210000","95","1019.42","2217","206","Townhouse","3","","","","","1808","168","","G+1","","2025-09-11 00:00:00","Active Listings","","No","","","Premium Quality | Spacious Layout | Brand New","Dubai Properties",""
"23243630","2025-09-11 00:00:00","Mudon","Al Ranim","Al Ranim 1","","","230000","230000","127","1369.05","1808","168","Townhouse","3","","","","","0","0","","G+1","","2025-09-11 00:00:00","Active Listings","","No","","","Spacious | 3Bed G+2 | Pool Facing | Best Price","Dubai Properties",""
"23225207","2025-09-11 00:00:00","Mudon","Al Ranim","Al Ranim 1","","","300000","300000","101","1083.03","2978","277","Townhouse","4","","","","","0","0","","G+1","","2025-09-11 00:00:00","Active Listings","","No","","","Vacant | Park Facing | Brand New","Dubai Properties",""
"23250838","2025-09-11 00:00:00","Mudon","Al Ranim","Al Ranim 1","","","220000","220000","99","1067.96","2217","206","Townhouse","3","","","","","0","0","","G+1","","2025-09-11 00:00:00","Active Listings","","No","","","Park Backing | Close to Pool | Brand New","Dubai Properties",""
"23170471","2025-09-11 00:00:00","Mudon","Al Ranim","Al Ranim 1","","","320000","320000","103","1111.11","3100","288","Townhouse","4","","","","","0","0","","G+1","","2025-09-11 00:00:00","Active Listings","","No","","","4BR plus Maid | Park and Pool Facing | Luxe Living","Dubai Properties",""
"23287721","2025-09-11 00:00:00","Mudon","Al Ranim","Al Ranim 1","","","230000","230000","127","1369.05","1808","168","Townhouse","3","","","","","0","0","","G+1","","2025-09-11 00:00:00","Active Listings","","No","","","Ready to move 3-Beds Brand new | Keys in Hand","Dubai Properties",""
"23162025","2025-09-11 00:00:00","Mudon","Al Ranim","Al Ranim 1","","","320000","320000","106","1134.75","3032","282","Townhouse","4","","","","","0","0","","G+1","","2025-09-11 00:00:00","Active Listings","","No","","","Ranim Park Facing Amazing location 4 Bedrooms","Dubai Properties",""
"23213994","2025-09-11 00:00:00","Mudon","Al Ranim","Al Ranim 1","","","330000","330000","109","1170.21","3032","282","Townhouse","4","","","","","0","0","","G+1","","2025-09-11 00:00:00","Active Listings","","No","","","4BR + Maids | Mudon Al Ranim,1 | Dubai Holdings","Dubai Properties",""
"23305666","2025-09-11 00:00:00","Mudon","Al Ranim","Al Ranim 1","","","229000","199999","111","1190.47","1808","168","Townhouse","3","","","","","0","0","","G+1","","2025-09-11 00:00:00","Active Listings","","","","","Brand New Villa | G+2 Layout | Family-Oriented","Dubai Properties",""
"23208901","2025-09-11 00:00:00","Mudon","Al Ranim","Al Ranim 1","","","240000","240000","82","888.89","2911","270","Townhouse","4","","","","","0","0","","G+1","","2025-09-11 00:00:00","Active Listings","","No","","","Exclusive 3 & 4 Bedroom Villas | Contemporary G+1 & G+2 | Prime Location in Mudon","Dubai Properties",""
"19345861","2025-09-11 00:00:00","Mudon","Al Ranim","Al Ranim 1","","","300000","300000","118","1267.32","2548","236.78","Townhouse","4","","","","N","4948","459.77","","G+1","","2026-09-10 00:00:00","Rental Contracts","","","","","","Dubai Properties","New"
"23267277","2025-09-11 00:00:00","Mudon","Al Ranim","Al Ranim 1","","","250000","250000","138","1488.1","1808","168","Townhouse","3","","","","","0","0","","G+1","","2025-09-11 00:00:00","Active Listings","","No","","","Landscaped | Community View | Well-Kept | Vacant","Dubai Properties",""
"23254223","2025-09-11 00:00:00","Mudon","Al Ranim","Al Ranim 1","","","310000","310000","102","1099.29","3031","282","Townhouse","4","","","","","0","0","","G+1","","2025-09-11 00:00:00","Active Listings","","No","","","Spacious + Maid Room | Well-Lit Villa in Calm Environment","Dubai Properties",""
"23297499","2025-09-11 00:00:00","Mudon","Al Ranim","Al Ranim 1","","","240000","240000","133","1428.57","1808","168","Townhouse","3","","","","","0","0","","G+1","","2025-09-11 00:00:00","Active Listings","","No","","","Modern | 3 Beds + Plus | G plus 2 | Al ranim","Dubai Properties",""
"23224300","2025-09-11 00:00:00","Mudon","Al Ranim","Al Ranim 1","","","220000","220000","100","1073.17","2211","205","Townhouse","3","","","","","0","0","","G+1","","2025-09-11 00:00:00","Active Listings","","Yes","","","Vacant Now | Brand New | Single Row Unit","Dubai Properties",""
"23293694","2025-09-11 00:00:00","Mudon","Al Ranim","Al Ranim 1","","","260000","260000","89","962.96","2911","270","Townhouse","4","","","","","0","0","","G+1","","2025-09-11 00:00:00","Active Listings","","No","","","Park Views | Brand New  | Corner Unit","Dubai Properties",""
"23183107","2025-09-10 00:00:00","Mudon","Al Ranim","Al Ranim 1","","","275000","275000","94","1018.52","2911","270","Townhouse","4","","","","","0","0","","G+1","","2025-09-10 00:00:00","Active Listings","","No","","","Brand New | Fully Equipped Kitchen | G Plus 1","Dubai Properties",""
"23170842","2025-09-10 00:00:00","Mudon","Al Ranim","Al Ranim 1","","","240000","240000","94","1012.66","2548","237","Townhouse","4","","","","","0","0","","G+1","","2025-09-10 00:00:00","Active Listings","","No","","","Brand New Unit | Prime Location | Easy Access","Dubai Properties",""
"17747498","2025-09-10 00:00:00","Mudon","Al Ranim","Al Ranim 1","","","180000","180000","81","873.79","2217","206","Townhouse","3","","","","N","1808","168","Type 3B1","G+1","","2026-09-09 00:00:00","Rental Contracts","","","","","","Dubai Properties","New"
"23267376","2025-09-10 00:00:00","Mudon","Al Ranim","Al Ranim 1","","","230000","230000","127","1369.05","1808","168","Townhouse","3","","","","","0","0","","G+1","","2025-09-10 00:00:00","Active Listings","","No","","","Underway Upgraded Garden | Park View | 3BR + Family + Maid","Dubai Properties",""
"23275315","2025-09-10 00:00:00","Mudon","Al Ranim","Al Ranim 1","","","250000","250000","86","925.93","2910","270","Townhouse","4","","","","","0","0","","G+1","","2025-09-10 00:00:00","Active Listings","","No","","","Brand New Spacious 4bhk ! Single Row ! Corner Unit","Dubai Properties",""
"23288126","2025-09-10 00:00:00","Mudon","Al Ranim","Al Ranim 1","","","240000","240000","82","888.89","2910","270","Townhouse","4","","","","","0","0","","G+1","","2025-09-10 00:00:00","Active Listings","","No","","","Single row | Park Facing | Corner Unit | Multiple options","Dubai Properties",""
"23285575","2025-09-10 00:00:00","Mudon","Al Ranim","Al Ranim 1","","","239999","239999","82","888.89","2910","270","Townhouse","4","","","","","0","0","","G+1","","2025-09-10 00:00:00","Active Listings","","No","","","Brand New | Maid Room | Multiple Units Available | Family Friendly","Dubai Properties",""
"23225418","2025-09-10 00:00:00","Mudon","Al Ranim","Al Ranim 1","","","250000","250000","86","925.93","2911","270","Townhouse","4","","","","","0","0","","G+1","","2025-09-10 00:00:00","Active Listings","","No","","","Brand New | Park Facing | Vacant","Dubai Properties",""
"23293772","2025-09-10 00:00:00","Mudon","Al Ranim","Al Ranim 1","","","250000","250000","98","1054.85","2546","237","Townhouse","4","","","","","0","0","","G+1","","2025-09-10 00:00:00","Active Listings","","No","","","4 Bedroom | Brand New | Corner Unit | Vacant","Dubai Properties",""
"23275087","2025-09-10 00:00:00","Mudon","Al Ranim","Al Ranim 1","","","250000","250000","86","925.93","2910","270","Townhouse","4","","","","","0","0","","G+1","","2025-09-10 00:00:00","Active Listings","","No","","","Ready To Move - Luxurious 4bhk - Affordable Rent","Dubai Properties",""
"23181393","2025-09-10 00:00:00","Mudon","Al Ranim","Al Ranim 1","","","260000","260000","102","1099.64","2545","236","Townhouse","4","","","","","0","0","","G+1","","2025-09-10 00:00:00","Active Listings","","No","","","4BR + M / HANDOVER SOON / ON PARK","Dubai Properties",""
"23259988","2025-09-10 00:00:00","Mudon","Al Ranim","Al Ranim 1","","","260000","260000","89","962.96","2910","270","Townhouse","4","","","","","0","0","","G+1","","2025-09-10 00:00:00","Active Listings","","No","","","4-Bedroom Villa I G+1  I PARK FACING","Dubai Properties",""
"23191649","2025-09-10 00:00:00","Mudon","Al Ranim","Al Ranim 1","","","199999","199999","90","975.6","2210","205","Townhouse","3","","","","","0","0","","G+1","","2025-09-10 00:00:00","Active Listings","","No","","","New 3BR Townhouse | Prime Location | Near Park","Dubai Properties",""
"23297892","2025-09-10 00:00:00","Mudon","Al Ranim","Al Ranim 1","","","260000","260000","89","962.96","2910","270","Townhouse","4","","","","","0","0","","G+1","","2025-09-10 00:00:00","Active Listings","","No","","","4 Beds for rent| Spacious | Brand new | Near amenities","Dubai Properties",""
"23223684","2025-09-10 00:00:00","Mudon","Al Ranim","Al Ranim 1","","","260000","260000","102","1097.05","2548","237","Townhouse","4","","","","","0","0","","G+1","","2025-09-10 00:00:00","Active Listings","","Yes","","","4Bed | Large Plot | Corner Unit | Park View","Dubai Properties",""
"23166882","2025-09-10 00:00:00","Mudon","Al Ranim","Al Ranim 1","","","190000","190000","86","922.33","2217","206","Townhouse","3","","","","","1810","168.16","","G+1","","2025-09-10 00:00:00","Active Listings","","No","","","Elegant Style 3BR | Available for Rent |Vacant Now","Dubai Properties",""
"23195059","2025-09-10 00:00:00","Mudon","Al Ranim","Al Ranim 1","","","260000","260000","89","962.96","2910","270","Townhouse","4","","","","","0","0","","G+1","","2025-09-10 00:00:00","Active Listings","","No","","","4 BED + Maids  |  End Unit  |  Close to Amenities","Dubai Properties",""
"23210173","2025-09-10 00:00:00","Mudon","Al Ranim","Al Ranim 1","","","250000","250000","86","925.93","2910","270","Townhouse","4","","","","","0","0","","G+1","","2025-09-10 00:00:00","Active Listings","","No","","","259K | Single Row 4BR+Maid Villa | Peaceful Community","Dubai Properties",""
"23166441","2025-09-10 00:00:00","Mudon","Al Ranim","Al Ranim 1","","","319999","319999","107","1156.61","2978","276.7","Townhouse","4","","","","","3035","281.99","","G+2","","2025-09-10 00:00:00","Active Listings","","No","","","4-BR Townhouses |  High End | Park Facing","Dubai Properties",""
"23208462","2025-09-09 00:00:00","Mudon","Al Ranim","Al Ranim 1","","","240000","240000","94","1013.47","2549","236.78","Townhouse","4","","","","","2635","244.83","","G+1","","2025-09-09 00:00:00","Active Listings","","No","","","BrandNew | Great and Tranquil Community | Park View","Dubai Properties",""
"23189333","2025-09-09 00:00:00","Mudon","Al Ranim","Al Ranim 1","","","220000","220000","99","1067.96","2217","206","Townhouse","3","","","","","1854","172.25","","G+1","","2025-09-09 00:00:00","Active Listings","","No","","","Brand New I Fitted Kitchen I Spacious Layout","Dubai Properties",""
"23270743","2025-09-09 00:00:00","Mudon","Al Ranim","Al Ranim 2","","","215000","215000","97","1043.84","2217","206","Townhouse","3","","","","","1813","168.46","","G+1","","2025-09-09 00:00:00","Active Listings","","Yes","","","Band New I Appliances Included I Single Row","Dubai Properties",""
"19323535","2025-09-09 00:00:00","Mudon","Al Ranim","Al Ranim 1","","","260000","520000","102","1099.85","2548","236.78","Townhouse","4","","","","N","2910","270.42","","G+1","","2027-09-08 00:00:00","Rental Contracts","","","","","","Dubai Properties","New"
"23223925","2025-09-08 00:00:00","Mudon","Al Ranim","Al Ranim 1","","","230000","230000","90","966.39","2566","238","Townhouse","3","","","","","0","0","","G+1","","2025-09-08 00:00:00","Active Listings","","No","","","Mortgage | G + 1 | Park View | Ready To Move in","Dubai Properties",""
"23092644","2025-09-08 00:00:00","Mudon","Al Ranim","Al Ranim 1","","","230000","230000","104","1116.5","2217","206","Townhouse","3","","","","","1805","167.66","","G+1","","2025-09-08 00:00:00","Active Listings","","No","","","Gated Community | Park-Facing | Serene Living","Dubai Properties",""
"23178407","2025-09-08 00:00:00","Mudon","Al Ranim","Al Ranim 1","","","250000","250000","97","1047.91","2568","238.55","Townhouse","3","","","","","1808","168","","G+2","","2025-09-08 00:00:00","Active Listings","","No","","","G Plus 2 | Main Park Backing |Rent Now | Near Pool","Dubai Properties",""
"19321832","2025-09-08 00:00:00","Mudon","Al Ranim","Al Ranim 1","","","225000","225000","88","943.48","2567","238.55","Townhouse","3","","","","N","1808","168","","G+2","","2026-09-07 00:00:00","Rental Contracts","","","","","","Dubai Properties","New"
"23287157","2025-09-07 00:00:00","Mudon","Al Ranim","Al Ranim 1","","","200000","200000","90","970.87","2217","206","Townhouse","3","","","","","1902","176.74","","G+1","","2025-09-07 00:00:00","Active Listings","","No","","","Park Backing | Single Row | Brand New","Dubai Properties",""
"19330428","2025-09-07 00:00:00","Mudon","Al Ranim","Al Ranim 1","","","310000","310000","104","1120.35","2978","276.7","Townhouse","4","","","","N","3035","281.99","","G+2","","2026-09-06 00:00:00","Rental Contracts","","","","","","Dubai Properties","New"
"23194785","2025-09-07 00:00:00","Mudon","Al Ranim","Al Ranim 1","","","190000","190000","86","922.33","2217","206","Townhouse","3","","","","","0","0","","G+1","","2025-09-07 00:00:00","Active Listings","","No","","","3?bedroom townhouse with maid’s room, BUA 2217, available for rent in Mudon Al Ranim?1, Mudon,","Dubai Properties",""
"23222472","2025-09-07 00:00:00","Mudon","Al Ranim","Al Ranim 1","","","260000","260000","102","1097.93","2549","236.78","Townhouse","4","","","","","2911","270.42","","G+1","","2025-09-07 00:00:00","Active Listings","","No","","","Park Facing |  Big Plot  | G+1 Layout","Dubai Properties",""
"23240987","2025-09-04 00:00:00","Mudon","Al Ranim","Al Ranim 1","","","190000","190000","105","1131.15","1808","168","Townhouse","3","","","","","0","0","","G+1","","2025-09-04 00:00:00","Active Listings","","Yes","","","Brand New | Single Row | Park Facing | Exclusive","Dubai Properties",""
"23186737","2025-09-04 00:00:00","Mudon","Al Ranim","Al Ranim 1","","","180000","180000","100","1072.19","1807","168","Townhouse","3","","","","","0","0","","G+1","","2025-09-04 00:00:00","Active Listings","","No","","","Single Row | Modern | Spacious","Dubai Properties",""
"23216970","2025-09-04 00:00:00","Mudon","Al Ranim","Al Ranim 1","","","195000","195000","89","955.37","2197","204","Townhouse","3","","","","","0","0","","G+1","","2025-09-04 00:00:00","Active Listings","","No","","","COMMUNITY EXPERT | VASTU | NO AGENTS","Dubai Properties",""
"23219291","2025-09-04 00:00:00","Mudon","Al Ranim","Al Ranim 1","","","210000","210000","95","1019.57","2217","206","Townhouse","3","","","","","0","0","","G+1","","2025-09-04 00:00:00","Active Listings","","No","","","Type 3B1|Park View|Close To Amenities|Multibal options","Dubai Properties",""
"23213927","2025-09-04 00:00:00","Mudon","Al Ranim","Al Ranim 1","","","241000","241000","95","1017.82","2549","236.78","Townhouse","4","","","","","2911","270.42","","G+1","","2025-09-04 00:00:00","Active Listings","","No","","","Premium Location | Keys in Hand | Fitted Kitchen","Dubai Properties",""
"23252633","2025-09-04 00:00:00","Mudon","Al Ranim","Al Ranim 1","","","185000","185000","84","901.03","2210","205","Townhouse","3","","","","","0","0","","G+1","","2025-09-04 00:00:00","Active Listings","","No","","","Brand New | Near to Park and pool | single Row","Dubai Properties",""
"23291805","2025-09-04 00:00:00","Mudon","Al Ranim","Al Ranim 1","","","200000","200000","108","1166.79","1845","171","Townhouse","3","","","","","0","0","","G+1","","2025-09-04 00:00:00","Active Listings","","No","","","3 BR+ Maid |Brand New |Single Row |Multiple Option","Dubai Properties",""
"23225764","2025-09-04 00:00:00","Mudon","Al Ranim","Al Ranim 1","","","199995","199995","90","967.09","2226","207","Townhouse","3","","","","","0","0","","G+1","","2025-09-04 00:00:00","Active Listings","","No","","","Brand New | Single Row | Type 3BM","Dubai Properties",""
"23224486","2025-09-04 00:00:00","Mudon","Al Ranim","Al Ranim 1","","","250000","250000","97","1048","2568","238.55","Townhouse","3","","","","","1891","175.64","","G+2","","2025-09-04 00:00:00","Active Listings","","","","","Biggest Plot Size | Huge Layout | Vacant","Dubai Properties",""
"23260893","2025-09-04 00:00:00","Mudon","Al Ranim","Al Ranim 1","","","190000","190000","105","1131.15","1808","168","Townhouse","3","","","","","0","0","","G+1","","2025-09-04 00:00:00","Active Listings","","No","","","Park Backing | Single Row | Keys In Hand","Dubai Properties",""
"23164662","2025-09-04 00:00:00","Mudon","Al Ranim","Al Ranim 1","","","195000","195000","88","946.74","2217","206","Townhouse","3","","","","","1896","176.15","","G+1","","2025-09-04 00:00:00","Active Listings","","No","","","Spacious Unit | Prime Location | Elegant Layout","Dubai Properties",""
"23166462","2025-09-04 00:00:00","Mudon","Al Ranim","Al Ranim 1","","","249999","249999","83","889.58","3025","281","Townhouse","4","","","","","0","0","","G+1","","2025-09-04 00:00:00","Active Listings","","No","","","Big Plot | Brand New | On The Park","Dubai Properties",""
"23213920","2025-09-03 00:00:00","Mudon","Al Ranim","Al Ranim 1","","","370000","370000","124","1337.19","2978","276.7","Townhouse","4","","","","","4955","460.34","","G+2","","2025-09-03 00:00:00","Active Listings","","No","","","Brand New 4BR + Maid | Biggest Plot | Park Facing","Dubai Properties",""
"23296430","2025-09-03 00:00:00","Mudon","Al Ranim","Al Ranim 1","","","240000","240000","133","1428.57","1808","168","Apartment","3","","","","","0","0","","","","2025-09-03 00:00:00","Active Listings","","No","","","Modern | 3 Beds + Plus | G plus 2 | Al ranim","Dubai Properties",""
"23288002","2025-09-03 00:00:00","Mudon","Al Ranim","Al Ranim 2","","","190000","190000","86","924.98","2211","205","Townhouse","3","","","","","0","0","","G+1","","2025-09-03 00:00:00","Active Listings","","No","","","Single Row | Close to Park | Maids Room","Dubai Properties",""
"23266094","2025-09-02 00:00:00","Mudon","Al Ranim","Al Ranim 1","","","240000","240000","94","1013.47","2549","237","Townhouse","4","","","","","0","0","","G+1","","2025-09-02 00:00:00","Active Listings","","No","","","Brand New | Garden and Pool View | Vacant","Dubai Properties",""
"17747250","2025-09-02 00:00:00","Mudon","Al Ranim","Al Ranim 1","","","180000","180000","70","754.78","2567","238.55","Townhouse","3","","","","N","1871","173.84","","G+2","","2026-09-01 00:00:00","Rental Contracts","","","","","","Dubai Properties","New"
"23265862","2025-09-02 00:00:00","Mudon","Al Ranim","Al Ranim 1","","","260000","260000","101","1089.83","2568","239","Townhouse","3","","","","","0","0","","G+1","","2025-09-02 00:00:00","Active Listings","","No","","","Ready to Move | Single Row | Opposite to Pool","Dubai Properties",""
"23265873","2025-09-02 00:00:00","Mudon","Al Ranim","Al Ranim 1","","","250000","250000","97","1047.91","2568","239","Townhouse","3","","","","","0","0","","G+1","","2025-09-02 00:00:00","Active Listings","","No","","","Next to Pool and Park | Single Row | Vacant","Dubai Properties",""
"23209314","2025-09-02 00:00:00","Mudon","Al Ranim","Al Ranim 1","","","185000","185000","83","898.19","2217","206","Townhouse","3","","","","","0","0","","G+1","","2025-09-02 00:00:00","Active Listings","","No","","","Keys on Hand | Great Location | Brand New","Dubai Properties",""
"23216850","2025-09-02 00:00:00","Mudon","Al Ranim","Al Ranim 1","","","220000","220000","123","1322.19","1791","166","Townhouse","3","","","","","0","0","","G+1","","2025-09-02 00:00:00","Active Listings","","No","","","3 Bedroom + Maid | Brand New | Single Row","Dubai Properties",""
"23249370","2025-09-02 00:00:00","Mudon","Al Ranim","Al Ranim 1","","","250000","250000","98","1056.95","2546","237","Townhouse","4","","","","","0","0","","G+1","","2025-09-02 00:00:00","Active Listings","","No","","","4 Bedroom | Brand New | Corner Unit | Vacant","Dubai Properties",""
"23209439","2025-09-02 00:00:00","Mudon","Al Ranim","Al Ranim 1","","","260000","260000","91","977.19","2864","266","Townhouse","4","","","","","0","0","","G+1","","2025-09-02 00:00:00","Active Listings","","No","","","4 Bedroom + Maid | Brand New | Corner Unit","Dubai Properties",""
"23275250","2025-09-02 00:00:00","Mudon","Al Ranim","Al Ranim 1","","","195000","195000","112","1202.81","1745","162","Townhouse","3","","","","","0","0","","G+1","","2025-09-02 00:00:00","Active Listings","","No","","","3 Bedroom | Brand New | Opposite Pool And Park","Dubai Properties",""
"23288079","2025-09-01 00:00:00","Mudon","Al Ranim","Al Ranim 2","","","200000","200000","90","970.87","2217","206","Townhouse","3","","","","","2023","187.97","","G+1","","2025-09-01 00:00:00","Active Listings","","No","","","G Plus 1 | Maintained Unit | Green Belt","Dubai Properties",""
"17607971","2025-09-01 00:00:00","Mudon","Al Ranim","Al Ranim 1","","","190000","190000","86","922.33","2217","206","Townhouse","3","","","","N","1902","176.74","","G+1","","2026-08-31 00:00:00","Rental Contracts","","","","","","Dubai Properties","New"
"23266857","2025-09-01 00:00:00","Mudon","Al Ranim","Al Ranim 1","","","320000","320000","106","1138.67","3025","281","Townhouse","4","","","","","0","0","","G+1","","2025-09-01 00:00:00","Active Listings","","No","","","GARDEN VIEW | EXCLUSIVE | Spacious 4 BR","Dubai Properties",""
"17086764","2025-09-01 00:00:00","Mudon","Al Ranim","Al Ranim 1","","","210000","210000","95","1019.57","2217","206","Townhouse","3","","","","N","1804","167.66","Type 3B1","G+1","","2026-08-31 00:00:00","Rental Contracts","","","","","","Dubai Properties","New"
"23214718","2025-09-01 00:00:00","Mudon","Al Ranim","Al Ranim 1","","","220000","220000","99","1068.12","2217","206","Townhouse","3","","","","","0","0","","G+1","","2025-09-01 00:00:00","Active Listings","","No","","","Brand New | Viewing Available | Prime Location","Dubai Properties",""
"17091233","2025-09-01 00:00:00","Mudon","Al Ranim","Al Ranim 1","","","260000","260000","102","1098.07","2548","236.78","Townhouse","4","","","","N","2581","239.86","","G+1","","2026-08-31 00:00:00","Rental Contracts","","","","","","Dubai Properties","New"
"23199405","2025-09-01 00:00:00","Mudon","Al Ranim","Al Ranim 1","","","320000","320000","107","1156.49","2978","276.7","Townhouse","4","","","","","3035","281.99","","G+2","","2025-09-01 00:00:00","Active Listings","","","","","Multiple Options Available | 4BR G + 2 | Brand New","Dubai Properties",""
"23268304","2025-09-01 00:00:00","Mudon","Al Ranim","Al Ranim 1","","","225000","225000","124","1338.81","1809","168","Townhouse","3","","","","","0","0","","G+1","","2025-09-01 00:00:00","Active Listings","","No","","","Garden View | EXCLUSIVE","Dubai Properties",""
"23203335","2025-08-30 00:00:00","Mudon","Al Ranim","Al Ranim 1","","","205000","205000","92","994.86","2218","206","Townhouse","3","","","","","0","0","","G+1","","2025-08-30 00:00:00","Active Listings","","No","","","For Rent | Modern 3-Bedroom Townhouse (G+1) | Al Ranim 1, Mudon","Dubai Properties",""
"23215116","2025-08-30 00:00:00","Mudon","Al Ranim","Al Ranim 1","","","230000","230000","103","1112.67","2225","207","Townhouse","3","","","","","0","0","","G+1","","2025-08-30 00:00:00","Active Listings","","No","","","Single Row I Facing Park I Ready to Move","Dubai Properties",""
"23241243","2025-08-30 00:00:00","Mudon","Al Ranim","Al Ranim 1","","","180000","180000","100","1071.62","1808","168","Townhouse","3","","","","","0","0","","G+1","","2025-08-30 00:00:00","Active Listings","","No","","","Near Pool & Park | Ready To Move | Gated Community","Dubai Properties",""
"23194152","2025-08-30 00:00:00","Mudon","Al Ranim","Al Ranim 1","","","220000","220000","122","1309.76","1808","168","Townhouse","3","","","","","0","0","","G+1","","2025-08-30 00:00:00","Active Listings","","No","","","Park-Facing | Best Rental Deal | Multiple Options","Dubai Properties",""
"23262765","2025-08-30 00:00:00","Mudon","Al Ranim","Al Ranim 1","","","210000","210000","116","1250.22","1808","168","Townhouse","3","","","","","0","0","","G+1","","2025-08-30 00:00:00","Active Listings","","No","","","SPACIOUS 3-BED FOR RENT BIG LAY OUT| GOOD LOCATION","Dubai Properties",""
"23260463","2025-08-30 00:00:00","Mudon","Al Ranim","Al Ranim 1","","","205000","205000","113","1220.46","1808","168","Townhouse","3","","","","","0","0","","G+1","","2025-08-30 00:00:00","Active Listings","","No","","","Deal of the Day| Near Pool & Park | Ready To Move","Dubai Properties",""
"23267143","2025-08-30 00:00:00","Mudon","Al Ranim","Al Ranim 1","","","210000","210000","95","1019.57","2217","206","Townhouse","3","","","","","1845","171.41","","G+1","","2025-08-30 00:00:00","Active Listings","","No","","","Single Row Close To Park Ready To Move Brand New","Dubai Properties",""
"23210569","2025-08-30 00:00:00","Mudon","Al Ranim","Al Ranim 1","","","185000","185000","84","901.03","2210","205","Townhouse","3","","","","","0","0","","G+1","","2025-08-30 00:00:00","Active Listings","","No","","","For Rent | Modern 3 BR Townhouse G+1 | Al Ranim 1 – Mudon","Dubai Properties",""
"23203411","2025-08-30 00:00:00","Mudon","Al Ranim","Al Ranim 1","","","190000","190000","105","1131.15","1808","168","Townhouse","3","","","","","0","0","","G+1","","2025-08-30 00:00:00","Active Listings","","No","","","3 Bedroom Villa _ Spacious Good Location _ Open Layout","Dubai Properties",""
"23187031","2025-08-30 00:00:00","Mudon","Al Ranim","Al Ranim 1","","","195000","195000","104","1121.27","1872","174","Townhouse","3","","","","","0","0","","G+1","","2025-08-30 00:00:00","Active Listings","","No","","","3 BED + Maids |  Single Row  | Close to pool","Dubai Properties",""
"23216224","2025-08-30 00:00:00","Mudon","Al Ranim","Al Ranim 1","","","200000","200000","110","1188.07","1812","168","Townhouse","3","","","","","0","0","","G+1","","2025-08-30 00:00:00","Active Listings","","","","","Vastu Compliant | Single Row | G+1 | Ready to Move","Dubai Properties",""
"23287912","2025-08-30 00:00:00","Mudon","Al Ranim","Al Ranim 1","","","189000","189000","74","799.05","2546","237","Townhouse","4","","","","","0","0","","G+1","","2025-08-30 00:00:00","Active Listings","","No","","","BRAND NEW | VIEWING AVAILABLE | GRAB NOW","Dubai Properties",""
"23199852","2025-08-30 00:00:00","Mudon","Al Ranim","Al Ranim 1","","","190000","190000","101","1092.52","1872","174","Townhouse","3","","","","","0","0","","G+1","","2025-08-30 00:00:00","Active Listings","","No","","","Huge Layout | Brand New | Ready to move","Dubai Properties",""
"23197805","2025-08-30 00:00:00","Mudon","Al Ranim","Al Ranim 1","","","200000","200000","90","971.02","2217","206","Townhouse","3","","","","","0","0","","G+1","","2025-08-30 00:00:00","Active Listings","","No","","","For Rent | Modern 3 BR + Maid Townhouse | G+1 | Al Ranim 1 – Mudon","Dubai Properties",""
"23246446","2025-08-30 00:00:00","Mudon","Al Ranim","Al Ranim 1","","","215000","215000","119","1279.99","1808","168","Townhouse","3","","","","","0","0","","G+1","","2025-08-30 00:00:00","Active Listings","","No","","","Brand New | Facing The Park | Multiple options","Dubai Properties",""
"23252338","2025-08-30 00:00:00","Mudon","Al Ranim","Al Ranim 1","","","220000","220000","122","1309.76","1808","168","Townhouse","3","","","","","0","0","","G+1","","2025-08-30 00:00:00","Active Listings","","No","","","Ready To Move In | Vastu | Multiple Options","Dubai Properties",""
"23224950","2025-08-30 00:00:00","Mudon","Al Ranim","Al Ranim 1","","","220000","220000","99","1068.12","2217","206","Townhouse","3","","","","","0","0","","G+1","","2025-08-30 00:00:00","Active Listings","","No","","","Park Facing | 3 Bed G+1 | Next to Pool","Dubai Properties",""
"23260024","2025-08-30 00:00:00","Mudon","Al Ranim","Al Ranim 1","","","220000","220000","122","1309.06","1809","168","Townhouse","3","","","","","0","0","","G+1","","2025-08-30 00:00:00","Active Listings","","No","","","3 Beds for rent| Spacious lay out | Near amenities","Dubai Properties",""
"19317628","2025-08-30 00:00:00","Mudon","Al Ranim","Al Ranim 1","","","189481","190000","86","922.46","2217","206","Townhouse","3","","","","N","1808","168","","G+1","","2026-08-30 00:00:00","Rental Contracts","","","","","","Dubai Properties","New"
"23186556","2025-08-30 00:00:00","Mudon","Al Ranim","Al Ranim 1","","","190000","190000","101","1092.52","1872","174","Townhouse","3","","","","","0","0","","G+1","","2025-08-30 00:00:00","Active Listings","","No","","","Spacious 3BHK Villa | Ready to Move | Prime Location","Dubai Properties",""
"23224960","2025-08-30 00:00:00","Mudon","Al Ranim","Al Ranim 1","","","190000","190000","86","924.98","2211","205","Townhouse","3","","","","","0","0","","G+1","","2025-08-30 00:00:00","Active Listings","","No","","","Brand New | Single Row | Type 3BM","Dubai Properties",""
"23259268","2025-08-30 00:00:00","Mudon","Al Ranim","Al Ranim 1","","","210000","210000","116","1250.22","1808","168","Townhouse","3","","","","","0","0","","G+1","","2025-08-30 00:00:00","Active Listings","","No","","","Brand New |  Single Row |  Park Facing","Dubai Properties",""
"23083923","2025-08-30 00:00:00","Mudon","Al Ranim","Al Ranim 1","","","200000","200000","111","1190.69","1808","168","Townhouse","3","","","","","0","0","","G+1","","2025-08-30 00:00:00","Active Listings","","No","","","Exclusive l 3 Bedroom l Availabe Immediately","Dubai Properties",""
"23199637","2025-08-30 00:00:00","Mudon","Al Ranim","Al Ranim 1","","","210000","210000","95","1027.45","2200","204","Townhouse","3","","","","","0","0","","G+1","","2025-08-30 00:00:00","Active Listings","","","","","Brand New | Near Park | Single Row &amp; Vacant","Dubai Properties",""
"23214233","2025-08-30 00:00:00","Mudon","Al Ranim","Al Ranim 1","","","194999","194999","105","1133.32","1852","172","Townhouse","3","","","","","0","0","","G+1","","2025-08-30 00:00:00","Active Listings","","No","","","Spacious 3BR TH | Brand New | Appliances","Dubai Properties",""
"23216540","2025-08-30 00:00:00","Mudon","Al Ranim","Al Ranim 1","","","190000","190000","103","1104.91","1851","172","Townhouse","3","","","","","0","0","","G+1","","2025-08-30 00:00:00","Active Listings","","No","","","Brand New | Vacant | Modern Finish |","Dubai Properties",""
"23217055","2025-08-30 00:00:00","Mudon","Al Ranim","Al Ranim 1","","","185000","185000","99","1063.77","1872","174","Townhouse","3","","","","","0","0","","G+1","","2025-08-30 00:00:00","Active Listings","","No","","","3-beds  Brand New | Specious | Prime location","Dubai Properties",""
"17983647","2025-08-30 00:00:00","Mudon","Al Ranim","Al Ranim 1","","","190000","190000","86","922.46","2217","206","Townhouse","3","","","","N","1808","168","","G+1","","2026-08-29 00:00:00","Rental Contracts","","","","","","Dubai Properties","New"
"23224998","2025-08-30 00:00:00","Mudon","Al Ranim","Al Ranim 1","","","194999","194999","88","949.32","2211","205","Townhouse","3","","","","","0","0","","G+1","","2025-08-30 00:00:00","Active Listings","","No","","","Fantabulous Layout | Modern style | Premium Location","Dubai Properties",""
"23223466","2025-08-30 00:00:00","Mudon","Al Ranim","Al Ranim 1","","","219999","219999","114","1228.22","1928","179","Townhouse","3","","","","","0","0","","G+1","","2025-08-30 00:00:00","Active Listings","","No","","","Brand New | Private Garden | Vacant Now","Dubai Properties",""
"23262638","2025-08-30 00:00:00","Mudon","Al Ranim","Al Ranim 1","","","202000","202000","105","1127.74","1928","179","Townhouse","3","","","","","0","0","","G+1","","2025-08-30 00:00:00","Active Listings","","No","","","Modern 3BHK Villa | Brand New | Prime Location in Ranim","Dubai Properties",""
"23187127","2025-08-30 00:00:00","Mudon","Al Ranim","Al Ranim 1","","","220000","220000","99","1064.76","2224","207","Townhouse","3","","","","","0","0","","G+1","","2025-08-30 00:00:00","Active Listings","","No","","","On Pool & Park | Brand new | G + 2","Dubai Properties",""
"23160253","2025-08-30 00:00:00","Mudon","Al Ranim","Al Ranim 1","","","180000","180000","97","1046.15","1852","172","Townhouse","3","","","","","0","0","","G+1","","2025-08-30 00:00:00","Active Listings","","No","","","BrandNew | Great and Tranquil Community | Spacious","Dubai Properties",""
"23247297","2025-08-30 00:00:00","Mudon","Al Ranim","Al Ranim 1","","","240000","240000","80","863.99","2990","278","Townhouse","4","","","","","0","0","","G+1","","2025-08-30 00:00:00","Active Listings","","No","","","G+1 Villa | With Maid Room | Single Row","Dubai Properties",""
"23266243","2025-08-30 00:00:00","Mudon","Al Ranim","Al Ranim 1","","","220000","220000","122","1309.76","1808","168","Townhouse","3","","","","","0","0","","G+1","","2025-08-30 00:00:00","Active Listings","","Yes","","","Green Community | Prime Location | Park Views","Dubai Properties",""
"23194563","2025-08-30 00:00:00","Mudon","Al Ranim","Al Ranim 1","","","200000","200000","111","1190.69","1808","168","Townhouse","3","","","","","0","0","","G+1","","2025-08-30 00:00:00","Active Listings","","No","","","Near Pool and Park | Spacious | Brand New","Dubai Properties",""
"23224011","2025-08-30 00:00:00","Mudon","Al Ranim","Al Ranim 1","","","220000","220000","114","1228.23","1928","179","Townhouse","3","","","","","0","0","","G+1","","2025-08-30 00:00:00","Active Listings","","No","","","3 Beds For rent |  Keys in Hand | Ready to move","Dubai Properties",""
"23187164","2025-08-30 00:00:00","Mudon","Al Ranim","Al Ranim 1","","","220000","220000","99","1064.29","2225","207","Townhouse","3","","","","","0","0","","G+1","","2025-08-30 00:00:00","Active Listings","","No","","","Brand New | Backing On Lagoon | Multiple Options","Dubai Properties",""
"23262684","2025-08-30 00:00:00","Mudon","Al Ranim","Al Ranim 1","","","202000","202000","105","1127.74","1928","179","Townhouse","3","","","","","0","0","","G+1","","2025-08-30 00:00:00","Active Listings","","","","","Brand New - Ready To Move - 3bedroom With Maidroom","Dubai Properties",""
"23092455","2025-08-30 00:00:00","Mudon","Al Ranim","Al Ranim 1","","","230000","230000","103","1112.67","2225","207","Townhouse","3","","","","","0","0","","G+1","","2025-08-30 00:00:00","Active Listings","","No","","","Single Row I Facing Park I Ready to Move","Dubai Properties",""
"23215856","2025-08-30 00:00:00","Mudon","Al Ranim","Al Ranim 1","","","230000","230000","127","1369.29","1808","168","Townhouse","3","","","","","0","0","","G+1","","2025-08-30 00:00:00","Active Listings","","","","","G+2 | Single Row | Brand New | Near Amenities","Dubai Properties",""
"23260915","2025-08-30 00:00:00","Mudon","Al Ranim","Al Ranim 1","","","220000","220000","122","1309.76","1808","168","Townhouse","3","","","","","0","0","","G+1","","2025-08-30 00:00:00","Active Listings","","No","","","Single Row | Park-Facing | With Kitchen Appliances","Dubai Properties",""
"23177210","2025-08-30 00:00:00","Mudon","Al Ranim","Al Ranim 1","","","190000","190000","86","924.98","2211","205","Townhouse","3","","","","","0","0","","G+1","","2025-08-30 00:00:00","Active Listings","","No","","","3BR Townhouse + Maid’s Room | Stunning Garden View and Park View |  Quiet Community","Dubai Properties",""
"23199741","2025-08-30 00:00:00","Mudon","Al Ranim","Al Ranim 1","","","192999","192999","100","1077.48","1928","179","Townhouse","3","","","","","0","0","","G+1","","2025-08-30 00:00:00","Active Listings","","","","","Ready to Move | Single Row | G+1 | Close to Park","Dubai Properties",""
"23225871","2025-08-29 00:00:00","Mudon","Al Ranim","Al Ranim 1","","","265000","265000","103","1105.18","2581","240","Townhouse","4","","","","","0","0","","G+1","","2025-08-29 00:00:00","Active Listings","","No","","","Brand New | Single Row | On the Pool","Dubai Properties",""
"23242778","2025-08-29 00:00:00","Mudon","Al Ranim","Al Ranim 1","","","190000","190000","105","1131.15","1808","168","Townhouse","3","","","","","0","0","","G+1","","2025-08-29 00:00:00","Active Listings","","","","","190K open for Offers | Park Facing | 3BR+ Maid","Dubai Properties",""
"23254054","2025-08-29 00:00:00","Mudon","Al Ranim","Al Ranim 1","","","220000","220000","122","1309.76","1808","168","Townhouse","3","","","","","0","0","","G+1","","2025-08-29 00:00:00","Active Listings","","No","","","Design your dream home | Spacious + Maids Room","Dubai Properties",""
"23224103","2025-08-29 00:00:00","Mudon","Al Ranim","Al Ranim 1","","","200000","200000","90","971.02","2217","206","Townhouse","3","","","","","0","0","","G+1","","2025-08-29 00:00:00","Active Listings","","No","","","Vastu Compliant | Single Row | Green Belt | Large","Dubai Properties",""
"23190579","2025-08-29 00:00:00","Mudon","Al Ranim","Al Ranim 1","","","200000","200000","90","971.02","2217","206","Townhouse","3","","","","","0","0","","G+1","","2025-08-29 00:00:00","Active Listings","","No","","","Brand New | 3BR+Maid | Single Row | Prime Location","Dubai Properties",""
"17083719","2025-08-29 00:00:00","Mudon","Al Ranim","Al Ranim 1","","","210000","210000","95","1019.57","2217","206","Townhouse","3","","","","N","1808","168","","G+1","","2026-08-28 00:00:00","Rental Contracts","","","","","","Dubai Properties","New"
"23214161","2025-08-29 00:00:00","Mudon","Al Ranim","Al Ranim 1","","","210000","210000","116","1250.22","1808","168","Townhouse","3","","","","","0","0","","G+1","","2025-08-29 00:00:00","Active Listings","","No","","","Brand New 3BR + Maid’s | Park Facing | Single Row","Dubai Properties",""
"23178364","2025-08-29 00:00:00","Mudon","Al Ranim","Al Ranim 1","","","200000","200000","111","1190.05","1809","168","Townhouse","3","","","","","0","0","","G+1","","2025-08-29 00:00:00","Active Listings","","No","","","3 Bedroom for rent | Spacious lay out","Dubai Properties",""
"23213971","2025-08-29 00:00:00","Mudon","Al Ranim","Al Ranim 1","","","190000","190000","86","922.46","2217","206","Townhouse","3","","","","","0","0","","G+1","","2025-08-29 00:00:00","Active Listings","","No","","","3 Bedroom | Brand New | Opposite Pool and Park","Dubai Properties",""
"23203497","2025-08-29 00:00:00","Mudon","Al Ranim","Al Ranim 1","","","195000","195000","108","1160.92","1808","168","Townhouse","3","","","","","0","0","","G+1","","2025-08-29 00:00:00","Active Listings","","Yes","","","Spacious Ready Brand New Single Row Prime Location Kitchen furnished","Dubai Properties",""
"23199409","2025-08-29 00:00:00","Mudon","Al Ranim","Al Ranim 1","","","200000","200000","91","978.52","2200","204","Townhouse","3","","","","","0","0","","G+1","","2025-08-29 00:00:00","Active Listings","","","","","On Park | G+1 | Near Pool | Ready to Move","Dubai Properties",""
"23180751","2025-08-29 00:00:00","Mudon","Al Ranim","Al Ranim 1","","","200000","200000","111","1190.69","1808","168","Townhouse","3","","","","","0","0","","G+1","","2025-08-29 00:00:00","Active Listings","","Yes","","","Spacious Ready Brand New Single Row Prime Location Kitchen furnished","Dubai Properties",""
"23247826","2025-08-29 00:00:00","Mudon","Al Ranim","Al Ranim 1","","","239999","239999","109","1168.39","2211","205","Townhouse","3","","","","","0","0","","G+1","","2025-08-29 00:00:00","Active Listings","","No","","","BRAND NEW | VIEWING AVAILABLE | GRAB NOW","Dubai Properties",""
"23247833","2025-08-29 00:00:00","Mudon","Al Ranim","Al Ranim 1","","","189000","189000","74","799.05","2546","237","Townhouse","4","","","","","0","0","","G+1","","2025-08-29 00:00:00","Active Listings","","No","","","BRAND NEW | VIEWING AVAILABLE | GRAB NOW","Dubai Properties",""
"23170020","2025-08-29 00:00:00","Mudon","Al Ranim","Al Ranim 1","","","225000","225000","125","1342.48","1804","168","Townhouse","3","","","","","0","0","","G+1","","2025-08-29 00:00:00","Active Listings","","No","","","3BR+Maid | Park & Pool Facing | Luxe Living","Dubai Properties",""
"23194376","2025-08-28 00:00:00","Mudon","Al Ranim","Al Ranim 1","","","200000","200000","90","974.09","2210","205","Townhouse","3","","","","","0","0","","G+1","","2025-08-28 00:00:00","Active Listings","","No","","","Single Row | Near Park | Multiple Options","Dubai Properties",""
"17099540","2025-08-28 00:00:00","Mudon","Al Ranim","Al Ranim 1","","","190000","190000","86","922.46","2217","206","Townhouse","3","","","","N","1845","171.45","","G+1","","2026-08-27 00:00:00","Rental Contracts","","","","","","Dubai Properties","New"
"23243304","2025-08-28 00:00:00","Mudon","Al Ranim","Al Ranim 1","","","260000","260000","102","1097.93","2549","236.78","Townhouse","4","","","","","2582","239.86","","G+1","","2025-08-28 00:00:00","Active Listings","","No","","","Brand New | Park Facing | 4BR G+1 | Luxe Living","Dubai Properties",""
"23159092","2025-08-28 00:00:00","Mudon","Al Ranim","Al Ranim 1","","","180000","180000","100","1071.62","1808","168","Townhouse","3","","","","","0","0","","G+1","","2025-08-28 00:00:00","Active Listings","","No","","","3 BED |  Single Row  | Prime Location","Dubai Properties",""
"23209122","2025-08-28 00:00:00","Mudon","Al Ranim","Al Ranim 1","","","260000","260000","102","1098.07","2549","236.78","Townhouse","4","","","","","2911","270.42","","G+1","","2025-08-28 00:00:00","Active Listings","","No","","","BRAND-NEW | SINGLE ROW | BACKING PARK","Dubai Properties",""
"17066157","2025-08-28 00:00:00","Mudon","Al Ranim","Al Ranim 1","","","180000","180000","81","873.79","2217","206","Townhouse","3","","","","N","1846","171.52","","G+1","","2026-08-27 00:00:00","Rental Contracts","","","","","","Dubai Properties","New"
"23282097","2025-08-28 00:00:00","Mudon","Al Ranim","Al Ranim 1","","","275000","275000","108","1161.71","2548","237","Townhouse","4","","","","","0","0","","G+1","","2025-08-28 00:00:00","Active Listings","","Yes","","","Single Row | Vastu Unit | Vacant","Dubai Properties",""
"23214779","2025-08-28 00:00:00","Mudon","Al Ranim","Al Ranim 1","","","190000","190000","15","164.22","12454","1157","Townhouse","3","","","","","0","0","","G+1","","2025-08-28 00:00:00","Active Listings","","No","","","Full Park View | Brand New | Handover Completed","Dubai Properties",""
"17461966","2025-08-28 00:00:00","Mudon","Al Ranim","Al Ranim 1","","","193000","193000","87","936.89","2217","206","Townhouse","3","","","","N","1894","175.96","","G+1","","2026-08-27 00:00:00","Rental Contracts","","","","","","Dubai Properties","New"
"23275287","2025-08-27 00:00:00","Mudon","Al Ranim","Al Ranim 1","","","205000","205000","92","995.29","2217","206","Townhouse","3","","","","","1808","168","","G+1","","2025-08-27 00:00:00","Active Listings","","No","","","Brand New Spacious 2bhk villa ! Single Row","Dubai Properties",""
"23157830","2025-08-27 00:00:00","Mudon","Al Ranim","Al Ranim 1","","","224999","224999","101","1092.39","2217","206","Townhouse","3","","","","","0","0","","G+1","","2025-08-27 00:00:00","Active Listings","","No","","","On The Park I Premium Fixtures I Spacious","Dubai Properties",""
"23158717","2025-08-27 00:00:00","Mudon","Al Ranim","Al Ranim 1","","","220000","220000","99","1067.96","2217","206","Townhouse","3","","","","","1805","167.66","","G+1","","2025-08-27 00:00:00","Active Listings","","No","","","Ranim Brand New Single Row Park Facing 3 Bedrooms","Dubai Properties",""
"23243737","2025-08-27 00:00:00","Mudon","Al Ranim","Al Ranim 1","","","225000","225000","101","1088.48","2225","207","Townhouse","3","","","","","0","0","","G+1","","2025-08-27 00:00:00","Active Listings","","No","","","Viewable | On the Pool and Park | Great Location","Dubai Properties",""
"23166438","2025-08-27 00:00:00","Mudon","Al Ranim","Al Ranim 1","","","219999","219999","99","1067.96","2217","206","Townhouse","3","","","","","1805","167.66","","G+1","","2025-08-27 00:00:00","Active Listings","","No","","","Exclusive | Premium | Lowest Price","Dubai Properties",""
"23214351","2025-08-26 00:00:00","Mudon","Al Ranim","Al Ranim 1","","","230000","230000","90","964.16","2568","238.55","Townhouse","3","","","","","1808","168","","G+2","","2025-08-26 00:00:00","Active Listings","","No","","","Brand New | Extra Family Room | G plus 2","Dubai Properties",""
"23263531","2025-08-26 00:00:00","Mudon","Al Ranim","Al Ranim 1","","","240000","240000","94","1013.47","2549","236.78","Townhouse","4","","","","","2990","277.82","","G+1","","2025-08-26 00:00:00","Active Listings","","No","","","Deal of The Day !! | 4 Bedrooms |  240k-4 cheqs","Dubai Properties",""
"23241043","2025-08-26 00:00:00","Mudon","Al Ranim","Al Ranim 1","","","220000","220000","99","1067.96","2217","206","Townhouse","3","","","","","1805","167.66","","G+1","","2025-08-26 00:00:00","Active Listings","","No","","","Park-Facing | Single Row | 3  |  Bed maids","Dubai Properties",""
"23251971","2025-08-25 00:00:00","Mudon","Al Ranim","Al Ranim 1","","","190000","190000","86","924.98","2211","205","Townhouse","3","","","","","0","0","","G+1","","2025-08-25 00:00:00","Active Listings","","No","","","3BR + Maid | Vacant | Family-Friendly Community","Dubai Properties",""
"23260433","2025-08-25 00:00:00","Mudon","Al Ranim","Al Ranim 1","","","200000","200000","90","971.02","2217","206","Townhouse","3","","","","","0","0","","G+1","","2025-08-25 00:00:00","Active Listings","","No","","","3 Bedroom | Brand New | Opposite Pool And Park","Dubai Properties",""
"17081396","2025-08-25 00:00:00","Mudon","Al Ranim","Al Ranim 1","","","190000","190000","86","922.46","2217","206","Townhouse","3","","","","N","1928","179.16","","G+1","","2026-08-24 00:00:00","Rental Contracts","","","","","","Dubai Properties","New"
"23267383","2025-08-25 00:00:00","Mudon","Al Ranim","Al Ranim 1","","","190000","190000","86","922.33","2217","206","Townhouse","3","","","","","1928","179.16","","G+1","","2025-08-25 00:00:00","Active Listings","","No","","","Brand New | 3 bed+ maids | Al ranim 1","Dubai Properties",""
"23219556","2025-08-25 00:00:00","Mudon","Al Ranim","Al Ranim 1","","","190000","190000","86","922.33","2217","206","Townhouse","3","","","","","1812","168.37","","G+1","","2025-08-25 00:00:00","Active Listings","","No","","","Green Belt | Ready to move in | Vastu","Dubai Properties",""
"17079144","2025-08-25 00:00:00","Mudon","Al Ranim","Al Ranim 1","","","221823","220000","86","922.24","2567","238.55","Townhouse","3","","","","N","1808","168","","G+2","","2026-08-21 00:00:00","Rental Contracts","","","","","","Dubai Properties","New"
"19343977","2025-08-25 00:00:00","Mudon","Al Ranim","Al Ranim 1","","","205000","205000","92","995.15","2217","206","Townhouse","3","","","","N","1808","168","","G+1","","2026-08-24 00:00:00","Rental Contracts","","","","","","Dubai Properties","New"
"23183476","2025-08-25 00:00:00","Mudon","Al Ranim","Al Ranim 1","","","259000","259000","98","1052.03","2650","246","Townhouse","4","","","","","0","0","","G+1","","2025-08-25 00:00:00","Active Listings","","No","","","Brand new Spacious 4bhk Villa! Faimly community","Dubai Properties",""
"23224248","2025-08-25 00:00:00","Mudon","Al Ranim","Al Ranim 1","","","190000","190000","86","922.46","2217","206","Townhouse","3","","","","","1928","179.16","","G+1","","2025-08-25 00:00:00","Active Listings","","No","","","Ready to Move , Brand New 3 Bed Plus Maid Villa","Dubai Properties",""
"17066234","2025-08-25 00:00:00","Mudon","Al Ranim","Al Ranim 1","","","200000","200000","90","970.87","2217","206","Townhouse","3","","","","N","1808","168.01","","G+1","","2026-08-24 00:00:00","Rental Contracts","","","","","","Dubai Properties","New"
"23262258","2025-08-24 00:00:00","Mudon","Al Ranim","Al Ranim 1","","","190000","190000","86","922.46","2217","206","Townhouse","3","","","","","1811","168.22","","G+1","","2025-08-24 00:00:00","Active Listings","","No","","","Single row | Pool and park facing | prime location","Dubai Properties",""
"23193684","2025-08-24 00:00:00","Mudon","Al Ranim","Al Ranim 1","","","259000","259000","89","959.33","2906","270","Townhouse","4","","","","","0","0","","G+1","","2025-08-24 00:00:00","Active Listings","","","","","Brand New - Prime Loction - 4 Bedroom With Maidroom","Dubai Properties",""
"23200244","2025-08-24 00:00:00","Mudon","Al Ranim","Al Ranim 1","","","220000","220000","100","1076.37","2200","204","Townhouse","3","","","","","0","0","","G+1","","2025-08-24 00:00:00","Active Listings","","","","","Single Row | Brand New | Near Entrance &amp; Exit","Dubai Properties",""
"23219292","2025-08-23 00:00:00","Mudon","Al Ranim","Al Ranim 1","","","260000","260000","102","1098.07","2549","236.78","Townhouse","4","","","","","2734","253.98","","G+1","","2025-08-23 00:00:00","Active Listings","","No","","","Corner Plot | Vastu | 4BR G+1 | Handover Aug 25","Dubai Properties",""
"23225191","2025-08-23 00:00:00","Mudon","Al Ranim","Al Ranim 1","","","190000","190000","86","922.33","2217","206","Townhouse","3","","","","","1812","168.37","","G+1","","2025-08-23 00:00:00","Active Listings","","No","","","Brand New | Green belt | Multi Cheques","Dubai Properties",""
"17083506","2025-08-23 00:00:00","Mudon","Al Ranim","Al Ranim 1","","","240000","240000","94","1013.86","2548","236.78","Townhouse","4","","","","N","2990","277.82","","G+1","","2026-08-22 00:00:00","Rental Contracts","","","","","","Dubai Properties","New"
"23256312","2025-08-23 00:00:00","Mudon","Al Ranim","Al Ranim 1","","","225000","225000","83","891.72","2716","252","Townhouse","3","","","","","0","0","","G+1","","2025-08-23 00:00:00","Active Listings","","No","","","Kitchen with Appliances l G+2 floors l Park View","Dubai Properties",""
"23189260","2025-08-22 00:00:00","Mudon","Al Ranim","Al Ranim 1","","","195000","195000","88","943.35","2225","207","Townhouse","3","","","","","0","0","","G+1","","2025-08-22 00:00:00","Active Listings","","No","","","Modern 3BR I Fitted Kitchen I Spacious Layout","Dubai Properties",""
"23262782","2025-08-22 00:00:00","Mudon","Al Ranim","Al Ranim 1","","","210000","210000","95","1019.57","2217","206","Townhouse","3","","","","","1808","168","","G+1","","2025-08-22 00:00:00","Active Listings","","","","","Exclusive 3BHK Apartment with Maid’s Room | Annual Rent 210,000","Dubai Properties",""
"23164993","2025-08-22 00:00:00","Mudon","Al Ranim","Al Ranim 1","","","250000","250000","77","834.14","3226","300","Townhouse","4","","","","","0","0","","G+1","","2025-08-22 00:00:00","Active Listings","","No","","","Corner | Single Row | Massive plot","Dubai Properties",""
"23222357","2025-08-22 00:00:00","Mudon","Al Ranim","Al Ranim 1","","","210000","210000","95","1019.42","2217","206","Townhouse","3","","","","","1808","168","","G+1","","2025-08-22 00:00:00","Active Listings","","No","","","Brand New | On The Pool And Park | Prime Location","Dubai Properties",""
"23222116","2025-08-22 00:00:00","Mudon","Al Ranim","Al Ranim 1","","","230000","230000","90","964.16","2568","238.55","Townhouse","3","","","","","1808","168","","G+2","","2025-08-22 00:00:00","Active Listings","","No","","","G Plus 2 | Near To Beach Pool | Handed Over","Dubai Properties",""
"23206759","2025-08-22 00:00:00","Mudon","Al Ranim","Al Ranim 1","","","205000","205000","92","995.29","2217","206","Townhouse","3","","","","","1808","168","","G+1","","2025-08-22 00:00:00","Active Listings","","No","","","Single Row | Park backing | Modern","Dubai Properties",""
"23266672","2025-08-22 00:00:00","Mudon","Al Ranim","Al Ranim 1","","","215000","215000","119","1279.99","1808","168","Townhouse","3","","","","","0","0","","G+1","","2025-08-22 00:00:00","Active Listings","","Yes","","","Band New I Appliances Included I Single Row","Dubai Properties",""
"23172218","2025-08-22 00:00:00","Mudon","Al Ranim","Al Ranim 1","","","219999","219999","99","1068.11","2217","206","Townhouse","3","","","","","1808","168","","G+1","","2025-08-22 00:00:00","Active Listings","","No","","","3Bed+Maid | Brand New | Luxe Living","Dubai Properties",""
"23177091","2025-08-22 00:00:00","Mudon","Al Ranim","Al Ranim 1","","","230000","230000","104","1116.67","2217","206","Townhouse","3","","","","","1808","168","","G+1","","2025-08-22 00:00:00","Active Listings","","No","","","Close to Pool | 3 bed+ maids | Al Ranim 1","Dubai Properties",""
"23252379","2025-08-22 00:00:00","Mudon","Al Ranim","Al Ranim 1","","","220000","220000","99","1068.12","2217","206","Townhouse","3","","","","","1808","168","","G+1","","2025-08-22 00:00:00","Active Listings","","","","","Brand new | Close to pool and park | Vacant","Dubai Properties",""
"23224279","2025-08-22 00:00:00","Mudon","Al Ranim","Al Ranim 1","","","220000","220000","100","1071.03","2211","205","Townhouse","3","","","","","0","0","","G+1","","2025-08-22 00:00:00","Active Listings","","Yes","","","Vacant Now | Brand New | Single Row Unit","Dubai Properties",""
"23225825","2025-08-22 00:00:00","Mudon","Al Ranim","Al Ranim 1","","","195000","195000","88","949.32","2211","205","Townhouse","3","","","","","0","0","","G+1","","2025-08-22 00:00:00","Active Listings","","No","","","Brand New | Single Row | On the Pool &amp; Park","Dubai Properties",""
"23189262","2025-08-21 00:00:00","Mudon","Al Ranim","Al Ranim 1","","","195000","195000","88","949.32","2211","205","Townhouse","3","","","","","0","0","","G+1","","2025-08-21 00:00:00","Active Listings","","No","","","Brand New I Fitted Kitchen I Spacious Layout","Dubai Properties",""
"23240267","2025-08-21 00:00:00","Mudon","Al Ranim","Al Ranim 1","","","199000","199000","90","970.54","2207","205","Townhouse","3","","","","","0","0","","G+1","","2025-08-21 00:00:00","Active Listings","","No","","","Brand New - Ready To Move - Luxurious Villa","Dubai Properties",""
"23164236","2025-08-21 00:00:00","Mudon","Al Ranim","Al Ranim 1","","","185000","185000","83","898.19","2217","206","Townhouse","3","","","","","1854","172.25","","G+1","","2025-08-21 00:00:00","Active Listings","","No","","","Near to Park I Close to Entrance I Brand New","Dubai Properties",""
"23254350","2025-08-21 00:00:00","Mudon","Al Ranim","Al Ranim 1","","","235000","235000","71","760.99","3324","309","Townhouse","4","","","","","0","0","","G+1","","2025-08-21 00:00:00","Active Listings","","No","","","Spacious 4BR | Covered Parking | Big Plot","Dubai Properties",""
"17067868","2025-08-21 00:00:00","Mudon","Al Ranim","Al Ranim 1","","","205000","205000","92","995.15","2217","206","Townhouse","3","","","","N","1808","168","Type 3B1","G+1","","2026-08-20 00:00:00","Rental Contracts","","","","","","Dubai Properties","New"
"23167884","2025-08-21 00:00:00","Mudon","Al Ranim","Al Ranim 1","","","280000","280000","87","934.24","3226","300","Townhouse","4","","","","","0","0","","G+1","","2025-08-21 00:00:00","Active Listings","","No","","","Mudon Al Ranim | Great Location | Open Kitchen","Dubai Properties",""
"23199378","2025-08-21 00:00:00","Mudon","Al Ranim","Al Ranim 1","","","210000","210000","94","1015.92","2225","207","Townhouse","3","","","","","0","0","","G+1","","2025-08-21 00:00:00","Active Listings","","","","","Single Row | Close to Park | Multiple Cheques","Dubai Properties",""
"23226005","2025-08-21 00:00:00","Mudon","Al Ranim","Al Ranim 1","","","259999","259999","102","1097.92","2549","237","Townhouse","4","","","","","0","0","","G+1","","2025-08-21 00:00:00","Active Listings","","No","","","Park Backing | Single Row | Brand New","Dubai Properties",""
"17066140","2025-08-21 00:00:00","Mudon","Al Ranim","Al Ranim 1","","","260000","260000","102","1098.34","2548","236.78","Townhouse","4","","","","N","3226","299.77","","G+1","","2026-08-20 00:00:00","Rental Contracts","","","","","","Dubai Properties","New"
"23218094","2025-08-21 00:00:00","Mudon","Al Ranim","Al Ranim 1","","","210000","210000","116","1250.22","1808","168","Townhouse","3","","","","","0","0","","G+1","","2025-08-21 00:00:00","Active Listings","","No","","","Handed Over| Park Located | Keys in Hand","Dubai Properties",""
"23262641","2025-08-21 00:00:00","Mudon","Al Ranim","Al Ranim 1","","","212000","212000","95","1018.74","2240","208","Townhouse","3","","","","","0","0","","G+1","","2025-08-21 00:00:00","Active Listings","","No","","","Spacious 3BHK Brand New Villa with Private Garden","Dubai Properties",""
"17075939","2025-08-21 00:00:00","Mudon","Al Ranim","Al Ranim 1","","","187000","187000","84","907.77","2217","206","Townhouse","3","","","","N","1812","168.37","","G+1","","2026-08-20 00:00:00","Rental Contracts","","","","","","Dubai Properties","New"
"23226875","2025-08-21 00:00:00","Mudon","Al Ranim","Al Ranim 1","","","199000","199000","90","973.63","2200","204","Townhouse","3","","","","","0","0","","G+1","","2025-08-21 00:00:00","Active Listings","","No","","","Brand New Spacious 3bhk Villa ! Single Row","Dubai Properties",""
"17042221","2025-08-20 00:00:00","Mudon","Al Ranim","Al Ranim 1","","","250000","250000","98","1055.7","2549","236.78","Townhouse","4","","","","N","2615","242.94","","G+1","","2026-08-19 00:00:00","Rental Contracts","","","","","","Dubai Properties","New"
"17039417","2025-08-20 00:00:00","Mudon","Al Ranim","Al Ranim 1","","","190000","190000","86","922.46","2217","206","Townhouse","3","","","","N","1849","171.85","","G+1","","2026-08-19 00:00:00","Rental Contracts","","","","","","Dubai Properties","New"
"23208030","2025-08-20 00:00:00","Mudon","Al Ranim","Al Ranim 1","","","220000","220000","99","1068.12","2217","206","Townhouse","3","","","","","0","0","","G+1","","2025-08-20 00:00:00","Active Listings","","No","","","Single row | Near to park | Handed over","Dubai Properties",""
"17052784","2025-08-20 00:00:00","Mudon","Al Ranim","Al Ranim 1","","","190000","190000","86","922.46","2217","206","Townhouse","3","","","","N","2031","188.76","","G+1","","2026-08-19 00:00:00","Rental Contracts","","","","","","Dubai Properties","New"
"23224226","2025-08-20 00:00:00","Mudon","Al Ranim","Al Ranim 1","","","195000","195000","88","946.74","2217","206","Townhouse","3","","","","","1872","173.93","","G+1","","2025-08-20 00:00:00","Active Listings","","No","","","Single Row | Ready To Move In |  Very Close To Pool And Park","Dubai Properties",""
"23209709","2025-08-20 00:00:00","Mudon","Al Ranim","Al Ranim 1","","","195000","195000","88","946.74","2217","206","Townhouse","3","","","","","1872","173.93","","G+1","","2025-08-20 00:00:00","Active Listings","","No","","","Single Row | Ready To Move In |  Very Close To Pool And Park","Dubai Properties",""
"23225917","2025-08-19 00:00:00","Mudon","Al Ranim","Al Ranim 1","","","190000","190000","85","919.16","2225","207","Townhouse","3","","","","","0","0","","G+1","","2025-08-19 00:00:00","Active Listings","","No","","","Brand New | Single Row | Type 3B1","Dubai Properties",""
"23192397","2025-08-19 00:00:00","Mudon","Al Ranim","Al Ranim 1","","","235000","235000","106","1140.94","2217","206","Townhouse","3","","","","","1808","168","","G+1","","2025-08-19 00:00:00","Active Listings","","No","","","Brand New | Best for Family | Park Pool facing","Dubai Properties",""
"23186802","2025-08-19 00:00:00","Mudon","Al Ranim","Al Ranim 1","","","220000","220000","99","1064.29","2225","207","Townhouse","3","","","","","0","0","","G+1","","2025-08-19 00:00:00","Active Listings","","No","","","Single Row I Near Park I Ready to Move In","Dubai Properties",""
"23186299","2025-08-19 00:00:00","Mudon","Al Ranim","Al Ranim 1","","","220000","220000","100","1071.03","2211","205","Townhouse","3","","","","","0","0","","G+1","","2025-08-19 00:00:00","Active Listings","","No","","","Single Row I Near Gate Entrance I Ready To Move In","Dubai Properties",""
"23217665","2025-08-18 00:00:00","Mudon","Al Ranim","Al Ranim 1","","","200000","200000","90","971.02","2217","206","Townhouse","3","","","","","0","0","","G+1","","2025-08-18 00:00:00","Active Listings","","No","","","3 Bed + Maids | Single Row | Vacant","Dubai Properties",""
"23246598","2025-08-18 00:00:00","Mudon","Al Ranim","Al Ranim 1","","","190000","190000","84","900.56","2271","211","Townhouse","3","","","","","0","0","","G+1","","2025-08-18 00:00:00","Active Listings","","No","","","Single Row|Type 3B1(M)|Brand New|Close to Amenities","Dubai Properties",""
"23250230","2025-08-18 00:00:00","Mudon","Al Ranim","Al Ranim 1","","","199999","199999","90","971.01","2217","206","Townhouse","3","","","","","0","0","","G+1","","2025-08-18 00:00:00","Active Listings","","No","","","Close to Entrance | Lovely layout Gplus1 |Call Now","Dubai Properties",""
"23157607","2025-08-18 00:00:00","Mudon","Al Ranim","Al Ranim 1","","","189999","189999","86","922.46","2217","206","Townhouse","3","","","","","0","0","","G+1","","2025-08-18 00:00:00","Active Listings","","No","","","Brand New | Single Row | Prime Location","Dubai Properties",""
"23224225","2025-08-18 00:00:00","Mudon","Al Ranim","Al Ranim 1","","","220000","220000","99","1068.12","2217","206","Townhouse","3","","","","","1850","171.85","","G+1","","2025-08-18 00:00:00","Active Listings","","No","","","Luxurious 3 Bed Plus Maid Villa - Prime Location","Dubai Properties",""
"23154362","2025-08-18 00:00:00","Mudon","Al Ranim","Al Ranim 1","","","200000","200000","111","1190.69","1808","168","Townhouse","3","","","","","0","0","","G+1","","2025-08-18 00:00:00","Active Listings","","No","","","Brand New On The Park 3 Beds Stylish & Spacious","Dubai Properties",""
"23208659","2025-08-18 00:00:00","Mudon","Al Ranim","Al Ranim 1","","","185000","185000","83","898.19","2217","206","Townhouse","3","","","","","0","0","","G+1","","2025-08-18 00:00:00","Active Listings","","No","","","Vacant & Ready to move in | View now","Dubai Properties",""
"17066195","2025-08-18 00:00:00","Mudon","Al Ranim","Al Ranim 1","","","180000","180000","81","873.91","2217","206","Townhouse","3","","","","N","1808","168","","G+1","","2026-08-17 00:00:00","Rental Contracts","","","","","","Dubai Properties","New"
"23179020","2025-08-15 00:00:00","Mudon","Al Ranim","Al Ranim 1","","","200000","200000","90","971.02","2217","206","Townhouse","3","","","","","1872","173.93","","G+1","","2025-08-15 00:00:00","Active Listings","","No","","","Spacious 3BR | Next to Park | Luxe Living","Dubai Properties",""
"17038873","2025-08-15 00:00:00","Mudon","Al Ranim","Al Ranim 1","","","190000","190000","86","922.46","2217","206","Townhouse","3","","","","N","1808","168","","G+1","","2026-08-14 00:00:00","Rental Contracts","","","","","","Dubai Properties","New"
"23227180","2025-08-15 00:00:00","Mudon","Al Ranim","Al Ranim 1","","","185000","185000","84","905.13","2200","204","Townhouse","3","","","","","0","0","","G+1","","2025-08-15 00:00:00","Active Listings","","No","","","Brand new Spacious 3bhk ! Gated Community! Single Row","Dubai Properties",""
"23178799","2025-08-15 00:00:00","Mudon","Al Ranim","Al Ranim 1","","","210000","210000","95","1022.35","2211","205","Townhouse","3","","","","","0","0","","G+1","","2025-08-15 00:00:00","Active Listings","","No","","","For Rent Modern 3 BR Townhouse G+1 Al Ranim 1","Dubai Properties",""
"23224902","2025-08-15 00:00:00","Mudon","Al Ranim","Al Ranim 1","","","190000","190000","86","922.46","2217","206","Townhouse","3","","","","","1850","171.85","","G+1","","2025-08-15 00:00:00","Active Listings","","No","","","Brand New | Single Row | Type 3BM","Dubai Properties",""
"23245902","2025-08-15 00:00:00","Mudon","Al Ranim","Al Ranim 1","","","190000","190000","86","922.33","2217","206","Townhouse","3","","","","","1852","172.02","","G+1","","2025-08-15 00:00:00","Active Listings","","No","","","Vastu Unit | Near Entrance and Park | G+1","Dubai Properties",""
"23193180","2025-08-15 00:00:00","Mudon","Al Ranim","Al Ranim 1","","","215000","215000","119","1279.99","1808","168","Townhouse","3","","","","","0","0","","G+1","","2025-08-15 00:00:00","Active Listings","","No","","","Brand New- Single Row - Prime Location","Dubai Properties",""
"23250013","2025-08-15 00:00:00","Mudon","Al Ranim","Al Ranim 1","","","195000","195000","88","951.22","2211","205","Townhouse","3","","","","","0","0","","G+1","","2025-08-15 00:00:00","Active Listings","","No","","","Single Row | Brand New | 3 Bedrooms","Dubai Properties",""
"23193439","2025-08-15 00:00:00","Mudon","Al Ranim","Al Ranim 1","","","218000","218000","99","1066.12","2201","204","Townhouse","3","","","","","0","0","","G+1","","2025-08-15 00:00:00","Active Listings","","No","","","Luxurious Townhouse - Ready To Move- Prime Location","Dubai Properties",""
"23185029","2025-08-15 00:00:00","Mudon","Al Ranim","Al Ranim 1","","","215000","215000","119","1279.99","1808","168","Townhouse","3","","","","","0","0","","G+1","","2025-08-15 00:00:00","Active Listings","","No","","","Single Row Brand new luxury villa ! Faimly community","Dubai Properties",""
"23188869","2025-08-15 00:00:00","Mudon","Al Ranim","Al Ranim 1","","","210000","210000","95","1019.42","2217","206","Townhouse","3","","","","","1808","168","","G+1","","2025-08-15 00:00:00","Active Listings","","No","","","Single Row | Park View | Best Deal","Dubai Properties",""
"23207814","2025-08-15 00:00:00","Mudon","Al Ranim","Al Ranim 1","","","220000","220000","99","1068.12","2217","206","Townhouse","3","","","","","0","0","","G+1","","2025-08-15 00:00:00","Active Listings","","No","","","Modern 3-Bedroom G+1 Villa for Rent | Al Ranim 1, Mudon | Ready To Move In","Dubai Properties",""
"23207054","2025-08-15 00:00:00","Mudon","Al Ranim","Al Ranim 1","","","195000","195000","88","949.32","2211","205","Townhouse","3","","","","","0","0","","G+1","","2025-08-15 00:00:00","Active Listings","","No","","","Multiple 3-Bedroom Villas | G+1 Layout | Mudon Al Ranim 1 | Vacant Now","Dubai Properties",""
"16832664","2025-08-15 00:00:00","Mudon","Al Ranim","Al Ranim 1","","","235000","235000","92","985.12","2567","238.55","Townhouse","3","","","","N","1809","168.12","","G+2","","2026-08-14 00:00:00","Rental Contracts","","","","","","Dubai Properties","New"
"23178402","2025-08-15 00:00:00","Mudon","Al Ranim","Al Ranim 1","","","185000","185000","102","1094.16","1820","169","Townhouse","3","","","","","0","0","","G+1","","2025-08-15 00:00:00","Active Listings","","No","","","Brand New Community- Single Row - Garden Side View","Dubai Properties",""
"23193509","2025-08-15 00:00:00","Mudon","Al Ranim","Al Ranim 1","","","200000","200000","90","971.02","2217","206","Townhouse","3","","","","","1872","173.93","","G+1","","2025-08-15 00:00:00","Active Listings","","No","","","Single Row | Brand New | Type 3B1 | Middle Unit","Dubai Properties",""
"23177646","2025-08-15 00:00:00","Mudon","Al Ranim","Al Ranim 1","","","230000","230000","127","1369.29","1808","168","Townhouse","3","","","","","0","0","","G+1","","2025-08-15 00:00:00","Active Listings","","No","","","Brand New Modern 3BHK Villa for Rent in Mudon – AED 230,000 | 1,808 Sq. Ft.","Dubai Properties",""
"23189428","2025-08-15 00:00:00","Mudon","Al Ranim","Al Ranim 1","","","190000","190000","86","922.46","2217","206","Townhouse","3","","","","","1872","173.93","","G+1","","2025-08-15 00:00:00","Active Listings","","No","","","Vastu | Close to the Park | Ready to Move In","Dubai Properties",""
"23224259","2025-08-15 00:00:00","Mudon","Al Ranim","Al Ranim 1","","","260000","260000","99","1070.22","2615","243","Townhouse","4","","","","","0","0","","G+1","","2025-08-15 00:00:00","Active Listings","","No","","","Spacious 4 BR + Maid Villa | On Pool and  Park !!","Dubai Properties",""
"23184835","2025-08-15 00:00:00","Mudon","Al Ranim","Al Ranim 1","","","218000","218000","102","1101.68","2130","198","Townhouse","3","","","","","0","0","","G+1","","2025-08-15 00:00:00","Active Listings","","No","","","Brand New Spacious 3bhk villa ! Prime location","Dubai Properties",""
"23226822","2025-08-15 00:00:00","Mudon","Al Ranim","Al Ranim 1","","","185000","185000","83","898.19","2217","206","Townhouse","3","","","","","1872","173.93","","G+1","","2025-08-15 00:00:00","Active Listings","","No","","","Brand New Spacious 3BR+ Maid Villa For Rent 185k","Dubai Properties",""
"23241172","2025-08-15 00:00:00","Mudon","Al Ranim","Al Ranim 1","","","220000","220000","99","1068.12","2217","206","Townhouse","3","","","","","1928","179.16","","G+1","","2025-08-15 00:00:00","Active Listings","","No","","","Brand New Spacious 3bhk villa ! Single Row ! Faimly community","Dubai Properties",""
"23219937","2025-08-15 00:00:00","Mudon","Al Ranim","Al Ranim 1","","","180000","180000","96","1035.02","1872","174","Townhouse","3","","","","","0","0","","G+1","","2025-08-15 00:00:00","Active Listings","","","","","Single Row | Close To park | Ready to Move","Dubai Properties",""
"23180528","2025-08-15 00:00:00","Mudon","Al Ranim","Al Ranim 1","","","210000","210000","95","1019.57","2217","206","Townhouse","3","","","","","1872","173.93","","G+1","","2025-08-15 00:00:00","Active Listings","","No","","","Brand New | Front of Park | Single Row","Dubai Properties",""
"23206138","2025-08-15 00:00:00","Mudon","Al Ranim","Al Ranim 1","","","195000","195000","88","946.6","2217","206","Townhouse","3","","","","","1872","173.93","","G+1","","2025-08-15 00:00:00","Active Listings","","No","","","Move in Now - Brand New - Single Row","Dubai Properties",""
"23161093","2025-08-14 00:00:00","Mudon","Al Ranim","Al Ranim 1","","","199999","199999","90","970.87","2217","206","Townhouse","3","","","","","1852","172.02","","G+1","","2025-08-14 00:00:00","Active Listings","","No","","","Close to Entrance | Lovely layout Gplus1 |Call Now","Dubai Properties",""
"17039141","2025-08-14 00:00:00","Mudon","Al Ranim","Al Ranim 1","","","182500","182500","82","885.92","2217","206","Townhouse","3","","","","N","1851","172.02","","G+1","","2026-08-13 00:00:00","Rental Contracts","","","","","","Dubai Properties","New"
"23177508","2025-08-13 00:00:00","Mudon","Al Ranim","Al Ranim 1","","","200000","200000","90","971.02","2217","206","Townhouse","3","","","","","1872","173.93","","G+1","","2025-08-13 00:00:00","Active Listings","","Yes","","","Single Row | 3 + Bed maids | Al Ranim 1","Dubai Properties",""
"23213456","2025-08-13 00:00:00","Mudon","Al Ranim","Al Ranim 1","","","195000","195000","88","946.74","2217","206","Townhouse","3","","","","","1872","173.93","","G+1","","2025-08-13 00:00:00","Active Listings","","No","","","Single Row | Brand New | 3 Bedrooms","Dubai Properties",""
"23173915","2025-08-12 00:00:00","Mudon","Al Ranim","Al Ranim 1","","","190000","190000","103","1104.91","1851","172","Townhouse","3","","","","","0","0","","G+1","","2025-08-12 00:00:00","Active Listings","","No","","","Vastu Unit | Near Entrance and Park | G+1","Dubai Properties",""
"16954696","2025-08-12 00:00:00","Mudon","Al Ranim","Al Ranim 1","","","180000","180000","81","873.79","2217","206","Townhouse","3","","","","N","1829","170.01","","G+1","","2026-08-11 00:00:00","Rental Contracts","","","","","","Dubai Properties","New"
"16990101","2025-08-12 00:00:00","Mudon","Al Ranim","Al Ranim 1","","","230000","230000","90","971.24","2549","236.78","Townhouse","4","","","","N","3289","305.57","","G+1","","2026-08-11 00:00:00","Rental Contracts","","","","","","Dubai Properties","New"
"23183561","2025-08-12 00:00:00","Mudon","Al Ranim","Al Ranim 1","","","230000","230000","103","1112.67","2225","207","Townhouse","3","","","","","0","0","","G+1","","2025-08-12 00:00:00","Active Listings","","No","","","Multiple Options | On Pool and Park | Great Deal","Dubai Properties",""
"23218873","2025-08-11 00:00:00","Mudon","Al Ranim","Al Ranim 1","","","195000","195000","88","946.6","2217","206","Townhouse","3","","","","","1937","179.97","","G+1","","2025-08-11 00:00:00","Active Listings","","No","","","Park Facing | Prime location | Close to pool","Dubai Properties",""
"23110684","2025-08-10 00:00:00","Mudon","Al Ranim","Al Ranim 1","","","250000","250000","97","1048","2568","238.55","Townhouse","3","","","","","1808","168","","G+2","","2025-08-10 00:00:00","Active Listings","","No","","","G+2 | 3Bed | Handover Soon","Dubai Properties",""
"16832561","2025-08-10 00:00:00","Mudon","Al Ranim","Al Ranim 1","","","170000","170000","77","825.24","2217","206","Townhouse","3","","","","N","1808","168","","G+1","","2026-08-09 00:00:00","Rental Contracts","","","","","","Dubai Properties","New"
"17009999","2025-08-10 00:00:00","Mudon","Al Ranim","Al Ranim 1","","","220000","220000","99","1068.12","2217","206","Townhouse","3","","","","N","1872","173.93","","G+1","","2026-08-09 00:00:00","Rental Contracts","","","","","","Dubai Properties","New"
"23110991","2025-08-10 00:00:00","Mudon","Al Ranim","Al Ranim 1","","","195000","195000","88","946.6","2217","206","Townhouse","3","","","","","1937","179.97","","G+1","","2025-08-10 00:00:00","Active Listings","","No","","","New 3 Bed + Maid villa -with Kitchen Appliances !","Dubai Properties",""
"17981341","2025-08-09 00:00:00","Mudon","Al Ranim","Al Ranim 1","","","194822","585000","88","946.74","2217","206","Townhouse","3","","","","N","1937","179.97","","G+1","","2028-08-08 00:00:00","Rental Contracts","","","","","","Dubai Properties","New"
"23109280","2025-08-09 00:00:00","Mudon","Al Ranim","Al Ranim 1","","","200000","200000","90","970.87","2217","206","Townhouse","3","","","","","1808","168","","G+1","","2025-08-09 00:00:00","Active Listings","","No","","","Single Row | 3BR G + 1 | Park View","Dubai Properties",""
"23109033","2025-08-09 00:00:00","Mudon","Al Ranim","Al Ranim 1","","","180000","180000","81","873.79","2217","206","Townhouse","3","","","","","1808","168","","G+1","","2025-08-09 00:00:00","Active Listings","","No","","","Park & Swimming Pool View | Spacious Home | Available Now","Dubai Properties",""
"23109557","2025-08-09 00:00:00","Mudon","Al Ranim","Al Ranim 1","","","200000","200000","110","1182.87","1820","169","Townhouse","3","","","","","0","0","","G+1","","2025-08-09 00:00:00","Active Listings","","No","","","Brand New Spacious 3bhk villa ! Faimly community!Full of Facilities","Dubai Properties",""
"23109047","2025-08-09 00:00:00","Mudon","Al Ranim","Al Ranim 1","","","220000","220000","99","1068.12","2217","206","Townhouse","3","","","","","2032","188.76","","G+1","","2025-08-09 00:00:00","Active Listings","","No","","","Brand New - Luxurious Townhouse G+1 - Next To Park","Dubai Properties",""
"23109065","2025-08-09 00:00:00","Mudon","Al Ranim","Al Ranim 1","","","200000","200000","110","1182.87","1820","169","Townhouse","3","","","","","0","0","","G+1","","2025-08-09 00:00:00","Active Listings","","No","","","Luxury Living | 3BR+Maid Villa | Brand New | 200K | Single Row","Dubai Properties",""
"23109077","2025-08-09 00:00:00","Mudon","Al Ranim","Al Ranim 1","","","230000","230000","104","1116.67","2217","206","Townhouse","3","","","","","1808","168","","G+1","","2025-08-09 00:00:00","Active Listings","","No","","","Brand New Community- 3bedroom+Maidroom- Park Or Pool View","Dubai Properties",""
"23109087","2025-08-09 00:00:00","Mudon","Al Ranim","Al Ranim 1","","","200000","200000","110","1182.87","1820","169","Townhouse","3","","","","","0","0","","G+1","","2025-08-09 00:00:00","Active Listings","","No","","","Brand New Spacious 3BR+ Maid Villa For Rent 200k","Dubai Properties",""
"23109109","2025-08-09 00:00:00","Mudon","Al Ranim","Al Ranim 1","","","220000","220000","99","1068.12","2217","206","Townhouse","3","","","","","2032","188.76","","G+1","","2025-08-09 00:00:00","Active Listings","","No","","","Brand New Spacious 3bhk Villa ! Prime location","Dubai Properties",""
"23106840","2025-08-08 00:00:00","Mudon","Al Ranim","Al Ranim 1","","","300000","300000","101","1084.21","2978","276.7","Townhouse","4","","","","","3035","281.99","","G+2","","2025-08-08 00:00:00","Active Listings","","No","","","Vacant | Park Facing | Brand New","Dubai Properties",""
"23103806","2025-08-08 00:00:00","Mudon","Al Ranim","Al Ranim 1","","","219999","219999","99","1067.96","2217","206","Townhouse","3","","","","","1805","167.66","","G+1","","2025-08-08 00:00:00","Active Listings","","No","","","Ranim Single Row Park Facing Middle 4 Beds","Dubai Properties",""
"23106878","2025-08-08 00:00:00","Mudon","Al Ranim","Al Ranim 1","","","230000","230000","90","964.81","2566","238","Townhouse","3","","","","","0","0","","G+1","","2025-08-08 00:00:00","Active Listings","","No","","","Mortgage | G + 1 | Park View | Ready To Move in","Dubai Properties",""
"23105358","2025-08-08 00:00:00","Mudon","Al Ranim","Al Ranim 1","","","365000","365000","123","1319.12","2978","276.7","Townhouse","4","","","","","4955","460.34","","G+2","","2025-08-08 00:00:00","Active Listings","","No","","","4 Bed G+2 | Largest Plot | Park Facing","Dubai Properties",""
"23106894","2025-08-08 00:00:00","Mudon","Al Ranim","Al Ranim 1","","","199995","199995","90","970.85","2217","206","Townhouse","3","","","","","1937","179.97","","G+1","","2025-08-08 00:00:00","Active Listings","","No","","","Brand New | Single Row | Type 3BM","Dubai Properties",""
"23107164","2025-08-08 00:00:00","Mudon","Al Ranim","Al Ranim 1","","","220000","220000","99","1067.96","2217","206","Townhouse","3","","","","","1805","167.66","","G+1","","2025-08-08 00:00:00","Active Listings","","No","","","Park Facing | 3 Bed G+1 | Next to Pool","Dubai Properties",""
"23106910","2025-08-08 00:00:00","Mudon","Al Ranim","Al Ranim 1","","","195000","195000","88","946.6","2217","206","Townhouse","3","","","","","1872","173.93","","G+1","","2025-08-08 00:00:00","Active Listings","","No","","","Single Row | Ready To Move In |  Very Close To Pool And Park","Dubai Properties",""
"23106708","2025-08-08 00:00:00","Mudon","Al Ranim","Al Ranim 1","","","190000","190000","86","922.46","2217","206","Townhouse","3","","","","","2032","188.76","","G+1","","2025-08-08 00:00:00","Active Listings","","No","","","Brand New | Single Row | Type 3B1","Dubai Properties",""
"23107488","2025-08-08 00:00:00","Mudon","Al Ranim","Al Ranim 1","","","190000","190000","86","922.46","2217","206","Townhouse","3","","","","","1850","171.85","","G+1","","2025-08-08 00:00:00","Active Listings","","No","","","Brand New | Single Row | Type 3BM","Dubai Properties",""
"23104938","2025-08-08 00:00:00","Mudon","Al Ranim","Al Ranim 1","","","190000","190000","86","922.46","2217","206","Townhouse","3","","","","","1928","179.16","","G+1","","2025-08-08 00:00:00","Active Listings","","No","","","Brand New | Single Row | Type 3BM","Dubai Properties",""
"16825793","2025-08-08 00:00:00","Mudon","Al Ranim","Al Ranim 1","","","190000","190000","86","922.46","2217","206","Townhouse","3","","","","N","1854","172.25","","G+1","","2026-08-07 00:00:00","Rental Contracts","","","","","","Dubai Properties","New"
"23106780","2025-08-08 00:00:00","Mudon","Al Ranim","Al Ranim 1","","","259999","259999","102","1098.06","2549","236.78","Townhouse","4","","","","","3227","299.77","","G+1","","2025-08-08 00:00:00","Active Listings","","No","","","Park Backing | Single Row | Brand New","Dubai Properties",""
"23105248","2025-08-08 00:00:00","Mudon","Al Ranim","Al Ranim 1","","","200000","200000","90","971.02","2217","206","Townhouse","3","","","","","1810","168.16","","G+1","","2025-08-08 00:00:00","Active Listings","","No","","","Single Row | Brand New | Next to Pool","Dubai Properties",""
"23104994","2025-08-08 00:00:00","Mudon","Al Ranim","Al Ranim 1","","","190000","190000","86","922.46","2217","206","Townhouse","3","","","","","1808","168","","G+1","","2025-08-08 00:00:00","Active Listings","","No","","","Brand New | Single Row | Near Pool and Park","Dubai Properties",""
"23104998","2025-08-08 00:00:00","Mudon","Al Ranim","Al Ranim 1","","","250000","250000","98","1055.83","2549","236.78","Townhouse","4","","","","","2911","270.42","","G+1","","2025-08-08 00:00:00","Active Listings","","No","","","Brand New | Park Facing | Vacant","Dubai Properties",""
"23100934","2025-08-07 00:00:00","Mudon","Al Ranim","Al Ranim 1","","","210000","210000","95","1019.57","2217","206","Townhouse","3","","","","","0","0","","G+1","","2025-08-07 00:00:00","Active Listings","","","","","Single Row | 3BR + Maid | Mid Unit | Ready Q4 2025","Dubai Properties",""
"23102480","2025-08-07 00:00:00","Mudon","Al Ranim","Al Ranim 1","","","260000","260000","102","1098.07","2549","236.78","Townhouse","4","","","","","2911","270.42","","G+1","","2025-08-07 00:00:00","Active Listings","","No","","","Park Facing |  Big Plot  | G+1 Layout","Dubai Properties",""
"23101994","2025-08-07 00:00:00","Mudon","Al Ranim","Al Ranim 1","","","330000","330000","111","1192.63","2978","276.7","Townhouse","4","","","","","4955","460.34","","G+2","","2025-08-07 00:00:00","Active Listings","","No","","","Huge Plot 4955 sqft l  Brand New l Corner G+2","Dubai Properties",""
"23101742","2025-08-07 00:00:00","Mudon","Al Ranim","Al Ranim 1","","","210000","210000","95","1019.57","2217","206","Townhouse","3","","","","","1859","172.72","","G+1","","2025-08-07 00:00:00","Active Listings","","No","","","Brand New | 3 Bed | Handover soon","Dubai Properties",""
"23102644","2025-08-07 00:00:00","Mudon","Al Ranim","Al Ranim 1","","","185000","185000","83","898.06","2217","206","Townhouse","3","","","","","1872","173.93","","G+1","","2025-08-07 00:00:00","Active Listings","","No","","","3-beds  Brand New | Specious | Prime location","Dubai Properties",""
"23099288","2025-08-06 00:00:00","Mudon","Al Ranim","Al Ranim 1","","","200000","200000","90","973.66","2211","205","Townhouse","3","","","","","0","0","","G+1","","2025-08-06 00:00:00","Active Listings","","No","","","Prime Location | Brand New | Near Park","Dubai Properties",""
"23095152","2025-08-05 00:00:00","Mudon","Al Ranim","Al Ranim 1","","","190000","190000","86","922.33","2217","206","Townhouse","3","","","","","1937","179.97","","G+1","","2025-08-05 00:00:00","Active Listings","","No","","","BRIGHT HOME | BRAND NEW | NEAR SCHOOLS","Dubai Properties",""
"23095753","2025-08-05 00:00:00","Mudon","Al Ranim","Al Ranim 1","","","189000","189000","85","920.11","2211","205","Townhouse","3","","","","","0","0","","G+1","","2025-08-05 00:00:00","Active Listings","","No","","","Single Row | Keys in Hand | Ready to move","Dubai Properties",""
"23095263","2025-08-05 00:00:00","Mudon","Al Ranim","Al Ranim 1","","","260000","260000","87","939.75","2978","276.7","Townhouse","4","","","","","2584","240.07","","G+2","","2025-08-05 00:00:00","Active Listings","","Yes","","","Park Facing | G+2 | Brand New | Spacious","Dubai Properties",""
"23092271","2025-08-04 00:00:00","Mudon","Al Ranim","Al Ranim 1","","","220000","220000","99","1068.12","2217","206","Townhouse","3","","","","","1916","177.99","","G+1","","2025-08-04 00:00:00","Active Listings","","No","","","Brand New | Viewing Available | Prime Location","Dubai Properties",""
"23092442","2025-08-04 00:00:00","Mudon","Al Ranim","Al Ranim 1","","","190000","190000","86","922.46","2217","206","Townhouse","3","","","","","1845","171.45","","G+1","","2025-08-04 00:00:00","Active Listings","","No","","","3 Bedroom | Brand New | Opposite Pool and Park","Dubai Properties",""
"23086871","2025-08-02 00:00:00","Mudon","Al Ranim","Al Ranim 1","","","260000","260000","101","1089.83","2568","239","Townhouse","3","","","","","0","0","","G+1","","2025-08-02 00:00:00","Active Listings","","No","","","Big Plot/direct on the park/ the pool/3bedroom G+2","Dubai Properties",""
"23086972","2025-08-02 00:00:00","Mudon","Al Ranim","Al Ranim 1","","","195000","195000","88","946.74","2217","206","Townhouse","3","","","","","1872","173.93","","G+1","","2025-08-02 00:00:00","Active Listings","","No","","","Single Row | Ready To Move In |  Very Close To Pool And Park","Dubai Properties",""
"23086720","2025-08-02 00:00:00","Mudon","Al Ranim","Al Ranim 1","","","200000","200000","90","971.02","2217","206","Townhouse","3","","","","","0","0","","G+1","","2025-08-02 00:00:00","Active Listings","","No","","","3 Bedroom+Maid | New Handover | Spacious Layout","Dubai Properties",""
"23085352","2025-08-01 00:00:00","Mudon","Al Ranim","Al Ranim 1","","","240000","240000","133","1427.3","1810","168","Townhouse","3","","","","","0","0","","G+1","","2025-08-01 00:00:00","Active Listings","","No","","","3BD G+2 | Close to Park | Pool View","Dubai Properties",""
"23085353","2025-08-01 00:00:00","Mudon","Al Ranim","Al Ranim 1","","","240000","240000","91","980.39","2635","245","Townhouse","4","","","","","0","0","","G+1","","2025-08-01 00:00:00","Active Listings","","Yes","","","BrandNew | Great and Tranquil Community | Spacious","Dubai Properties",""
"23085106","2025-08-01 00:00:00","Mudon","Al Ranim","Al Ranim 1","","","190000","190000","86","922.46","2217","206","Townhouse","3","","","","","1845","171.45","","G+1","","2025-08-01 00:00:00","Active Listings","","No","","","3 Bedroom | Brand New | Opposite Pool and Park","Dubai Properties",""
"23085137","2025-08-01 00:00:00","Mudon","Al Ranim","Al Ranim 1","","","260000","260000","102","1098.07","2549","236.78","Townhouse","4","","","","","2911","270.42","","G+1","","2025-08-01 00:00:00","Active Listings","","No","","","BRAND-NEW | SINGLE ROW | BACKING PARK","Dubai Properties",""
"23084951","2025-08-01 00:00:00","Mudon","Al Ranim","Al Ranim 1","","","185000","185000","83","898.19","2217","206","Townhouse","3","Community,Park","","","","1896","176.15","","G+1","","2025-08-01 00:00:00","Active Listings","","No","","","Keys on Hand | Great Location | Brand New","Dubai Properties",""
"23085223","2025-08-01 00:00:00","Mudon","Al Ranim","Al Ranim 1","","","260000","260000","91","977.19","2864","266","Townhouse","4","","","","","0","0","","G+1","","2025-08-01 00:00:00","Active Listings","","No","","","4 Bedroom | Brand New | Opposite Pool & Park","Dubai Properties",""
"16771808","2025-08-01 00:00:00","Mudon","Al Ranim","Al Ranim 1","","","240000","240000","94","1013.6","2548","236.78","Townhouse","4","","","","N","2635","244.83","","G+1","","2026-07-31 00:00:00","Rental Contracts","","","","","","Dubai Properties","New"
"23082216","2025-07-31 00:00:00","Mudon","Al Ranim","Al Ranim 1","","","245000","245000","95","1027.73","2566","238","Townhouse","3","","","","","0","0","","G+1","","2025-07-31 00:00:00","Active Listings","","No","","","Mortgage | G + 2 | Park View | Ready To Move in","Dubai Properties",""
"23079597","2025-07-30 00:00:00","Mudon","Al Ranim","Al Ranim 1","","","260000","260000","99","1062.09","2635","245","Townhouse","4","","","","","0","0","","G+1","","2025-07-30 00:00:00","Active Listings","","","","","Brand New 4BR+M Corner Townhouse | Park View | Smeg Kitchen | Mudon Al Ranim 1","Dubai Properties",""
"23071927","2025-07-27 00:00:00","Mudon","Al Ranim","Al Ranim 1","","","190000","190000","86","922.33","2217","206","Townhouse","3","","","","","1852","172.02","","G+1","","2025-07-27 00:00:00","Active Listings","","No","","","Close to Park | G+1 | Handed Over","Dubai Properties",""
"23070728","2025-07-26 00:00:00","Mudon","Al Ranim","Al Ranim 1","","","250000","250000","95","1020.87","2636","245","Townhouse","4","","","","","0","0","","G+1","","2025-07-26 00:00:00","Active Listings","","No","","","Park Facing | Ready to Move In | Modern Design","Dubai Properties",""
"23068193","2025-07-25 00:00:00","Mudon","Al Ranim","Al Ranim 1","","","190000","190000","101","1090.76","1875","174","Townhouse","3","","","","","0","0","","G+1","","2025-07-25 00:00:00","Active Listings","","No","","","Bright 3Bed | Brand New | Equipped Kitchen","Dubai Properties",""
"23068984","2025-07-25 00:00:00","Mudon","Al Ranim","Al Ranim 1","","","249900","249900","95","1020.83","2635","245","Townhouse","4","","","","","0","0","","G+1","","2025-07-25 00:00:00","Active Listings","","No","","","Brand New | Park Facing | Ready to Move In","Dubai Properties",""
"23068489","2025-07-25 00:00:00","Mudon","Al Ranim","Al Ranim 1","","","270000","270000","106","1141.5","2546","237","Townhouse","4","","","","","0","0","","G+1","","2025-07-25 00:00:00","Active Listings","","No","","","Brand new | On Park | Near Entrance.","Dubai Properties",""
"23068756","2025-07-25 00:00:00","Mudon","Al Ranim","Al Ranim 1","","","250000","250000","95","1021.24","2635","245","Townhouse","4","","","","","0","0","","G+1","","2025-07-25 00:00:00","Active Listings","","No","","","Brand New | 4 BR + Maid | Corner Unit | Vacant","Dubai Properties",""
"23068303","2025-07-25 00:00:00","Mudon","Al Ranim","Al Ranim 1","","","280000","280000","65","695.89","4331","402","Townhouse","4","","","","","0","0","","G+1","","2025-07-25 00:00:00","Active Listings","","No","","","Community View | Prime Location | Spacious Villa","Dubai Properties",""
"23068595","2025-07-25 00:00:00","Mudon","Al Ranim","Al Ranim 1","","","180000","180000","81","873.91","2217","206","Townhouse","3","","","","","0","0","","G+1","","2025-07-25 00:00:00","Active Listings","","No","","","Luxurious Townhouse | Brand New | Vacant","Dubai Properties",""
"23068372","2025-07-25 00:00:00","Mudon","Al Ranim","Al Ranim 1","","","250000","250000","138","1486.77","1810","168","Townhouse","3","","","","","0","0","","G+1","","2025-07-25 00:00:00","Active Listings","","No","","","Close to Park | Ready to move in | Brand New","Dubai Properties",""
"23064107","2025-07-24 00:00:00","Mudon","Al Ranim","Al Ranim 1","","","194000","194000","88","941.88","2217","206","Townhouse","3","","","","","1808","168","","G+1","","2025-07-24 00:00:00","Active Listings","","No","","","Branded New | Ready to Move In | Keys on Hand","Dubai Properties",""
"16754228","2025-07-22 00:00:00","Mudon","Al Ranim","Al Ranim 1","","","180000","180000","81","873.79","2217","206","Townhouse","3","","","","N","1808","168","","G+1","","2026-07-21 00:00:00","Rental Contracts","","","","","","Dubai Properties","New"
"23059307","2025-07-22 00:00:00","Mudon","Al Ranim","Al Ranim 1","","","200000","200000","111","1190.69","1808","168","Townhouse","3","","","","","0","0","","G+1","","2025-07-22 00:00:00","Active Listings","","No","","","Near Pool and Park | Spacious | Brand New","Dubai Properties",""
"23059711","2025-07-22 00:00:00","Mudon","Al Ranim","Al Ranim 1","","","185000","185000","83","898.19","2217","206","Townhouse","3","","","","","0","0","","G+1","","2025-07-22 00:00:00","Active Listings","","No","","","3 Bed G+1 | Single Row | Brand New","Dubai Properties",""
"16748842","2025-07-20 00:00:00","Mudon","Al Ranim","Al Ranim 1","","","183952","190000","83","895.35","2217","206","Townhouse","3","","","","N","1812","168.37","","G+1","","2026-07-31 00:00:00","Rental Contracts","","","","","","Dubai Properties","New"
"23050968","2025-07-18 00:00:00","Mudon","Al Ranim","Al Ranim 1","","","194000","194000","88","941.88","2217","206","Townhouse","3","","","","","1808","168","","G+1","","2025-07-18 00:00:00","Active Listings","","No","","","Branded New | Ready to Move In | Keys on Hand","Dubai Properties",""
"23047944","2025-07-17 00:00:00","Mudon","Al Ranim","Al Ranim 1","","","170000","170000","77","825.36","2217","206","Townhouse","3","","","","","1808","168","","G+1","","2025-07-17 00:00:00","Active Listings","","No","","","Park-Facing 3+M Villa-Single Row-Mudon Al Ranim 1","Dubai Properties",""
"23045380","2025-07-16 00:00:00","Mudon","Al Ranim","Al Ranim 1","","","175000","175000","79","849.64","2217","206","Townhouse","3","","","","","0","0","","G+1","","2025-07-16 00:00:00","Active Listings","","No","","","Keys on Hand | Great Location | Brand New","Dubai Properties",""
"16753746","2025-07-15 00:00:00","Mudon","Al Ranim","Al Ranim 1","","","171990","180000","78","837.09","2217","206","Townhouse","3","Community,Road,Walkway","","","N","1875","174.22","Type 3B1","G+1","","2026-07-31 00:00:00","Rental Contracts","","","","","","Dubai Properties","New"
"23039467","2025-07-14 00:00:00","Mudon","Al Ranim","Al Ranim 1","","","185000","185000","83","898.19","2217","206","Townhouse","3","","","","","1875","174.22","","G+1","","2025-07-14 00:00:00","Active Listings","","No","","","Close to Park | Move in by 15th July | Single Row","Dubai Properties",""
"23024819","2025-07-08 00:00:00","Mudon","Al Ranim","Al Ranim 1","","","200000","200000","107","1150.02","1872","174","Townhouse","3","","","","","0","0","","G+1","","2025-07-08 00:00:00","Active Listings","","No","","","Available from July 15th| Brand New |Single Row G1","Dubai Properties",""
"23013343","2025-07-03 00:00:00","Mudon","Al Ranim","Al Ranim 1","","","200000","200000","107","1150.02","1872","174","Townhouse","3","","","","","0","0","","G+1","","2025-07-03 00:00:00","Active Listings","","No","","","Available from July 15th| Brand New |Single Row G1","Dubai Properties",""
"23013107","2025-07-03 00:00:00","Mudon","Al Ranim","Al Ranim 1","","","189999","189999","86","922.33","2217","206","Townhouse","3","","","","","1852","172.02","","G+1","","2025-07-03 00:00:00","Active Listings","","No","","","Soon To Be Handed Over I Multiple Units","Dubai Properties",""
