"id","custom_date","master_development","sub_loc_1","sub_loc_2","sub_loc_3","sub_loc_4","total_sales_price_val","sales_price_sqft_unit","sales_price_sqm_unit","unit_size_sqft","unit_size_sqm","unit_type","no_beds","custom_view","maid","study","balcony","plot_size_sqft","plot_size_sqm","developer_type","floor_level","evdnc_name","comments","dev_name","unit_no","sale_sequence"
"10176847","2025-03-22","Mudon","Al Ranim","","","","3000000","1280","13761","2344","218","Townhouse","3","","NULL","NULL","","0","0","NULL","G+1","Active Listings","Phase 5 | Gated Community | Big Plot","Dubai Properties","",""
"10861449","2025-09-10","Mudon","Al Ranim","","","","4100000","1609","17300","2548","237","Townhouse","4","","NULL","NULL","","0","0","NULL","G+1","Active Listings","Brand New | Prime Location | Genuine Sale","Dubai Properties","",""
"10371350","2025-06-03","Mudon","Al Ranim","","","","3999999","1332","14337","3003","279","Townhouse","4","","NULL","NULL","","0","0","NULL","G+1","Active Listings","Luxury G+2 Villa | Close to Pool | Best Price","Dubai Properties","",""
"10936251","2025-08-30","Mudon","Al Ranim","","","","3100000","1505","16230","2060","191","Townhouse","3","","NULL","NULL","","0","0","NULL","G+1","Active Listings","HOT DEAL | SINGLE ROW | VERY NEAR TO PARK |","Dubai Properties","",""
"10484529","2025-05-27","Mudon","Al Ranim","","","","3950000","1358","14630","2908","270","Townhouse","4","","NULL","NULL","","0","0","NULL","G+1","Active Listings","Large Plot | Near Amenities | Genuine Resale","Dubai Properties","",""
"10472557","2025-02-20","Mudon","Al Ranim","","","","2500000","1128","12136","2217","206","Townhouse","3","","NULL","NULL","","0","0","NULL","G+1","Active Listings","Competitive Price | Motivated Seller | Prime Location","Dubai Properties","",""
"10961705","2025-08-18","Mudon","Al Ranim","","","","3000000","1277","13761","2350","218","Townhouse","3","","NULL","NULL","","0","0","NULL","G+1","Active Listings","Single Row | 3 Bedroom Townhouse | Best Location!","Dubai Properties","",""
"10091348","2025-02-19","Mudon","Al Ranim","","","","4300000","1444","15523","2977","277","Townhouse","4","","NULL","NULL","","0","0","NULL","G+1","Active Listings","Great Location | Big Plot | Greenery View","Dubai Properties","",""
"10358745","2025-05-29","Mudon","Al Ranim","","","","4500000","1511","16245","2978","277","Townhouse","4","","NULL","NULL","","0","0","NULL","G+1","Active Listings","Mortgage Accepted | Direct Facing Park | Plot 3031 SQ FT | Corner | Single Row","Dubai Properties","",""
"10273586","2025-04-28","Mudon","Al Ranim","","","","2850000","1215","13073","2345","218","Townhouse","3","","NULL","NULL","","0","0","NULL","G+1","Active Listings","SINGLE ROW | PAID 55% | BEST PRICE","Dubai Properties","",""
"10730301","2025-07-21","Mudon","Al Ranim","","","","4000000","1331","14337","3005","279","Townhouse","4","","NULL","NULL","","0","0","NULL","G+1","Active Listings","Corner unit |  Big Plot | Next to Park and Pool","Dubai Properties","",""
"10349161","2025-05-27","Mudon","Al Ranim","","","","3400000","1450","15596","2345","218","Townhouse","3","","NULL","NULL","","0","0","NULL","G+1","Active Listings","Family Community | Park Facing | Modern Type","Dubai Properties","",""
"10132321","2025-02-19","Mudon","Al Ranim","","","","2800000","1194","12844","2345","218","Townhouse","3","","NULL","NULL","","0","0","NULL","G+1","Active Listings","3 Bedroom Townhouse-Single Row (3B1-M)","Dubai Properties","",""
"12127609","2025-11-26","Mudon","Al Ranim","","","","3250000","1382","14908","2351","218","Townhouse","3","","NULL","NULL","","0","0","NULL","G+1","Active Listings","Good Deal | Genuine Resale | Handover 2026","Dubai Properties","",""
"10152410","2025-03-04","Mudon","Al Ranim","","","","2999999","1353","14563","2217","206","Townhouse","3","","NULL","NULL","","0","0","NULL","G+1","Active Listings","Single Row | Facing The Pool | 3B1 Layout","Dubai Properties","",""
"10150035","2025-03-13","Mudon","Al Ranim","","","","3700000","1371","14741","2699","251","Townhouse","4","","NULL","NULL","","0","0","NULL","G+1","Active Listings","Single Row | Near to amenities | Type 4B2","Dubai Properties","",""
"10486693","2025-06-11","Mudon","Al Ranim","","","","3750000","1472","15823","2548","237","Townhouse","4","","NULL","NULL","","0","0","NULL","G+1","Active Listings","Brand New | Prime Location | Genuine Sale","Dubai Properties","",""
"11915610","2025-11-04","Mudon","Al Ranim","","","","3500000","1579","16990","2217","206","Townhouse","3","","NULL","NULL","","0","0","NULL","G+1","Active Listings","Beautiful Park Facing | Prime Location | Single Row","Dubai Properties","",""
"10649556","2025-06-25","Mudon","Al Ranim","","","","2999999","1353","14563","2217","206","Townhouse","3","","NULL","NULL","","0","0","NULL","G+1","Active Listings","Luxury G+1 Villa | single Row | Best Price","Dubai Properties","",""
"10476860","2025-04-07","Mudon","Al Ranim","","","","3200000","1707","18391","1875","174","Townhouse","3","","NULL","NULL","","0","0","NULL","G+1","Active Listings","PRIME LOCATION | SINGLE ROW | 3 BED","Dubai Properties","",""
"10368494","2025-06-02","Mudon","Al Ranim","","","","3500000","1202","12915","2913","271","Townhouse","3","","NULL","NULL","","0","0","NULL","G+1","Active Listings","Exclusive | Single Row | Direct To The Park","Dubai Properties","",""
"10399995","2025-06-13","Mudon","Al Ranim","","","","3000000","1659","17857","1808","168","Townhouse","3","","NULL","NULL","","0","0","NULL","G+1","Active Listings","3 Bedroom | Single Row | On Pool And Park","Dubai Properties","",""
"10413632","2025-06-18","Mudon","Al Ranim","","","","3999999","1570","16878","2548","237","Townhouse","4","","NULL","NULL","","0","0","NULL","G+1","Active Listings","Luxury G+1 Villa | Park View | Best Price","Dubai Properties","",""
"10413454","2025-06-18","Mudon","Al Ranim","","","","4099999","1365","14695","3004","279","Townhouse","4","","NULL","NULL","","0","0","NULL","G+1","Active Listings","Luxury G+2 Villa | Single Row | Best Price","Dubai Properties","",""
"10867154","2025-09-27","Mudon","Al Ranim","","","","3100000","1319","14220","2351","218","Townhouse","3","","NULL","NULL","","0","0","NULL","G+1","Active Listings","Motivated Seller | Type: 3B1 | Elegant Community | Modern Layout","Dubai Properties","",""
"10637359","2025-06-21","Mudon","Al Ranim","","","","4000000","1356","14599","2949","274","Townhouse","4","","NULL","NULL","","0","0","NULL","G+1","Active Listings","Genuine Resale / Prime Location / Single Row","Dubai Properties","",""
"11530751","2025-09-28","Mudon","Al Ranim","","","","4499999","1347","14516","3341","310","Townhouse","4","","NULL","NULL","","0","0","NULL","G+1","Active Listings","Single Row | Exclusive | Ready Soon","Dubai Properties","",""
"10290547","2025-05-05","Mudon","Al Ranim","","","","2950000","1331","14320","2216","206","Townhouse","3","","NULL","NULL","","0","0","NULL","G+1","Active Listings","Luxury G+1 Villa | Park View | Best Price","Dubai Properties","",""
"12410915","2026-01-13","Mudon","Al Ranim","","","","4870000","1746","18803","2790","259","Townhouse","4","","NULL","NULL","","0","0","NULL","G+1","Active Listings","MUDON - AL RANIM - OFF PLAN - 4BHK- MAID ROOM FOR SALE","Dubai Properties","",""
"10281799","2025-05-01","Mudon","Al Ranim","","","","3600000","1235","13284","2914","271","Townhouse","3","","NULL","NULL","","0","0","NULL","G+1","Active Listings","Exclusive Location | Private Single Row | Expansive Open Layout","Dubai Properties","",""
"10150014","2025-03-22","Mudon","Al Ranim","","","","3200000","1247","13445","2566","238","Townhouse","3","","NULL","NULL","","0","0","NULL","G+1","Active Listings","Great Location | Big Plot | Greenery View","Dubai Properties","",""
"10126082","2025-02-27","Mudon","Al Ranim","","","","3000000","1489","16043","2015","187","Townhouse","3","","NULL","NULL","","0","0","NULL","G+1","Active Listings","COMMUNITY EXPERT | VOT VASTU | FREE MORTGAGE | NO AGENTS","Dubai Properties","",""
"10472978","2025-03-06","Mudon","Al Ranim","","","","3800000","1372","14786","2769","257","Townhouse","4","","NULL","NULL","","0","0","NULL","G+1","Active Listings","Single Row | Genuine Resale | Near Park","Dubai Properties","",""
"12484705","2026-01-27","Mudon","Al Ranim","","","","3350000","1429","15367","2345","218","Townhouse","3","","NULL","NULL","NULL","0","0","NULL","G+1","Active Listings","Opposit Pool | Brand New | Special Layout","Dubai Properties","",""
"10311884","2025-05-14","Mudon","Al Ranim","","","","3700000","1270","13653","2913","271","Townhouse","3","","NULL","NULL","","0","0","NULL","G+1","Active Listings","G+2 | Direct on park | Special Unit","Dubai Properties","",""
"10357757","2025-05-29","Mudon","Al Ranim","","","","3600000","1413","15190","2548","237","Townhouse","4","","NULL","NULL","","0","0","NULL","G+1","Active Listings","Lowest Price I No Agents I Single Row","Dubai Properties","",""
"10273599","2025-04-28","Mudon","Al Ranim","","","","2825000","1205","12959","2345","218","Townhouse","3","","NULL","NULL","","0","0","NULL","G+1","Active Listings","BEST PRICE | SINGLE ROW | NEAT TO PARK","Dubai Properties","",""
"10778054","2025-08-03","Mudon","Al Ranim","","","","3900000","1364","14662","2860","266","Townhouse","4","","NULL","NULL","","0","0","NULL","G+1","Active Listings","Corner Unit  Single Row  | 4Beds + Maids|","Dubai Properties","",""
"10891596","2025-08-12","Mudon","Al Ranim","","","","2950000","1255","13532","2350","218","Townhouse","3","","NULL","NULL","","0","0","NULL","G+1","Active Listings","Single Row | Genuine Seller | VAASTU","Dubai Properties","",""
"12469920","2026-01-23","Mudon","Al Ranim","","","","4600000","1531","16487","3004","279","Townhouse","4","","NULL","NULL","NULL","0","0","NULL","G+1","Active Listings","Single Row | Modern Layout | 4BR + Maid Townhouse","Dubai Properties","",""
"10890733","2025-09-13","Mudon","Al Ranim","","","","4000000","1538","16529","2600","242","Townhouse","4","","NULL","NULL","","0","0","NULL","G+1","Active Listings","Single Row | Corner | Near Park | Easy Access to Main Road","Dubai Properties","",""
"10349173","2025-05-27","Mudon","Al Ranim","","","","3400000","1449","15596","2347","218","Townhouse","3","","NULL","NULL","","0","0","NULL","G+1","Active Listings","Single Row | Huge Layout | Premium Location","Dubai Properties","",""
"11769530","2025-10-17","Mudon","Al Ranim","Al Ranim 1","","","3420000","1543","16602","2217","206","Townhouse","3","","","","","1808","168","","G+1","Title Deed","","Dubai Properties","","Resale"
"12239671","2025-12-19","Mudon","Al Ranim","Al Ranim 1","","","3500000","1579","16990","2217","206","Townhouse","3","","NULL","NULL","","1808","168","NULL","G+1","Active Listings","Ready To Move 3 Beds Close To The Park And Pool","Dubai Properties","",""
"10900515","2025-08-19","Mudon","Al Ranim","Al Ranim 1","","","3800000","1480","15930","2568","238.55","Townhouse","3","","NULL","NULL","","1871","173.84","NULL","G+2","Active Listings","Mortgage | G + 2 | Park View | Ready To Move in","Dubai Properties","",""
"10866476","2025-08-25","Mudon","Al Ranim","Al Ranim 1","","","3400000","1534","16505","2217","206","Townhouse","3","","NULL","NULL","","0","0","NULL","G+1","Active Listings","Brand New | Park Backing | White Goods","Dubai Properties","",""
"10777856","2025-08-03","Mudon","Al Ranim","Al Ranim 1","","","3450000","1835","19714","1880","175","Townhouse","3","","NULL","NULL","","0","0","NULL","G+1","Active Listings","3Bedrooms |Vacant Now| 3B1M Premium Unit","Dubai Properties","",""
"10722495","2025-07-18","Mudon","Al Ranim","Al Ranim 1","","","3200000","1688","18182","1896","176","Townhouse","3","","NULL","NULL","","0","0","NULL","G+1","Active Listings","Park View | Handover Soon | Designed for Comfort","Dubai Properties","",""
"10662227","2025-06-28","Mudon","Al Ranim","Al Ranim 1","","","4100000","1609","17300","2548","237","Townhouse","4","","NULL","NULL","","0","0","NULL","G+1","Active Listings","Mortgage Acceptable | Big Plot | Single Row","Dubai Properties","",""
"10382627","2025-06-09","Mudon","Al Ranim","Al Ranim 1","","","3400000","1193","12830","2850","265","Townhouse","4","","NULL","NULL","","0","0","NULL","G+1","Active Listings","Backing to Park | Single Row | Handover July 2025","Dubai Properties","",""
"10256614","2025-04-23","Mudon","Al Ranim","Al Ranim 1","","","3100000","1398","15049","2217","206","Townhouse","3","","NULL","NULL","","0","0","NULL","G+1","Active Listings","Single Row 3BR Villa-Park View-Handover July 2025","Dubai Properties","",""
"11038285","2025-09-24","Mudon","Al Ranim","Al Ranim 1","","","4600000","1743","18776","2639","245","Townhouse","4","","NULL","NULL","","0","0","NULL","G+1","Active Listings","Best Deal | 4 Beds + Maids | Prime Location","Dubai Properties","",""
"11002884","2025-09-03","Mudon","Al Ranim","Al Ranim 1","","","4250000","1647","17708","2580","240","Townhouse","4","","NULL","NULL","","0","0","NULL","G+1","Active Listings","Park facing | Ready to Move In | High ROI","Dubai Properties","",""
"10111519","2025-02-06","Mudon","Al Ranim","Al Ranim 1","","","2950000","1331","14320","2217","206","Townhouse","3","","NULL","NULL","","0","0","NULL","G+1","Active Listings","Best price |Al Ranim 1 | Single Row to green belt","Dubai Properties","",""
"10958555","2025-09-15","Mudon","Al Ranim","Al Ranim 1","","","4300000","1505","16226","2857","265","Townhouse","4","","NULL","NULL","","0","0","NULL","G+1","Active Listings","Park Facing  I Genuine Resale I Prime Location","Dubai Properties","",""
"12352052","2026-01-02","Mudon","Al Ranim","Al Ranim 1","","","6100000","2048","22046","2978","276.7","Townhouse","4","","NULL","NULL","","4955","460.34","NULL","G+2","Active Listings","Ideally Located | Motivated Seller | Hot Deal","Dubai Properties","",""
"10897511","2025-08-15","Mudon","Al Ranim","Al Ranim 1","","","5200000","1051","11304","4948","460","Townhouse","4","","NULL","NULL","","0","0","NULL","G+1","Active Listings","Premium Villa for Sale l Ideal For Family living","Dubai Properties","",""
"10849775","2025-08-15","Mudon","Al Ranim","Al Ranim 1","","","5000000","1679","18070","2978","276.7","Townhouse","4","Community,Swimming Pool,Park","NULL","NULL","","2582","239.86","Type 4B2","G+2","Active Listings","4BR I G+2 End Unit I Single Row I Ready to Move in","Dubai Properties","",""
"12128016","2025-12-18","Mudon","Al Ranim","Al Ranim 1","","","4150000","1424","15314","2915","271","Townhouse","4","","NULL","NULL","","0","0","NULL","G+1","Active Listings","Exclusive Villa | Lush Community | Spacious Living","Dubai Properties","",""
"10771872","2025-08-01","Mudon","Al Ranim","Al Ranim 1","","","4050000","1589","17104","2549","236.78","Townhouse","4","Community,Green belt","NULL","NULL","","3064","284.67","NULL","G+1","Active Listings","Corner | Stunning Park View | Viewing Available","Dubai Properties","",""
"10712550","2025-07-15","Mudon","Al Ranim","Al Ranim 1","","","3500000","1579","16990","2217","206","Townhouse","3","","NULL","NULL","","1808","168","","G+1","Active Listings","Premium Location / Near to Handover","Dubai Properties","",""
"11917800","2025-11-05","Mudon","Al Ranim","Al Ranim 1","","","3275000","1477","15898","2217","206","Townhouse","3","","NULL","NULL","","0","0","NULL","G+1","Active Listings","Pool and Park View | Brand New | Family Living","Dubai Properties","",""
"10655948","2025-06-26","Mudon","Al Ranim","Al Ranim 1","","","4150000","1354","14561","3064","285","Townhouse","4","","NULL","NULL","","0","0","NULL","G+1","Active Listings","Biggest Plot 4BR + Maids TH| Handover July| 50%-50%","Dubai Properties","",""
"11827100","2025-11-05","Mudon","Al Ranim","Al Ranim 1","","","3600000","1624","17476","2217","206","Townhouse","3","","NULL","NULL","","1854","172.25","NULL","G+1","Active Listings","Middle Unit I Brand New I Motivated Seller","Dubai Properties","",""
"10373012","2025-06-04","Mudon","Al Ranim","Al Ranim 1","","","2900000","1308","14078","2217","206","Townhouse","3","Community,Road,Walkway","NULL","NULL","","1872","173.96","NULL","G+1","Active Listings","Genuine Seller | Single Row | 3BR +M | Elegant Layout","Dubai Properties","",""
"10196696","2025-03-18","Mudon","Al Ranim","Al Ranim 1","","","3200000","1443","15534","2217","206","Townhouse","3","","NULL","NULL","","1916","177.99","","G+1","Active Listings","FINANCE PRE-APPROVED BUYER WELCOME | SINGLE ROW","Dubai Properties","",""
"10242967","2025-04-17","Mudon","Al Ranim","Al Ranim 1","","","3000000","1353","14563","2217","206","Townhouse","3","","NULL","NULL","","1808","168","NULL","G+1","Active Listings","On PARK I LONG Park View I VASTU Compliant","Dubai Properties","",""
"11701202","2025-11-04","Mudon","Al Ranim","Al Ranim 1","","","3275000","1477","15898","2217","206","Townhouse","3","","NULL","NULL","","0","0","NULL","G+1","Active Listings","Pool and Park View | Brand New | Family Living","Dubai Properties","",""
"11667400","2025-10-24","Mudon","Al Ranim","Al Ranim 1","","","3500000","1579","16990","2217","206","Townhouse","3","Community,Walkway,Play area","NULL","NULL","","1871","173.84","NULL","G+1","Active Listings","3 Bedrooms + Maid | Brand New | Ready To Move","Dubai Properties","",""
"10131478","2025-02-21","Mudon","Al Ranim","Al Ranim 1","","","4500000","1511","16263","2978","276.7","Townhouse","4","","NULL","NULL","","3035","281.99","NULL","G+2","Active Listings","4BR+M | G+2 | Ready Jun 2025 | Cash Buyers","Dubai Properties","",""
"11036866","2025-09-11","Mudon","Al Ranim","Al Ranim 1","","","3299900","1295","13924","2548","237","Townhouse","4","","NULL","NULL","","0","0","NULL","G+1","Active Listings","4 BEDS+MAIDS TOWNHOUSE  | PRIVATE GARDEN","Dubai Properties","",""
"10108016","2025-02-19","Mudon","Al Ranim","Al Ranim 1","","","2775000","1252","13471","2217","206","Townhouse","3","","NULL","NULL","","0","0","NULL","G+1","Active Listings","Single Row | Motivated Seller | 3B1 Layout","Dubai Properties","",""
"9110246","2025-09-11","Mudon","Al Ranim","Al Ranim 1","","","4350000","1707","18371","2548","236.78","Townhouse","4","Community","","","","2975","276.39","Type: 4B1 (M)","G+1","Pending Sales (SPA/MOU)","","Dubai Properties","",""
"11945540","2025-11-14","Mudon","Al Ranim","Al Ranim 1","","","3400000","1534","16505","2217","206","Townhouse","3","","","","","1826","169.66","","G+1","Title Deed","","Dubai Properties","","Resale"
"11754931","2025-10-16","Mudon","Al Ranim","Al Ranim 1","","","3300000","1488","16019","2217","206","Townhouse","3","","","","","1808","167.99","","G+1","Title Deed","","Dubai Properties","","Resale"
"12412393","2026-01-13","Mudon","Al Ranim","Al Ranim 1","","","3750000","1691","18204","2217","206","Townhouse","3","Community,Green belt","NULL","NULL","","1836","170.55","NULL","G+1","Active Listings","3BR G+1 | Park Backing | Single Row","Dubai Properties","",""
"12350098","2026-01-02","Mudon","Al Ranim","Al Ranim 1","","","4400000","1726","18583","2549","236.78","Townhouse","4","","NULL","NULL","","2585","240.17","NULL","G+1","Active Listings","On the Park | Brand New | 4 Bedroom+Maids","Dubai Properties","",""
"10844876","2025-08-29","Mudon","Al Ranim","Al Ranim 1","","","3200000","1770","19048","1808","168","Townhouse","3","","NULL","NULL","","0","0","NULL","G+1","Active Listings","PARK FACING | SINGLE ROW | HANDOVER SOON","Dubai Properties","",""
"12126526","2025-12-05","Mudon","Al Ranim","Al Ranim 1","","","3600000","1624","17476","2217","206","Townhouse","3","","NULL","NULL","","1854","172.25","NULL","G+1","Active Listings","Middle Unit I Brand New I Motivated Seller","Dubai Properties","",""
"10771806","2025-08-01","Mudon","Al Ranim","Al Ranim 1","","","4050000","1589","17104","2549","236.78","Townhouse","4","Community,Green belt","NULL","NULL","","3064","284.67","NULL","G+1","Active Listings","Corner | Stunning Park View | Viewing Available","Dubai Properties","",""
"10708072","2025-07-14","Mudon","Al Ranim","Al Ranim 1","","","3150000","1740","18750","1810","168","Townhouse","3","","NULL","NULL","","0","0","NULL","G+1","Active Listings","Close to Pool | Motivated Seller| Cash or Mortgage","Dubai Properties","",""
"10648285","2025-06-24","Mudon","Al Ranim","Al Ranim 1","","","3200000","1444","15534","2216","206","Townhouse","3","","NULL","NULL","","0","0","NULL","G+1","Active Listings","Rare Park View | Genuine Resale | Turnover Soon","Dubai Properties","",""
"11812608","2025-11-04","Mudon","Al Ranim","Al Ranim 1","","","3500000","1579","16990","2217","206","Townhouse","3","Community,Walkway,Play area","NULL","NULL","","1871","173.84","NULL","G+1","Active Listings","3 Bedrooms + Maid | Brand New | Ready To Move","Dubai Properties","",""
"10362093","2025-05-31","Mudon","Al Ranim","Al Ranim 1","","","3500000","1228","13208","2850","265","Townhouse","4","","NULL","NULL","","0","0","NULL","G+1","Active Listings","Backing to Park | Single Row | Handover July 2025","Dubai Properties","",""
"10241821","2025-04-17","Mudon","Al Ranim","Al Ranim 1","","","3500000","1228","13208","2850","265","Townhouse","4","","NULL","NULL","","0","0","NULL","G+1","Active Listings","Backing to Park | Single Row | Handover July 2025","Dubai Properties","",""
"10169954","2025-03-11","Mudon","Al Ranim","Al Ranim 1","","","3500000","1373","14782","2549","236.78","Townhouse","4","","NULL","NULL","","2928","272.03","","G+1","Active Listings","Genuine Seller|Single Row |4BR +M|Elegant Layout","Dubai Properties","",""
"11699230","2025-10-09","Mudon","Al Ranim","Al Ranim 1","","","3250000","1466","15777","2217","206","Townhouse","3","","NULL","NULL","","1805","167.66","Type 3B1","G+1","Active Listings","Open Layout | Park Facing | Brand New","Dubai Properties","",""
"11664693","2025-10-19","Mudon","Al Ranim","Al Ranim 1","","","4250000","1673","18008","2540","236","Townhouse","4","","NULL","NULL","","0","0","NULL","G+1","Active Listings","On Park | Brand New | Lowest PSF","Dubai Properties","",""
"11537473","2025-09-19","Mudon","Al Ranim","Al Ranim 1","","","3280000","1479","15922","2217","206","Townhouse","3","","NULL","NULL","","1859","172.67","NULL","G+1","Active Listings","Close to Park|Serious Seller|Stylish Modern Layout","Dubai Properties","",""
"10099821","2025-02-15","Mudon","Al Ranim","Al Ranim 1","","","3050000","1376","14806","2217","206","Townhouse","3","Community,Walkway,Play area","NULL","NULL","","1871","173.84","NULL","G+1","Active Listings","Single row | Backing Park | Multiple Options","Dubai Properties","",""
"9054230","2025-07-30","Mudon","Al Ranim","Al Ranim 1","","","3425000","1545","16626","2217","206","Townhouse","3","Community,Play area","","","","1808","168","Mid unit","G+1","Pending Sales (SPA/MOU)","","Dubai Properties","",""
"9090663","2025-09-09","Mudon","Al Ranim","Al Ranim 1","","","3250000","1466","15777","2217","206","Townhouse","3","","","","","1881","174.74","","G+1","Title Deed","","Dubai Properties","","Resale"
"11751955","2025-10-15","Mudon","Al Ranim","Al Ranim 1","","","3700000","1441","15510","2567","238.55","Townhouse","3","","","","","1898","176.33","Type 3B2","G+2","Title Deed","","Dubai Properties","","Resale"
"10887076","2025-11-04","Mudon","Al Ranim","Al Ranim 1","","","4200000","1355","14583","3100","288","Townhouse","4","","NULL","NULL","","0","0","NULL","G+1","Active Listings","Best Price | Handed-over | Mortgage","Dubai Properties","",""
"10317365","2025-05-16","Mudon","Al Ranim","Al Ranim 1","","","4000000","1569","16893","2549","236.78","Townhouse","4","Community,Green belt","NULL","NULL","","3064","284.67","NULL","G+1","Active Listings","Genuine Resale / Prime Location / Single Row","Dubai Properties","",""
"10768576","2025-08-01","Mudon","Al Ranim","Al Ranim 1","","","3700000","1441","15481","2568","239","Townhouse","3","","NULL","NULL","","0","0","NULL","G+1","Active Listings","G + 2 | Family Room | Park Backing | Brand New","Dubai Properties","",""
"10700227","2025-07-12","Mudon","Al Ranim","Al Ranim 1","","","3100000","1655","17816","1873","174","Townhouse","3","","NULL","NULL","","0","0","NULL","G+1","Active Listings","Genuine Seller|Single Row |3BR +M|Elegant Layout","Dubai Properties","",""
"11917219","2025-11-05","Mudon","Al Ranim","Al Ranim 1","","","3850000","1737","18689","2217","206","Townhouse","3","","NULL","NULL","","1845","171.41","Type 3B1","G+1","Active Listings","G+2 I Green Belt I Negotiable I Best Community","Dubai Properties","",""
"10641655","2025-06-23","Mudon","Al Ranim","Al Ranim 1","","","3200000","1443","15534","2217","206","Townhouse","3","","NULL","NULL","","0","0","NULL","G+1","Active Listings","Handover Soon  On Park Prime Location Genuine Seller","Dubai Properties","",""
"10349115","2025-05-27","Mudon","Al Ranim","Al Ranim 1","","","3700000","1441","15510","2568","238.55","Townhouse","3","","NULL","NULL","","1871","173.84","NULL","G+2","Active Listings","Genuine Resale | G + 2 | Park View | Call Now!","Dubai Properties","",""
"10235700","2025-04-14","Mudon","Al Ranim","Al Ranim 1","","","3100000","1398","15049","2217","206","Townhouse","3","","NULL","NULL","","1872","173.93","NULL","G+1","Active Listings","Motivated Seller| Single Row | Genuine Resale","Dubai Properties","",""
"10128469","2025-02-14","Mudon","Al Ranim","Al Ranim 1","","","3000000","1353","14563","2217","206","Townhouse","3","","NULL","NULL","","1808","168","NULL","G+1","Active Listings","Handover in July 2025  | Pool Facing | Single Row","Dubai Properties","",""
"11535643","2025-09-27","Mudon","Al Ranim","Al Ranim 1","","","4150000","1562","16802","2657","247","Townhouse","4","","NULL","NULL","","0","0","NULL","G+1","Active Listings","Single Row | Brand New | Best Location","Dubai Properties","",""
"11030452","2025-10-03","Mudon","Al Ranim","Al Ranim 1","","","4400000","1543","16604","2851","265","Townhouse","4","","NULL","NULL","","0","0","NULL","G+1","Active Listings","4 Bedroom TH | Direct on Park | Mortgage","Dubai Properties","",""
"10967671","2025-09-07","Mudon","Al Ranim","Al Ranim 1","","","3100000","1390","14976","2230","207","Townhouse","3","","NULL","NULL","","0","0","NULL","G+1","Active Listings","Brand New | Near to Park and Pool | Single Row","Dubai Properties","",""
"10096937","2025-02-10","Mudon","Al Ranim","Al Ranim 1","","","2800000","1461","15730","1916","178","Townhouse","3","","NULL","NULL","","0","0","NULL","G+1","Active Listings","Genuine Resale | 3 BHK Villa | Prime Area","Dubai Properties","",""
"11906820","2025-09-07","Mudon","Al Ranim","Al Ranim 1","","","3350000","1511","16265","2217","205.97","Townhouse","","","","","","0","0","","G+1","Pending Sales (SPA/MOU)","","Dubai Properties","",""
"8972879","2025-05-13","Mudon","Al Ranim","Al Ranim 1","","","2900000","1308","14078","2217","206","Townhouse","3","Community,Green belt","","","","1836","170.55","Type 3B1","G+1","Oqood","","Dubai Properties","","Resale"
"10825883","2025-10-20","Mudon","Al Ranim","Al Ranim 1","","","4250000","1636","17635","2598","241","Townhouse","4","","NULL","NULL","","0","0","NULL","G+1","Active Listings","4BR on the park | Ranim 1 | Type 4B1","Dubai Properties","",""
"10765809","2025-07-31","Mudon","Al Ranim","Al Ranim 1","","","3800000","1480","15930","2568","238.55","Townhouse","3","","NULL","NULL","","1900","176.53","NULL","G+2","Active Listings","Resale| 3 Bed+Family Room| G+2| Single Row","Dubai Properties","",""
"10694291","2025-07-10","Mudon","Al Ranim","Al Ranim 1","","","3100000","1658","17816","1870","174","Townhouse","3","","NULL","NULL","","0","0","NULL","G+1","Active Listings","Ready soon| Best layout G+1 | Geniune Resale","Dubai Properties","",""
"10412705","2025-06-17","Mudon","Al Ranim","Al Ranim 1","","","3400000","1534","16505","2217","206","Townhouse","3","Community,Park","NULL","NULL","","1896","176.15","","G+1","Active Listings","G+1 Townhouse | Prime Location | Viewing Available","Dubai Properties","",""
"10340388","2025-05-23","Mudon","Al Ranim","Al Ranim 1","","","3000000","1584","17045","1894","176","Townhouse","3","","NULL","NULL","","0","0","NULL","G+1","Active Listings","Handover Soon | 3 BR Plus Maids |  Phase One","Dubai Properties","",""
"10224734","2025-04-09","Mudon","Al Ranim","Al Ranim 1","","","4000000","1343","14456","2978","276.7","Townhouse","4","","NULL","NULL","","2584","240.07","NULL","G+2","Active Listings","G+2 | 4Beds+M | Ready June 2025 | Cash Buyer Only","Dubai Properties","",""
"10145186","2025-03-04","Mudon","Al Ranim","Al Ranim 1","","","3000000","1353","14563","2217","206","Townhouse","3","","NULL","NULL","","0","0","NULL","G+1","Active Listings","Single Row | Q2 2025 | Prime Location","Dubai Properties","",""
"11661853","2025-11-24","Mudon","Al Ranim","Al Ranim 1","","","3195000","1441","15510","2217","206","Townhouse","3","","NULL","NULL","","1805","167.66","Type 3B1","G+1","Active Listings","Ideally Located | Mortgage Available | Call NOW","Dubai Properties","",""
"11534783","2025-09-27","Mudon","Al Ranim","Al Ranim 1","","","3100000","1398","15049","2217","206","Townhouse","3","","NULL","NULL","","0","0","NULL","G+1","Active Listings","3BR Townhouse | Ready to Move in | Single Row","Dubai Properties","",""
"12502771","2026-01-30","Mudon","Al Ranim","Al Ranim 1","","","4150000","1629","17527","2548","236.78","Townhouse","4","","","","","2915","270.77","Type 4B1","G+1","Title Deed","","Dubai Properties","","Resale"
"9124899","2025-10-09","Mudon","Al Ranim","Al Ranim 1","","","3700000","1441","15510","2567","238.55","Townhouse","3","","","","","1900","176.53","","G+2","Title Deed","","Dubai Properties","","Resale"
"9085797","2025-09-02","Mudon","Al Ranim","Al Ranim 1","","","3100000","1398","15049","2217","206","Townhouse","3","","","","","1810","168.15","","G+1","Title Deed","","Dubai Properties","","Resale"
"12457170","2026-01-22","Mudon","Al Ranim","Al Ranim 1","","","3500000","1579","16990","2217","206","Townhouse","3","","NULL","NULL","","0","0","NULL","G+1","Active Listings","Park Backing | Brand New | 3 Bedroom G+1","Dubai Properties","",""
"10944912","2025-10-24","Mudon","Al Ranim","Al Ranim 1","","","3750000","1460","15690","2568","239","Townhouse","3","","NULL","NULL","","0","0","NULL","G+1","Active Listings","Vacant | Brand New | Park Backing | G+2","Dubai Properties","",""
"12340308","2025-12-29","Mudon","Al Ranim","Al Ranim 1","","","3600000","1624","17476","2217","206","Townhouse","3","Community,Walkway,Road","NULL","NULL","","1854","172.25","NULL","G+1","Active Listings","Single Row I Brand New I Motivated Seller","Dubai Properties","",""
"10919157","2025-09-25","Mudon","Al Ranim","Al Ranim 1","","","3200000","1443","15534","2217","206","Townhouse","3","Community,Road,Walkway","NULL","NULL","","1875","174.22","Type 3B1","G+1","Active Listings","Modern Elegance | Close to Park | Green Community","Dubai Properties","",""
"10885642","2025-08-18","Mudon","Al Ranim","Al Ranim 1","","","3350000","1511","16262","2217","206","Townhouse","3","","NULL","NULL","","0","0","NULL","G+1","Active Listings","Stunning|3 Bed+Maids Townhouse|Park Views","Dubai Properties","",""
"12157006","2025-12-05","Mudon","Al Ranim","Al Ranim 1","","","3500000","1579","16990","2217","206","Townhouse","3","Community,Walkway,Play area","NULL","NULL","","1871","173.84","NULL","G+1","Active Listings","3 Bedrooms + Maid | Brand New | Ready To Move","Dubai Properties","",""
"10691333","2025-07-08","Mudon","Al Ranim","Al Ranim 1","","","3750000","1460","15720","2568","238.55","Townhouse","3","","NULL","NULL","","1808","168","","G+2","Active Listings","Main Park Facing| Gplus2 Layout  |Iconic View","Dubai Properties","",""
"10412235","2025-06-17","Mudon","Al Ranim","Al Ranim 1","","","3550000","1601","17233","2217","206","Townhouse","3","","NULL","NULL","","1808","168","NULL","G+1","Active Listings","Premium 3 BR + Maid | Facing Pool and Park","Dubai Properties","",""
"11805195","2025-11-04","Mudon","Al Ranim","Al Ranim 1","","","3550000","1601","17233","2217","206","Townhouse","3","","NULL","NULL","","0","0","NULL","G+1","Active Listings","Facing Pool and Park | Viewing Available","Dubai Properties","",""
"10333353","2025-05-21","Mudon","Al Ranim","Al Ranim 1","","","2975000","1342","14442","2217","206","Townhouse","3","","NULL","NULL","","1808","168","NULL","G+1","Active Listings","Direct Park Facing | Motivated Seller | Hot Deal","Dubai Properties","",""
"10209801","2025-04-02","Mudon","Al Ranim","Al Ranim 1","","","3500000","1373","14782","2549","236.78","Townhouse","4","","NULL","NULL","","2928","272.03","NULL","G+1","Active Listings","Genuine Seller | Single Row | 4BR +M|Elegant Layout","Dubai Properties","",""
"11015533","2025-09-22","Mudon","Al Ranim","Al Ranim 1","","","4400000","1727","18583","2548","236.78","Townhouse","4","","NULL","NULL","","2851","264.9","","G+1","Active Listings","SPACIOUS 4-BEDS | BRANDS NEW | PRIME LOCATION","Dubai Properties","",""
"12466151","2026-01-23","Mudon","Al Ranim","Al Ranim 1","","","5200000","1746","18793","2978","276.7","Townhouse","4","","","","","2613","242.8","Type 4B2","G+2","Title Deed","","Dubai Properties","","Resale"
"9076631","2025-08-22","Mudon","Al Ranim","Al Ranim 1","","","3100000","1398","15049","2217","206","Townhouse","3","","","","","1808","168","","G+1","Title Deed","","Dubai Properties","","Resale"
"12493875","2026-01-29","Mudon","Al Ranim","Al Ranim 1","","","6100000","2048","22046","2978","276.7","Townhouse","4","","NULL","NULL","NULL","4955","460.34","NULL","G+2","Active Listings","Large Corner Plot | 4 Bed G+2 | Al Ranim 1","Dubai Properties","",""
"10944677","2025-09-11","Mudon","Al Ranim","Al Ranim 1","","","3400000","1534","16505","2217","206","Townhouse","3","","NULL","NULL","","0","0","NULL","G+1","Active Listings","Open House from 10am-5pm | Direct to Pool and Park","Dubai Properties","",""
"10915577","2025-08-26","Mudon","Al Ranim","Al Ranim 1","","","3800000","1481","15966","2566","238","Townhouse","3","","NULL","NULL","","0","0","NULL","G+1","Active Listings","Mortgage | G + 2 | Park View | Ready To Move in","Dubai Properties","",""
"10883392","2025-09-12","Mudon","Al Ranim","Al Ranim 1","","","3700000","1441","15510","2568","238.55","Townhouse","3","","NULL","NULL","","1808","168","","G+2","Active Listings","Best Deal | G Plus 2 Layout | Main Park Facing","Dubai Properties","",""
"10815380","2025-08-09","Mudon","Al Ranim","Al Ranim 1","","","3800000","1480","15930","2568","238.55","Townhouse","3","","NULL","NULL","","1900","176.53","NULL","G+2","Active Listings","Green belt | 3 Bed |  family | Ready to move","Dubai Properties","",""
"10758202","2025-07-29","Mudon","Al Ranim","Al Ranim 1","","","2900000","1308","14078","2217","206","Townhouse","3","","NULL","NULL","","0","0","NULL","G+1","Active Listings","GENUNE RESALE | 3  BEDROOMS VILLA |PRIME LOCATION","Dubai Properties","",""
"10326002","2025-05-19","Mudon","Al Ranim","Al Ranim 1","","","2900000","1308","14078","2217","206","Townhouse","3","","NULL","NULL","","1845","171.45","NULL","G+1","Active Listings","SINGLE ROW | GENUINE RESALE | SPACIOUS LAYOUT","Dubai Properties","",""
"11722440","2025-11-04","Mudon","Al Ranim","Al Ranim 1","","","3300000","1716","18436","1923","179","Townhouse","3","","NULL","NULL","","0","0","NULL","G+1","Active Listings","3BHK plus Maid | Gated Community | Genuine Seller","Dubai Properties","",""
"10161482","2025-03-10","Mudon","Al Ranim","Al Ranim 1","","","3000000","1353","14563","2217","206","Townhouse","3","","NULL","NULL","","0","0","NULL","G+1","Active Listings","Resale | 3 Bed + Maid | Handover in Q3 2025","Dubai Properties","",""
"11688392","2025-10-06","Mudon","Al Ranim","Al Ranim 1","","","3550000","1601","17233","2217","206","Townhouse","3","","NULL","NULL","","0","0","NULL","G+1","Active Listings","Facing Pool and Park | Viewing Available","Dubai Properties","",""
"11013004","2025-10-01","Mudon","Al Ranim","Al Ranim 1","","","4200000","1650","17722","2546","237","Townhouse","4","","NULL","NULL","","0","0","NULL","G+1","Active Listings","Premium 4 BR + Maid | Facing Pool and Park","Dubai Properties","",""
"12261129","2025-12-22","Mudon","Al Ranim","Al Ranim 1","","","5300000","1780","19154","2978","276.7","Townhouse","4","","","","","4246","394.46","Type 4B2","G+2","Title Deed","","Dubai Properties","","Resale"
"12134787","2025-11-27","Mudon","Al Ranim","Al Ranim 1","","","3800000","1480","15930","2567","238.55","Townhouse","3","","","","","1932","179.48","","G+2","Title Deed","","Dubai Properties","","Resale"
"9072968","2025-08-19","Mudon","Al Ranim","Al Ranim 1","","","3261025","1471","15830","2217","206","Townhouse","3","","","","","1808","168","","G+1","Title Deed","","Dubai Properties","","Resale"
"8999079","2025-06-10","Mudon","Al Ranim","Al Ranim 1","","","2950000","1331","14320","2217","206","Townhouse","3","","","","","1808","168","","G+1","Oqood","","Dubai Properties","","Resale"
"12449918","2026-01-20","Mudon","Al Ranim","Al Ranim 1","","","3600000","1624","17476","2217","206","Townhouse","3","Community,Walkway,Road","NULL","NULL","","1854","172.25","NULL","G+1","Active Listings","Spacious | Private Garden | Near To Amenities","Dubai Properties","",""
"12392244","2026-01-08","Mudon","Al Ranim","Al Ranim 1","","","3300000","1488","16019","2217","206","Townhouse","3","","NULL","NULL","","1808","168","NULL","G+1","Active Listings","Brand New | Park-Facing | Multiple Units Available","Dubai Properties","",""
"10883209","2025-09-12","Mudon","Al Ranim","Al Ranim 1","","","3600000","1624","17476","2217","206","Townhouse","3","","NULL","NULL","","1808","168","","G+1","Active Listings","Prime Park View| Welcomes Mortgage Buyer|Brand New","Dubai Properties","",""
"10813023","2025-08-08","Mudon","Al Ranim","Al Ranim 1","","","3650000","1923","20739","1898","176","Townhouse","3","","NULL","NULL","","0","0","NULL","G+1","Active Listings","Spacious G+2 | On The Park | 3Br+Maid+ Extra Room","Dubai Properties","",""
"12100002","2025-11-20","Mudon","Al Ranim","Al Ranim 1","","","3280000","1479","15922","2217","206","Townhouse","3","","NULL","NULL","","1859","172.67","NULL","G+1","Active Listings","Bigger Plot Size | Serious Seller | Brand New","Dubai Properties","",""
"10750351","2025-07-26","Mudon","Al Ranim","Al Ranim 1","","","3700000","1441","15510","2568","238.55","Townhouse","3","","NULL","NULL","","1871","173.84","NULL","G+2","Active Listings","Mortgage | G + 2 | Park View | Ready To Move in","Dubai Properties","",""
"10691064","2025-07-08","Mudon","Al Ranim","Al Ranim 1","","","3500000","1579","16990","2217","206","Townhouse","3","","NULL","NULL","","1808","168","","G+1","Active Listings","Prime Park View| Welcomes Mortgage Buyer|Brand New","Dubai Properties","",""
"10412138","2025-06-17","Mudon","Al Ranim","Al Ranim 1","","","3500000","1228","13208","2850","265","Townhouse","4","","NULL","NULL","","0","0","NULL","G+1","Active Listings","Backing to Park | Single Row | Handover July 2025","Dubai Properties","",""
"11052603","2025-09-15","Mudon","Al Ranim","Al Ranim 1","","","3600000","1991","21429","1808","168","Townhouse","3","","NULL","NULL","","0","0","NULL","G+1","Active Listings","Prime Park View| Welcomes Mortgage Buyer|Brand New","Dubai Properties","",""
"9067479","2025-08-13","Mudon","Al Ranim","Al Ranim 1","","","3150000","1421","15291","2217","206","Townhouse","3","","","","","1930","179.29","","G+1","Title Deed","","Dubai Properties","","Resale"
"12390702","2026-01-08","Mudon","Al Ranim","Al Ranim 1","","","3550000","1601","17233","2217","206","Townhouse","3","","NULL","NULL","","1808","168","NULL","G+1","Active Listings","Park Backing|Prime Spot|Multiple Options","Dubai Properties","",""
"10932803","2025-08-12","Mudon","Al Ranim","Al Ranim 1","","","3400000","1534","16505","2217","206","Townhouse","3","","NULL","NULL","","1808","168","NULL","G+1","Active Listings","Next to Pool and Entrance|Vacant| Not Road Facing.","Dubai Properties","",""
"12321649","2025-12-26","Mudon","Al Ranim","Al Ranim 1","","","3700000","1669","17961","2217","206","Townhouse","3","Community,Walkway,Road","NULL","NULL","","1854","172.25","NULL","G+1","Active Listings","Brand new 3-Beds for SALE | Prime location","Dubai Properties","",""
"12189805","2025-12-11","Mudon","Al Ranim","Al Ranim 1","","","3750000","1691","18204","2217","206","Townhouse","3","Community,Play area","NULL","NULL","","1808","168","NULL","G+1","Active Listings","Prime Location | Backing the Main Park| Brand New","Dubai Properties","",""
"10811974","2025-08-07","Mudon","Al Ranim","Al Ranim 1","","","3300000","1826","19643","1807","168","Townhouse","3","","NULL","NULL","","0","0","NULL","G+1","Active Listings","Single Row | Prime Location | Spacious Layout","Dubai Properties","",""
"10748538","2025-07-25","Mudon","Al Ranim","Al Ranim 1","","","4550000","1772","19038","2568","239","Townhouse","4","","NULL","NULL","","0","0","NULL","G+1","Active Listings","Sing Row/  Backing Park/ Multipe Options/ End Unit","Dubai Properties","",""
"10688219","2025-07-07","Mudon","Al Ranim","Al Ranim 1","","","3000000","1353","14563","2217","206","Townhouse","3","","NULL","NULL","","0","0","NULL","G+1","Active Listings","Spacious 3B+Maid I Prime Location | Elegant Layout","Dubai Properties","",""
"10409687","2025-06-17","Mudon","Al Ranim","Al Ranim 1","","","2900000","1530","16477","1896","176","Townhouse","3","","NULL","NULL","","0","0","NULL","G+1","Active Listings","Spacious Unit | Prime Location | Elegant Layout","Dubai Properties","",""
"11798549","2025-11-04","Mudon","Al Ranim","Al Ranim 1","","","3700000","1669","17961","2217","206","Townhouse","3","","NULL","NULL","","1854","172.25","","G+1","Active Listings","Brand new 3-Beds for SALE | Prime location","Dubai Properties","",""
"10317579","2025-05-16","Mudon","Al Ranim","Al Ranim 1","","","3100000","1398","15049","2217","206","Townhouse","3","","NULL","NULL","","1872","173.93","NULL","G+1","Active Listings","Motivated Seller| Single Row | Genuine Resale","Dubai Properties","",""
"10982608","2025-10-22","Mudon","Al Ranim","Al Ranim 1","","","4250000","1594","17137","2667","248","Townhouse","4","","NULL","NULL","","0","0","NULL","G+1","Active Listings","Prime Location | Brand New | Near Park &amp; Pool","Dubai Properties","",""
"9106952","2025-09-25","Mudon","Al Ranim","Al Ranim 1","","","3200000","1443","15534","2217","206","Townhouse","3","Community,Walkway,Road","","","","1856","172.42","","G+1","Title Deed","","Dubai Properties","","Resale"
"12128480","2025-11-25","Mudon","Al Ranim","Al Ranim 1","","","3500000","1579","16990","2217","206","Townhouse","3","","","","","1808","168","","G+1","Title Deed","","Dubai Properties","","Resale"
"9056455","2025-08-08","Mudon","Al Ranim","Al Ranim 1","","","4700000","1578","16986","2978","276.7","Townhouse","4","","","","","2584","240.07","","G+2","Title Deed","","Dubai Properties","","Resale"
"12386557","2026-01-07","Mudon","Al Ranim","Al Ranim 1","","","3275000","1477","15898","2217","206","Townhouse","3","","NULL","NULL","","0","0","NULL","G+1","Active Listings","Pool and Park View | Brand New | Family Living","Dubai Properties","",""
"10929708","2025-09-01","Mudon","Al Ranim","Al Ranim 1","","","3100000","1398","15049","2217","206","Townhouse","3","","NULL","NULL","","0","0","NULL","G+1","Active Listings","23 Resale Villas in Ranim 1 | Viewing Available","Dubai Properties","",""
"10908207","2025-08-26","Mudon","Al Ranim","Al Ranim 1","","","4550000","1785","19198","2549","237","Townhouse","4","","NULL","NULL","","0","0","NULL","G+1","Active Listings","Corner Unit | Brand New | Park View","Dubai Properties","",""
"10810403","2025-08-07","Mudon","Al Ranim","Al Ranim 1","","","4000000","1569","16893","2549","236.78","Townhouse","4","Community","NULL","NULL","","2975","276.43","NULL","G+1","Active Listings","Single Row | Biggest Plot | Private Garden","Dubai Properties","",""
"10729055","2025-07-20","Mudon","Al Ranim","Al Ranim 1","","","3200000","1443","15534","2217","206","Townhouse","3","Community,Walkway,Road","NULL","NULL","","1856","172.42","NULL","G+1","Active Listings","Single Row | Brand New | Mortgage Eligible","Dubai Properties","",""
"10671480","2025-07-01","Mudon","Al Ranim","Al Ranim 1","","","3100000","1398","15049","2217","206","Townhouse","3","Community,Road,Walkway","NULL","NULL","","1872","173.96","NULL","G+1","Active Listings","Genuine Seller|Single Row |3BR +M|Elegant Layout","Dubai Properties","",""
"11878453","2025-11-04","Mudon","Al Ranim","Al Ranim 1","","","4100000","1609","17316","2548","236.78","Townhouse","4","","NULL","NULL","","2915","270.77","Type 4B1","G+1","Active Listings","Best Priced | 4 Bedroom |Multiple Options","Dubai Properties","",""
"10406697","2025-06-16","Mudon","Al Ranim","Al Ranim 1","","","3500000","1867","20115","1875","174","Townhouse","3","","NULL","NULL","","0","0","NULL","G+1","Active Listings","EXCLUSIVE | GENUINE|G+2|ONLY DIRECT BUYERS PLEASE","Dubai Properties","",""
"10303778","2025-05-10","Mudon","Al Ranim","Al Ranim 1","","","3099850","1715","18451","1808","168","Townhouse","3","","NULL","NULL","","0","0","NULL","G+1","Active Listings","Handover Soon| 3B1 Vastu| Odd Number| 50% Handover","Dubai Properties","",""
"11708629","2025-10-31","Mudon","Al Ranim","Al Ranim 1","","","4200000","1415","15217","2969","276","Townhouse","4","","NULL","NULL","","0","0","NULL","G+1","Active Listings","Single Row/ Hand Over After 15 days/ Multiple Options","Dubai Properties","",""
"11683239","2025-11-04","Mudon","Al Ranim","Al Ranim 1","","","3300000","1488","16019","2217","206","Townhouse","3","","NULL","NULL","","1810","168.15","","G+1","Active Listings","Brand New | Prime Location | Multiple Options","Dubai Properties","",""
"11650467","2025-09-28","Mudon","Al Ranim","Al Ranim 1","","","3280000","1479","15922","2217","206","Townhouse","3","","NULL","NULL","","1859","172.67","NULL","G+1","Active Listings","Close to Park|Serious Seller|Stylish Modern Layout","Dubai Properties","",""
"11051467","2025-09-15","Mudon","Al Ranim","Al Ranim 1","","","3300000","1488","16019","2217","206","Townhouse","3","","NULL","NULL","","1808","167.99","","G+1","Active Listings","BRAND NEW| SINGLE ROW| FAMILY COMMUNITY","Dubai Properties","",""
"12480194","2026-01-20","Mudon","Al Ranim","Al Ranim 1","","","4100000","1597","17187","2568","238.55","Townhouse","3","Community,Park","","","","1924","178.79","Mid unit Type 3B2","G+2","Pending Sales (SPA/MOU)","","Dubai Properties","",""
"9104363","2025-09-23","Mudon","Al Ranim","Al Ranim 1","","","3750000","1461","15720","2567","238.55","Townhouse","3","","","","","1871","173.84","","G+2","Title Deed","","Dubai Properties","","Resale"
"11797339","2025-10-23","Mudon","Al Ranim","Al Ranim 1","","","4250000","1669","17965","2546","236.57","Townhouse","4","","","","","2857","265.45","","G+1","Title Deed","","Dubai Properties","","Resale"
"10929200","2025-09-02","Mudon","Al Ranim","Al Ranim 1","","","3550000","1601","17233","2217","206","Townhouse","3","","NULL","NULL","","0","0","NULL","G+1","Active Listings","Facing Pool and Park | Viewing Available","Dubai Properties","",""
"10806316","2025-08-06","Mudon","Al Ranim","Al Ranim 1","","","3100000","1398","15049","2217","206","Townhouse","3","","NULL","NULL","","1808","168","","G+1","Active Listings","Green Views // Perfect Family Home Multiple Units","Dubai Properties","",""
"10725045","2025-07-19","Mudon","Al Ranim","Al Ranim 1","","","3099999","1398","15049","2217","206","Townhouse","3","","NULL","NULL","","0","0","NULL","G+1","Active Listings","Single Row |  Near Park | Hand Over Q2 2025","Dubai Properties","",""
"11924877","2025-11-06","Mudon","Al Ranim","Al Ranim 1","","","3300000","1488","16019","2217","206","Townhouse","3","","NULL","NULL","","1808","168","NULL","G+1","Active Listings","Brand New | Park-Facing | Multiple Units Available","Dubai Properties","",""
"10668265","2025-06-30","Mudon","Al Ranim","Al Ranim 1","","","4399999","1726","18583","2549","236.78","Townhouse","4","Park,Community","NULL","NULL","","2994","278.16","","G+1","Active Listings","CORNER PLOT | 4 + MAID | HANDOVER SOON | NEAR PARK","Dubai Properties","",""
"10199889","2025-03-17","Mudon","Al Ranim","Al Ranim 1","","","3050000","1376","14806","2217","206","Townhouse","3","","NULL","NULL","","0","0","NULL","G+1","Active Listings","Pool and Park View | 3 Bed | Handing Over in July","Dubai Properties","",""
"10290436","2025-05-05","Mudon","Al Ranim","Al Ranim 1","","","3200000","1443","15534","2217","206","Townhouse","3","","NULL","NULL","","1808","168","","G+1","Active Listings","Genuine Resale | G+1 | On the Park","Dubai Properties","",""
"11649522","2025-11-05","Mudon","Al Ranim","Al Ranim 1","","","3400000","1534","16505","2217","206","Townhouse","3","Community,Road","NULL","NULL","","1924","178.71","Type 3B1","G+1","Active Listings","Brand New I Vacant I 3 Bedroom Plus Maid I Single Row","Dubai Properties","",""
"11009046","2025-11-04","Mudon","Al Ranim","Al Ranim 1","","","3100000","1398","15049","2217","206","Townhouse","3","","NULL","NULL","","0","0","NULL","G+1","Active Listings","23 Resale Villas in Ranim 1 | Viewing Available","Dubai Properties","",""
"9100248","2025-09-18","Mudon","Al Ranim","Al Ranim 1","","","4100000","1609","17316","2548","236.78","Townhouse","4","","","","","2998","278.56","","G+1","Title Deed","","Dubai Properties","","Resale"
"12375812","2026-01-04","Mudon","Al Ranim","Al Ranim 1","","","5500000","2090","22541","2631","244","Townhouse","4","","NULL","NULL","","0","0","NULL","G+1","Active Listings","Single Row | Vacant and Ready | G+2","Dubai Properties","",""
"10928362","2025-08-11","Mudon","Al Ranim","Al Ranim 1","","","3450000","1560","16829","2211","205","Townhouse","3","","NULL","NULL","","0","0","NULL","G+1","Active Listings","Prime Location  | Not Road Facing | Best in Market","Dubai Properties","",""
"12242725","2025-12-20","Mudon","Al Ranim","Al Ranim 1","","","3500000","1579","16990","2217","206","Townhouse","3","","NULL","NULL","","1808","168","NULL","G+1","Active Listings","Ranim Close To The Park 3bedrooms | Ready To Move","Dubai Properties","",""
"10903710","2025-08-11","Mudon","Al Ranim","Al Ranim 1","","","3300000","1488","16019","2217","206","Townhouse","3","","NULL","NULL","","0","0","NULL","G+1","Active Listings","Key On Hand|Park Facing |Mortgage Buyer is Welcome","Dubai Properties","",""
"10871480","2025-11-04","Mudon","Al Ranim","Al Ranim 1","","","3650000","1421","15272","2568","239","Townhouse","3","","NULL","NULL","","0","0","NULL","G+1","Active Listings","G+2/ Pool And Park View/ Single Row / Type 3B2(M)","Dubai Properties","",""
"10781295","2025-08-04","Mudon","Al Ranim","Al Ranim 1","","","3800000","1480","15930","2568","238.55","Townhouse","3","","NULL","NULL","","1810","168.12","NULL","G+2","Active Listings","Prime Location /Pool and park View Ready to move","Dubai Properties","",""
"10723533","2025-07-18","Mudon","Al Ranim","Al Ranim 1","","","3100000","1398","15049","2217","206","Townhouse","3","","NULL","NULL","","1845","171.45","NULL","G+1","Active Listings","23 Resale Villas in Ranim 1 | Viewing Available","Dubai Properties","",""
"10662322","2025-06-28","Mudon","Al Ranim","Al Ranim 1","","","4050000","1589","17089","2549","237","Townhouse","4","","NULL","NULL","","0","0","NULL","G+1","Active Listings","Corner | Stunning Park View | Viewing Available","Dubai Properties","",""
"10397491","2025-06-12","Mudon","Al Ranim","Al Ranim 1","","","3000000","1353","14563","2217","206","Townhouse","3","","NULL","NULL","","0","0","NULL","G+1","Active Listings","On PARK I LONG Park View I VASTU Compliant","Dubai Properties","",""
"10198887","2025-03-18","Mudon","Al Ranim","Al Ranim 1","","","3000000","1353","14563","2217","206","Townhouse","3","","NULL","NULL","","1808","168","NULL","G+1","Active Listings","On PARK I LONG Park View I VASTU Compliant I Ready June25","Dubai Properties","",""
"10281019","2025-05-01","Mudon","Al Ranim","Al Ranim 1","","","2798000","37811","399714","74","7","Townhouse","3","","NULL","NULL","","0","0","NULL","G+1","Active Listings","Great Price | Community Living | Quality Finishes","Dubai Properties","",""
"11678887","2025-09-29","Mudon","Al Ranim","Al Ranim 1","","","4300000","1476","15867","2914","271","Townhouse","5","","NULL","NULL","","0","0","NULL","G+1","Active Listings","Mudon Al Ranim 1: Your Dream Family Townhouse in the Heart of Dubailand","Dubai Properties","",""
"10115363","2025-02-18","Mudon","Al Ranim","Al Ranim 1","","","2900000","1308","14078","2217","206","Townhouse","3","","NULL","NULL","","1845","171.45","NULL","G+1","Active Listings","SINGLE ROW | GENUINE RESALE | SPACIOUS LAYOUT","Dubai Properties","",""
"12374163","2026-01-09","Mudon","Al Ranim","Al Ranim 1","","","3200000","1443","15534","2217","206","Townhouse","3","Community,Road","","","","1924","178.71","Type 3B1","G+1","Title Deed","","Dubai Properties","","Resale"
"9112516","2025-07-04","Mudon","Al Ranim","Al Ranim 1","","","4200000","1648","17738","2549","236.78","Townhouse","4","Community,Green belt","","","","3065","284.73","End unit-type 4B1","G+1","Pending Sales (SPA/MOU)","","Dubai Properties","",""
"11763986","2025-10-16","Mudon","Al Ranim","Al Ranim 1","","","4350000","1707","18371","2548","236.78","Townhouse","4","Park,Community","","","","2994","278.16","","G+1","Title Deed","","Dubai Properties","","Resale"
"8916867","2025-04-03","Mudon","Al Ranim","Al Ranim 1","","","3050000","1376","14806","2217","206","Townhouse","3","","","","","1808","168","","G+1","Oqood","","Dubai Properties","","Resale"
"10960824","2025-10-21","Mudon","Al Ranim","Al Ranim 1","","","3250000","1383","14908","2350","218","Townhouse","3","","NULL","NULL","","0","0","NULL","G+1","Active Listings","Modern 3BR Townhouse | Vastu Single Row Unit | Prime Location","Dubai Properties","",""
"10925862","2025-12-15","Mudon","Al Ranim","Al Ranim 1","","","3500000","1579","16990","2217","206","Townhouse","3","","NULL","NULL","","1852","172.02","NULL","G+1","Active Listings","Multiple Units | Brand New | Ranim 1 &amp; 2","Dubai Properties","",""
"12226980","2025-12-18","Mudon","Al Ranim","Al Ranim 1","","","3750000","1471","15837","2549","236.78","Townhouse","4","","NULL","NULL","","2959","274.93","NULL","G+1","Active Listings","Genuine Resale | Single Row | Prime Location","Dubai Properties","",""
"10899545","2025-09-11","Mudon","Al Ranim","Al Ranim 1","","","3300000","1483","15942","2225","207","Townhouse","3","","NULL","NULL","","0","0","NULL","G+1","Active Listings","Brand New | Vatsu Compliant | Handed Over","Dubai Properties","",""
"10776110","2025-08-03","Mudon","Al Ranim","Al Ranim 1","","","3700000","1933","20787","1914","178","Townhouse","3","","NULL","NULL","","0","0","NULL","G+1","Active Listings","G+2 Unit | Single Row | Multiple Choices","Dubai Properties","",""
"10718542","2025-07-17","Mudon","Al Ranim","Al Ranim 1","","","3700000","1441","15510","2568","238.55","Townhouse","3","","NULL","NULL","","1871","173.84","NULL","G+2","Active Listings","Mortgage | G + 2 | Park View | Ready To Move in","Dubai Properties","",""
"10660330","2025-06-28","Mudon","Al Ranim","Al Ranim 1","","","3200000","1443","15534","2217","206","Townhouse","3","","NULL","NULL","","0","0","NULL","G+1","Active Listings","Handover Soon | 3 BR Plus Maids |  Phase One","Dubai Properties","",""
"10376686","2025-06-06","Mudon","Al Ranim","Al Ranim 1","","","4400000","1451","15603","3032","282","Townhouse","4","","NULL","NULL","","0","0","NULL","G+1","Active Listings","Motivated Seller | Hot Deal | Prime Location","Dubai Properties","",""
"10197565","2025-03-08","Mudon","Al Ranim","Al Ranim 1","","","3100000","18452","193750","168","16","Townhouse","3","","NULL","NULL","","0","0","NULL","G+1","Active Listings","B1 On Main Park| Mortgage buyer | Single row","Dubai Properties","",""
"11775612","2025-11-04","Mudon","Al Ranim","Al Ranim 1","","","4200000","1648","17738","2548","236.78","Townhouse","4","","NULL","NULL","","2915","270.77","Type 4B1","G+1","Active Listings","AED4,2 Million - Mudon Al Ranim 1: Your Dream Family Townhouse in the Heart of Dubailand","Dubai Properties","",""
"10246541","2025-04-19","Mudon","Al Ranim","Al Ranim 1","","","2950000","1331","14320","2217","206","Townhouse","3","","NULL","NULL","","0","0","NULL","G+1","Active Listings","Next to park | Handover Soon | Green Community","Dubai Properties","",""
"11701667","2025-11-01","Mudon","Al Ranim","Al Ranim 1","","","5200000","1225","13198","4245","394","Townhouse","4","","NULL","NULL","","0","0","NULL","G+1","Active Listings","G+2 | Big Plot | Park View | 4BR+Maids","Dubai Properties","",""
"11038282","2025-09-17","Mudon","Al Ranim","Al Ranim 1","","","3300000","1798","19412","1835","170","Townhouse","3","","NULL","NULL","","0","0","NULL","G+1","Active Listings","Amazing 3 Beds + Maids | Spacious Unit | Mudon","Dubai Properties","",""
"11825486","2025-10-21","Mudon","Al Ranim","Al Ranim 1","","","4995000","1677","18052","2978","276.7","Townhouse","4","Community,Swimming Pool,Park","","","","2585","240.15","Type: 4B2","G+2","Pending Sales (SPA/MOU)","","Dubai Properties","",""
"9110494","2025-09-05","Mudon","Al Ranim","Al Ranim 1","","","4475000","1756","18899","2548","236.78","Townhouse","4","Park,Community","","","","2994","278.16","Type 4B1 (M)","G+1","Pending Sales (SPA/MOU)","","Dubai Properties","",""
"9099053","2025-09-17","Mudon","Al Ranim","Al Ranim 1","","","3650000","1422","15301","2567","238.55","Townhouse","3","","","","","1914","177.8","","G+2","Title Deed","","Dubai Properties","","Resale"
"8975392","2025-05-15","Mudon","Al Ranim","Al Ranim 1","","","2850000","1286","13835","2217","206","Townhouse","3","Community,Park","","","","1896","176.15","","G+1","Oqood","","Dubai Properties","","Resale"
"10953338","2025-09-11","Mudon","Al Ranim","Al Ranim 1","","","3200000","1443","15534","2217","206","Townhouse","3","","NULL","NULL","","1859","172.67","NULL","G+1","Active Listings","Best Deal Price I Single Row I Walk to Park","Dubai Properties","",""
"12350894","2026-01-02","Mudon","Al Ranim","Al Ranim 1","","","3750000","1691","18204","2217","206","Townhouse","3","Community,Play area","NULL","NULL","","1808","168","NULL","G+1","Active Listings","Prime Location | Backing the Main Park| Brand New","Dubai Properties","",""
"10924717","2025-11-04","Mudon","Al Ranim","Al Ranim 1","","","3200000","1720","18497","1861","173","Townhouse","3","","NULL","NULL","","0","0","NULL","G+1","Active Listings","Brand New | Handed over | Close to Pool","Dubai Properties","",""
"12221662","2025-12-17","Mudon","Al Ranim","Al Ranim 1","","","3275000","1477","15898","2217","206","Townhouse","3","","NULL","NULL","","1808","168","NULL","G+1","Active Listings","BRAND NEW | READY TO MOVE | MULTIPLE OPTIONS","Dubai Properties","",""
"10893975","2025-08-11","Mudon","Al Ranim","Al Ranim 1","","","4450000","1746","18776","2549","237","Townhouse","4","","NULL","NULL","","0","0","NULL","G+1","Active Listings","Multiple Options | On Park | Next to Entrance","Dubai Properties","",""
"10771834","2025-08-01","Mudon","Al Ranim","Al Ranim 1","","","3550000","1601","17233","2217","206","Townhouse","3","","NULL","NULL","","1808","168","NULL","G+1","Active Listings","Facing Pool and Park | Viewing Available","Dubai Properties","",""
"10710543","2025-07-15","Mudon","Al Ranim","Al Ranim 1","","","3200000","1443","15534","2217","206","Townhouse","3","","NULL","NULL","","0","0","NULL","G+1","Active Listings","Single Row | Handover July | Best Location","Dubai Properties","",""
"10653723","2025-06-26","Mudon","Al Ranim","Al Ranim 1","","","3300000","1825","19643","1808","168","Townhouse","3","","NULL","NULL","","0","0","NULL","G+1","Active Listings","3BR + Maids TH| G+1| Handover Soon| Mudon| 50-50PP","Dubai Properties","",""
"10364840","2025-06-01","Mudon","Al Ranim","Al Ranim 1","","","3000000","1354","14563","2216","206","Townhouse","3","","NULL","NULL","","0","0","NULL","G+1","Active Listings","Single Row| G+1 | Handover Soon","Dubai Properties","",""
"10196182","2025-03-17","Mudon","Al Ranim","Al Ranim 1","","","3000000","1659","17857","1808","168","Townhouse","3","","NULL","NULL","","0","0","NULL","G+1","Active Listings","Handover in July 2025  | Pool Facing | Single Row","Dubai Properties","",""
"11770811","2025-11-04","Mudon","Al Ranim","Al Ranim 1","","","3275000","1477","15898","2217","206","Townhouse","3","","NULL","NULL","","1808","168","NULL","G+1","Active Listings","BRAND NEW | READY TO MOVE | MULTIPLE OPTIONS","Dubai Properties","",""
"10242960","2025-04-17","Mudon","Al Ranim","Al Ranim 1","","","3200000","1443","15534","2217","206","Townhouse","3","","NULL","NULL","","1916","177.99","","G+1","Active Listings","FINANCE PRE-APPROVED BUYER WELCOME | SINGLE ROW","Dubai Properties","",""
"11701177","2025-11-19","Mudon","Al Ranim","Al Ranim 1","","","3280000","1479","15922","2217","206","Townhouse","3","","NULL","NULL","","1859","172.67","NULL","G+1","Active Listings","Bigger Plot Size | Serious Seller | Brand New","Dubai Properties","",""
"11643071","2025-09-22","Mudon","Al Ranim","Al Ranim 1","","","3400000","1534","16505","2217","206","Townhouse","3","Community,Park","NULL","NULL","","1896","176.15","","G+1","Active Listings","Brand New | Park-Facing | Multiple Units Available","Dubai Properties","",""
"9109514","2025-09-16","Mudon","Al Ranim","Al Ranim 1","","","3800000","1480","15930","2567","238.55","Townhouse","3","Community,Park","","","","1808","168","Mid unit Type 3B2","G+2","Pending Sales (SPA/MOU)","","Dubai Properties","",""
"9092946","2025-09-11","Mudon","Al Ranim","Al Ranim 1","","","5000000","1962","21117","2548","236.78","Townhouse","4","","","","","4949","459.77","","G+1","Title Deed","","Dubai Properties","","Resale"
"10951567","2025-08-15","Mudon","Al Ranim","Al Ranim 1","","","3100000","1398","15049","2217","206","Townhouse","3","","NULL","NULL","","1894","175.96","NULL","G+1","Active Listings","GREAT LOCATION I 3BR G+1 I VASTU COMPLIANT","Dubai Properties","",""
"10892354","2025-09-04","Mudon","Al Ranim","Al Ranim 1","","","3150000","1421","15291","2217","206","Townhouse","3","","NULL","NULL","","1810","168.15","","G+1","Active Listings","Motivated Seller | 3B1 | Community Expert","Dubai Properties","",""
"12158284","2025-12-04","Mudon","Al Ranim","Al Ranim 1","","","3275000","1477","15898","2217","206","Townhouse","3","","NULL","NULL","","0","0","NULL","G+1","Active Listings","Pool and Park View | Brand New | Family Living","Dubai Properties","",""
"10834554","2025-08-13","Mudon","Al Ranim","Al Ranim 1","","","4400000","1478","15902","2978","276.7","Townhouse","4","","NULL","NULL","","2613","242.8","Type 4B2","G+2","Active Listings","Motivated Seller| G+2| Multiple Units available","Dubai Properties","",""
"10771769","2025-08-01","Mudon","Al Ranim","Al Ranim 1","","","3100000","1398","15049","2217","206","Townhouse","3","","NULL","NULL","","1845","171.45","NULL","G+1","Active Listings","23 Resale Villas in Ranim 1 | Viewing Available","Dubai Properties","",""
"10705014","2025-07-14","Mudon","Al Ranim","Al Ranim 1","","","3500000","1195","12868","2928","272","Townhouse","4","","NULL","NULL","","0","0","NULL","G+1","Active Listings","LUXURY 4-BEDS| PRIME LOCATION | GOOD DEAL BIG PLOT","Dubai Properties","",""
"10644577","2025-06-23","Mudon","Al Ranim","Al Ranim 1","","","2950000","1331","14320","2217","206","Townhouse","3","Community,Road","NULL","NULL","","1878","174.43","NULL","G+1","Active Listings","Best Price | Genuine Resale | Maids | Backing Road","Dubai Properties","",""
"10361475","2025-05-30","Mudon","Al Ranim","Al Ranim 1","","","2950000","1632","17560","1808","168","Townhouse","3","","NULL","NULL","","0","0","NULL","G+1","Active Listings","PARK FACING | MULTIPLE OPTIONS | READY SOON","Dubai Properties","",""
"10240214","2025-04-16","Mudon","Al Ranim","Al Ranim 1","","","4500000","1511","16263","2978","276.7","Townhouse","4","","NULL","NULL","","3035","281.99","NULL","G+2","Active Listings","3 Floors | Park Backing | Corner Villa","Dubai Properties","",""
"10169776","2025-03-11","Mudon","Al Ranim","Al Ranim 1","","","2900000","1308","14078","2217","206","Townhouse","3","Community,Road,Walkway","NULL","NULL","","1872","173.96","NULL","G+1","Active Listings","Genuine Seller | Single Row | 3BR +M | Elegant Layout","Dubai Properties","",""
"11698725","2025-11-20","Mudon","Al Ranim","Al Ranim 1","","","4999999","1679","18070","2978","276.7","Townhouse","4","","NULL","NULL","","2613","242.8","Type 4B2","G+2","Active Listings","G+2 | Genuine Listing |Viewings Available","Dubai Properties","",""
"11664540","2025-10-25","Mudon","Al Ranim","Al Ranim 1","","","5000000","1679","18051","2978","277","Townhouse","4","","NULL","NULL","","0","0","NULL","G+1","Active Listings","Big Layout | Prime Location | Corner Plot","Dubai Properties","",""
"11536992","2025-09-25","Mudon","Al Ranim","Al Ranim 1","","","4200000","1648","17738","2548","236.78","Townhouse","4","","NULL","NULL","","2666","247.69","","G+1","Active Listings","Park Backing | 4B1 | True Corner | Handed Over |","Dubai Properties","",""
"11032930","2025-09-25","Mudon","Al Ranim","Al Ranim 1","","","4400000","1108","11924","3971","369","Townhouse","4","","NULL","NULL","","0","0","NULL","G+1","Active Listings","Big Plot I Single Row I Prime Location I H-O Soon","Dubai Properties","",""
"10097665","2025-02-06","Mudon","Al Ranim","Al Ranim 1","","","3100000","1208","13025","2567","238","Townhouse","3","","NULL","NULL","","0","0","NULL","G+1","Active Listings","Urgent Sale|Genuine  | G+2|3BR+Maids | Park View","Dubai Properties","",""
"9045533","2025-07-22","Mudon","Al Ranim","Al Ranim 1","","","3200000","1443","15534","2217","206","Townhouse","3","Community,Walkway,Road","","","","1856","172.42","mid unit","G+1","Pending Sales (SPA/MOU)","","Dubai Properties","",""
"9089685","2025-09-08","Mudon","Al Ranim","Al Ranim 1","","","3250000","1466","15777","2217","206","Townhouse","3","Community,Walkway,Play area","","","","1871","173.84","","G+1","Title Deed","","Dubai Properties","","Resale"
"12415461","2025-09-30","Mudon","Al Ranim","Al Ranim 1","","","3600000","0","0","0","0","Townhouse","3","","","","","1808","168","","G+1","Pending Sales (SPA/MOU)","","NULL","",""
"10887024","2025-09-04","Mudon","Al Ranim","Al Ranim 1","","","3200000","1774","19048","1804","168","Townhouse","3","","NULL","NULL","","0","0","NULL","G+1","Active Listings","Genuine Listing | 3BR plus Maids | Mortgage","Dubai Properties","",""
"10830239","2025-12-16","Mudon","Al Ranim","Al Ranim 1","","","3750000","1471","15837","2549","236.78","Townhouse","4","","NULL","NULL","","2959","274.93","","G+1","Active Listings","Genuine Resale | Single Row | Prime Location","Dubai Properties","",""
"10766605","2025-07-31","Mudon","Al Ranim","Al Ranim 1","","","3750000","1460","15690","2568","239","Townhouse","3","","NULL","NULL","","0","0","NULL","G+1","Active Listings","3 Bed G+2  | Park Facing | Brand New","Dubai Properties","",""
"10697890","2025-07-11","Mudon","Al Ranim","Al Ranim 1","","","3100000","1656","17816","1872","174","Townhouse","3","","NULL","NULL","","0","0","NULL","G+1","Active Listings","Call Now for Viewing |Mortgage Buyers are Welcome","Dubai Properties","",""
"10627691","2025-06-19","Mudon","Al Ranim","Al Ranim 1","","","3150000","1421","15291","2217","206","Townhouse","3","","NULL","NULL","","0","0","NULL","G+1","Active Listings","Handover Soon On Park Prime Location Genuine Seller","Dubai Properties","",""
"10345410","2025-05-25","Mudon","Al Ranim","Al Ranim 1","","","3000000","1353","14563","2217","206","Townhouse","3","","NULL","NULL","","0","0","NULL","G+1","Active Listings","Spacious | Single Row | Handover Q3 2025","Dubai Properties","",""
"10228074","2025-04-10","Mudon","Al Ranim","Al Ranim 1","","","3000000","1636","17647","1834","170","Townhouse","3","","NULL","NULL","","0","0","NULL","G+1","Active Listings","Modern Unit I Prime Location I Motivated Seller","Dubai Properties","",""
"10128399","2025-02-27","Mudon","Al Ranim","Al Ranim 1","","","3000000","1353","14563","2217","206","Townhouse","3","Community,Road,Walkway","NULL","NULL","","1872","173.96","NULL","G+1","Active Listings","Single Row | Brand New ? | Close to Amenities","Dubai Properties","",""
"11029458","2026-01-03","Mudon","Al Ranim","Al Ranim 1","","","4285000","1681","18097","2549","236.78","Townhouse","4","Community","NULL","NULL","","2975","276.43","NULL","G+1","Active Listings","Corner Unit | Larger Plot | Single Row","Dubai Properties","",""
"10997982","2025-09-15","Mudon","Al Ranim","Al Ranim 1","","","4850000","1629","17528","2978","276.7","Townhouse","4","Community,Swimming Pool,Park","NULL","NULL","","2585","240.13","","G+2","Active Listings","VACANT | CORNER | 4BD+MAID | Al Ranim 1.","Dubai Properties","",""
"10096604","2025-02-26","Mudon","Al Ranim","Al Ranim 1","","","2999999","1353","14563","2217","206","Townhouse","3","","NULL","NULL","","0","0","NULL","G+1","Active Listings","Single Row | Facing The Pool | 3B1 Layout","Dubai Properties","",""
"9128713","2025-10-14","Mudon","Al Ranim","Al Ranim 1","","","3750000","1461","15720","2567","238.55","Townhouse","3","Community,Park","","","","1808","168","","G+2","Title Deed","","Dubai Properties","","Resale"
"11940819","2025-11-10","Mudon","Al Ranim","Al Ranim 1","","","4260000","1672","17991","2548","236.78","Townhouse","4","Community,Green belt,Back to Back","","","","2656","246.75","","G+1","Title Deed","","Dubai Properties","","Resale"
"11797665","2025-09-25","Mudon","Al Ranim","Al Ranim 1","","","4200000","1622","17455","2590","240.62","Townhouse","4","","","","","2666","247.68","","G+1","Pending Sales (SPA/MOU)","","Dubai Properties","",""
"10920424","2025-10-24","Mudon","Al Ranim","Al Ranim 1","","","4200000","1627","17500","2582","240","Townhouse","4","","NULL","NULL","","0","0","","G+1","Active Listings","Brand New Semi Detached | Furnished with White Goods | Welcoming Neighbourhood | Parkside Gem","Dubai Properties","",""
"10761317","2025-07-29","Mudon","Al Ranim","Al Ranim 1","","","4450000","1744","18776","2551","237","Townhouse","4","","NULL","NULL","","0","0","NULL","G+1","Active Listings","4Bed Townhouse | On The Park | Multiple Units","Dubai Properties","",""
"12071324","2025-11-18","Mudon","Al Ranim","Al Ranim 1","","","4200000","1648","17738","2548","236.78","Townhouse","4","","NULL","NULL","","2915","270.77","Type 4B1","G+1","Active Listings","Spacious 4 Bedroom | Vacant | Community View","Dubai Properties","",""
"10691525","2025-07-08","Mudon","Al Ranim","Al Ranim 1","","","4000000","1569","16893","2549","236.78","Townhouse","4","Community","NULL","NULL","","2975","276.43","NULL","G+1","Active Listings","Handover Soon | Huge Plot | Community View","Dubai Properties","",""
"10412550","2025-06-17","Mudon","Al Ranim","Al Ranim 1","","","3100000","1398","15049","2217","206","Townhouse","3","","NULL","NULL","","0","0","NULL","G+1","Active Listings","Type 3B1 | Opposite to Park | Genuine Resale","Dubai Properties","",""
"10204271","2025-03-14","Mudon","Al Ranim","Al Ranim 1","","","2900000","1308","14078","2217","206","Townhouse","3","","NULL","NULL","","0","0","NULL","G+1","Active Listings","GENUNE RESALE | 3  BEDROOMS VILLA |PRIME LOCATION","Dubai Properties","",""
"10338632","2025-05-23","Mudon","Al Ranim","Al Ranim 1","","","3200000","1443","15534","2217","206","Townhouse","3","","NULL","NULL","","0","0","NULL","G+1","Active Listings","Park View | 3-Bedroom | Resale | Multiple Options","Dubai Properties","",""
"10192418","2025-03-12","Mudon","Al Ranim","Al Ranim 1","","","3000000","1595","17143","1881","175","Townhouse","3","","NULL","NULL","","0","0","NULL","G+1","Active Listings","Luxury 3BR Villa | Contemporary | Prime Location","Dubai Properties","",""
"10224183","2025-04-08","Mudon","Al Ranim","Al Ranim 1","","","2900000","1308","14078","2217","206","Townhouse","3","Community,Road,Walkway","NULL","NULL","","1872","173.96","NULL","G+1","Active Listings","Genuine Seller | Single Row | 3BR +M | Elegant Layout","Dubai Properties","",""
"11534625","2025-10-01","Mudon","Al Ranim","Al Ranim 1","","","3600000","1624","17476","2217","206","Townhouse","3","","NULL","NULL","","0","0","NULL","G+1","Active Listings","On The Park | Easy To View | Close To Pool","Dubai Properties","",""
"11019804","2025-10-05","Mudon","Al Ranim","Al Ranim 1","","","3800000","1480","15966","2567","238","Townhouse","3","","NULL","NULL","","0","0","NULL","G+1","Active Listings","Genuine Resale| Spacious 3Bedroom with Lounge Area","Dubai Properties","",""
"12492792","2026-01-29","Mudon","Al Ranim","Al Ranim 1","","","3350000","1511","16262","2217","206","Townhouse","3","Community,Road","","","","1808","168","Type 3B1","G+1","Title Deed","","Dubai Properties","","Resale"
"9082941","2025-08-29","Mudon","Al Ranim","Al Ranim 1","","","4000000","1570","16893","2548","236.78","Townhouse","4","","","","","3064","284.67","","G+1","Title Deed","","Dubai Properties","","Resale"
"10944723","2025-09-13","Mudon","Al Ranim","Al Ranim 1","","","4250000","1491","16038","2851","265","Townhouse","4","","NULL","NULL","","0","0","NULL","G+1","Active Listings","Facing Park I Genuine Resale I Brand New","Dubai Properties","",""
"10918813","2025-09-30","Mudon","Al Ranim","Al Ranim 1","","","4500000","1575","16981","2857","265","Townhouse","4","","NULL","NULL","","0","0","NULL","G+1","Active Listings","Ideal for Family Living | G+1 | Near to School","Dubai Properties","",""
"10883734","2025-09-16","Mudon","Al Ranim","Al Ranim 1","","","3450000","1556","16748","2217","206","Townhouse","3","","NULL","NULL","","1808","168","NULL","G+1","Active Listings","Close To Amenities | Spacious Layout | Brand New","Dubai Properties","",""
"12156425","2025-12-04","Mudon","Al Ranim","Al Ranim 1","","","3350000","1511","16262","2217","206","Townhouse","3","","NULL","NULL","","0","0","NULL","G+1","Active Listings","SINGLE ROW | GENUINE RESALE | SPACIOUS LAYOUT","Dubai Properties","",""
"10822417","2025-10-30","Mudon","Al Ranim","Al Ranim 1","","","3550000","1963","21131","1808","168","Townhouse","3","","NULL","NULL","","0","0","NULL","G+1","Active Listings","Park facing 2 units next to each other","Dubai Properties","",""
"10412158","2025-06-17","Mudon","Al Ranim","Al Ranim 1","","","3500000","1228","13208","2850","265","Townhouse","4","","NULL","NULL","","0","0","NULL","G+1","Active Listings","Backing to Park | Single Row | Handover July 2025","Dubai Properties","",""
"10326011","2025-05-19","Mudon","Al Ranim","Al Ranim 1","","","3000000","1353","14563","2217","206","Townhouse","3","","NULL","NULL","","1808","168","NULL","G+1","Active Listings","On PARK I LONG Park View I VASTU Compliant","Dubai Properties","",""
"11692143","2025-11-04","Mudon","Al Ranim","Al Ranim 1","","","4250000","1668","17949","2548","236.78","Townhouse","4","","NULL","NULL","","2915","270.77","Type 4B1","G+1","Active Listings","Spacious | Family Oriented | Great Investment","Dubai Properties","",""
"11659003","2025-11-26","Mudon","Al Ranim","Al Ranim 1","","","3600000","1624","17476","2217","206","Townhouse","3","","NULL","NULL","","1808","168","","G+1","Active Listings","Brand new 3-Beds | Keys in Hand | Ready to move","Dubai Properties","",""
"10992750","2025-11-04","Mudon","Al Ranim","Al Ranim 1","","","3300000","1488","16019","2217","206","Townhouse","3","","NULL","NULL","","1808","168","NULL","G+1","Active Listings","Brand New | Park-Facing | Multiple Units Available","Dubai Properties","",""
"10091112","2025-02-06","Mudon","Al Ranim","Al Ranim 1","","","2900000","1308","14078","2217","206","Townhouse","3","Community,Road,Walkway","NULL","NULL","","1872","173.96","NULL","G+1","Active Listings","Genuine Seller|Single Row |3BR +M|Elegant Layout","Dubai Properties","",""
"12300295","2025-12-22","Mudon","Al Ranim","Al Ranim 1","","","4290000","1684","18118","2548","236.78","Townhouse","4","","","","","2978","276.69","Type 4B1","G+1","Title Deed","","Dubai Properties","","Resale"
"12135948","2025-11-27","Mudon","Al Ranim","Al Ranim 1","","","4450000","1746","18794","2548","236.78","Townhouse","4","","","","","3033","281.75","","G+1","Title Deed","","Dubai Properties","","Resale"
"9076326","2025-08-22","Mudon","Al Ranim","Al Ranim 1","","","4125000","1619","17421","2548","236.78","Townhouse","4","","","","","2662","247.34","","G+1","Title Deed","","Dubai Properties","","Resale"
"11911483","2025-11-05","Mudon","Al Ranim","Al Ranim 1","","","4350000","1707","18371","2548","236.78","Townhouse","4","","","","","2599","241.49","","G+1","Title Deed","","Dubai Properties","","Resale"
"10944489","2025-09-01","Mudon","Al Ranim","Al Ranim 1","","","4200000","1648","17738","2549","236.78","Townhouse","4","","NULL","NULL","","2582","239.89","","G+1","Active Listings","Park View | Brand New | Family Living","Dubai Properties","",""
"12328510","2025-12-26","Mudon","Al Ranim","Al Ranim 1","","","3500000","1579","16990","2217","206","Townhouse","3","","NULL","NULL","","1808","168","NULL","G+1","Active Listings","Ready To Move 3 Beds Close To The Park And Pool","Dubai Properties","",""
"10883384","2025-09-12","Mudon","Al Ranim","Al Ranim 1","","","3450000","1556","16748","2217","206","Townhouse","3","","NULL","NULL","","1808","168","NULL","G+1","Active Listings","Motivated Seller|Fully Fitted Kitchen| Park Facing","Dubai Properties","",""
"10813853","2025-09-12","Mudon","Al Ranim","Al Ranim 1","","","3325000","1500","16141","2217","206","Townhouse","3","","NULL","NULL","","1808","167.99","","G+1","Active Listings","Close to Amenities | Brand New | 3 BR + Maids","Dubai Properties","",""
"10757352","2025-07-28","Mudon","Al Ranim","Al Ranim 1","","","3100000","1656","17816","1872","174","Townhouse","3","","NULL","NULL","","0","0","NULL","G+1","Active Listings","Motivated Seller| Single Row | Genuine Resale","Dubai Properties","",""
"12067142","2025-11-18","Mudon","Al Ranim","Al Ranim 1","","","3400000","1534","16505","2217","206","Townhouse","3","Community,Road","NULL","NULL","","1808","168","Type 3B1","G+1","Active Listings","Ready to Move | Single Row | Modern Living","Dubai Properties","",""
"10691302","2025-07-08","Mudon","Al Ranim","Al Ranim 1","","","3550000","1601","17233","2217","206","Townhouse","3","","NULL","NULL","","1808","168","NULL","G+1","Active Listings","Cash or Mortgage |On the Main Park |Genuine Seller","Dubai Properties","",""
"11715812","2025-12-07","Mudon","Al Ranim","Al Ranim 1","","","3350000","1511","16262","2217","206","Townhouse","3","","NULL","NULL","","1852","172.02","NULL","G+1","Active Listings","Prime Location | Spacious Layout | Best Price","Dubai Properties","",""
"11687691","2025-11-03","Mudon","Al Ranim","Al Ranim 1","","","4200000","1650","17722","2546","237","Townhouse","4","","NULL","NULL","","0","0","NULL","G+1","Active Listings","Premium 4 BR + Maid | Facing Pool and Park","Dubai Properties","",""
"11053736","2025-10-25","Mudon","Al Ranim","Al Ranim 1","","","4900000","1896","20417","2585","240","Townhouse","4","","NULL","NULL","","0","0","NULL","G+1","Active Listings","4 Beds Plus Family Room | Prime Location","Dubai Properties","",""
"10990257","2025-09-25","Mudon","Al Ranim","Al Ranim 1","","","3800000","1481","15966","2566","238","Townhouse","3","","NULL","NULL","","0","0","NULL","G+1","Active Listings","Mortgage | G + 2 | Park View | Ready To Move in","Dubai Properties","",""
"9068541","2025-08-14","Mudon","Al Ranim","Al Ranim 1","","","3500000","1363","14672","2567","238.55","Townhouse","3","","","","","1875","174.23","","G+2","Title Deed","","Dubai Properties","","Resale"
"11898907","2025-10-31","Mudon","Al Ranim","Al Ranim 1","","","3250000","1470","15822","2211","205.41","Townhouse","3","","","","","1866","173.38","","G+1","Title Deed","","Dubai Properties","","Resale"
"12489242","2026-01-28","Mudon","Al Ranim","Al Ranim 1","","","3455000","1558","16772","2217","206","Townhouse","3","","NULL","NULL","NULL","1808","168","NULL","G+1","Active Listings","Single Row I Brand New I Next to Park","Dubai Properties","",""
"10939593","2025-08-15","Mudon","Al Ranim","Al Ranim 1","","","3325000","1500","16141","2217","206","Townhouse","3","","NULL","NULL","","1808","168","NULL","G+1","Active Listings","G+1 | Close to Park | Handed over","Dubai Properties","",""
"10914685","2025-08-18","Mudon","Al Ranim","Al Ranim 1","","","3100000","1398","15049","2217","206","Townhouse","3","","NULL","NULL","","0","0","NULL","G+1","Active Listings","Prime Location |Motivated Seller| Facing Pool |3BR","Dubai Properties","",""
"10883188","2025-09-16","Mudon","Al Ranim","Al Ranim 1","","","3700000","1441","15510","2568","238.55","Townhouse","3","","NULL","NULL","","1808","168","","G+2","Active Listings","Genuine | Contemporary Living | Move In Soon","Dubai Properties","",""
"10812921","2025-08-08","Mudon","Al Ranim","Al Ranim 1","","","3300000","1488","16019","2217","206","Townhouse","3","","NULL","NULL","","0","0","NULL","G+1","Active Listings","Premium Locations | 3 Bedroom G+1 | Brand New","Dubai Properties","",""
"12097218","2025-11-19","Mudon","Al Ranim","Al Ranim 1","","","3400000","1534","16505","2217","206","Townhouse","3","","NULL","NULL","","0","0","NULL","G+1","Active Listings","BRAND NEW/ON PRIME LOCATION/NEAR TO THE AMANITIES/GOOD FOR LIVING/PLEASE ONLY SEREOUS BUYER CONTACT","Dubai Properties","",""
"10748594","2025-07-25","Mudon","Al Ranim","Al Ranim 1","","","3200000","1443","15534","2217","206","Townhouse","3","","NULL","NULL","","1808","167.99","","G+1","Active Listings","Genuine Resale | Handover Soon | Single Row","Dubai Properties","",""
"10688790","2025-07-07","Mudon","Al Ranim","Al Ranim 1","","","3100000","1398","15049","2217","206","Townhouse","3","","NULL","NULL","","0","0","NULL","G+1","Active Listings","Type 3B1 | Opposite to Park | Genuine Resale","Dubai Properties","",""
"10411622","2025-06-17","Mudon","Al Ranim","Al Ranim 1","","","3200000","1443","15534","2217","206","Townhouse","3","","NULL","NULL","","1916","177.99","","G+1","Active Listings","FINANCE PRE-APPROVED BUYER WELCOME | SINGLE ROW","Dubai Properties","",""
"10320339","2025-05-17","Mudon","Al Ranim","Al Ranim 1","","","4000000","1549","16667","2582","240","Townhouse","4","","NULL","NULL","","0","0","NULL","G+1","Active Listings","G+2 | 4Beds+M | Ready June 2025 | Cash Buyer Only","Dubai Properties","",""
"11052589","2025-09-16","Mudon","Al Ranim","Al Ranim 1","","","3450000","1556","16748","2217","206","Townhouse","3","","NULL","NULL","","1808","168","NULL","G+1","Active Listings","Motivated Seller|Fully Fitted Kitchen| Park Facing","Dubai Properties","",""
"11011371","2025-10-01","Mudon","Al Ranim","Al Ranim 1","","","3550000","1601","17233","2217","206","Townhouse","3","","NULL","NULL","","0","0","NULL","G+1","Active Listings","Facing Pool and Park | Viewing Available","Dubai Properties","",""
"9115053","2025-09-29","Mudon","Al Ranim","Al Ranim 1","","","3275000","1477","15898","2217","206","Townhouse","3","","","","","1808","168","","G+1","Title Deed","","Dubai Properties","","Resale"
"9066318","2025-08-12","Mudon","Al Ranim","Al Ranim 1","","","3130000","1412","15194","2217","206","Townhouse","3","","","","","1894","175.96","","G+1","Title Deed","","Dubai Properties","","Resale"
"11831693","2025-10-29","Mudon","Al Ranim","Al Ranim 1","","","4250000","1668","17949","2548","236.78","Townhouse","4","Community","","","","2975","276.43","","G+1","Title Deed","","Dubai Properties","","Resale"
"10931803","2025-09-28","Mudon","Al Ranim","Al Ranim 1","","","4300000","1687","18143","2549","237","Townhouse","4","","NULL","NULL","","0","0","NULL","G+1","Active Listings","Corner unit - Spacious 4-Bed + Maid Townhouse | Prime Location in Al Ranim 1, Mudon","Dubai Properties","",""
"10909617","2025-08-25","Mudon","Al Ranim","Al Ranim 1","","","4450000","1563","16792","2848","265","Townhouse","4","","NULL","NULL","","0","0","NULL","G+1","Active Listings","End Unit | Park View | Ready Now","Dubai Properties","",""
"12189508","2025-12-11","Mudon","Al Ranim","Al Ranim 1","","","3350000","1511","16262","2217","206","Townhouse","3","","NULL","NULL","","1852","172.02","NULL","G+1","Active Listings","Prime Location | Spacious Layout | Best Price","Dubai Properties","",""
"10811419","2025-08-07","Mudon","Al Ranim","Al Ranim 1","","","3550000","1963","21131","1808","168","Townhouse","3","","NULL","NULL","","0","0","NULL","G+1","Active Listings","Brand New I Spacious 3 BHK I Good Location","Dubai Properties","",""
"10747427","2025-07-25","Mudon","Al Ranim","Al Ranim 1","","","3100000","1398","15049","2217","206","Townhouse","3","","NULL","NULL","","1872","173.93","NULL","G+1","Active Listings","Motivated Seller| Single Row | Genuine Resale","Dubai Properties","",""
"10683002","2025-07-04","Mudon","Al Ranim","Al Ranim 1","","","3300000","1488","16019","2217","206","Townhouse","3","","NULL","NULL","","0","0","NULL","G+1","Active Listings","Premium Locations | Multiple Units | Brand New","Dubai Properties","",""
"10409492","2025-06-17","Mudon","Al Ranim","Al Ranim 1","","","3500000","1280","13780","2734","254","Townhouse","4","","NULL","NULL","","0","0","NULL","G+1","Active Listings","4 Bed + Maids | On Green Belt","Dubai Properties","",""
"11712622","2025-11-04","Mudon","Al Ranim","Al Ranim 1","","","3300000","1488","16019","2217","206","Townhouse","3","","NULL","NULL","","1808","168","NULL","G+1","Active Listings","Ultra-Prime  | Good Location  | Brand new","Dubai Properties","",""
"11687445","2025-11-04","Mudon","Al Ranim","Al Ranim 1","","","3290000","1484","15971","2217","206","Townhouse","3","","NULL","NULL","","0","0","NULL","G+1","Active Listings","FINANCE PRE-APPROVED BUYER WELCOME | VIEWING AVAILABLE","Dubai Properties","",""
"9052626","2025-08-05","Mudon","Al Ranim","Al Ranim 1","","","3250000","1460","15716","2226","206.8","Townhouse","3","","","","","1808","168","","G+1","Title Deed","","Dubai Properties","","Resale"
"8945101","2025-04-21","Mudon","Al Ranim","Al Ranim 1","","","2975000","1342","14442","2217","206","Townhouse","3","","","","","1808","168","","G+1","Oqood","","Dubai Properties","","Resale"
"8855519","2025-02-09","Mudon","Al Ranim","Al Ranim 1","","","2858800","1289","13878","2217","206","Townhouse","3","","","","","1916","178","","G+1","Oqood","","Dubai Properties","","Resale"
"10907716","2025-09-09","Mudon","Al Ranim","Al Ranim 1","","","3600000","1624","17476","2217","206","Townhouse","3","","NULL","NULL","","1854","172.25","","G+1","Active Listings","Brand New I Fitted Kitchen I Spacious Layout","Dubai Properties","",""
"10809400","2025-08-07","Mudon","Al Ranim","Al Ranim 1","","","3100000","1715","18452","1808","168","Townhouse","3","","NULL","NULL","","0","0","NULL","G+1","Active Listings","On the Main Park| Prime Location | Handover july25","Dubai Properties","",""
"12091718","2025-11-18","Mudon","Al Ranim","Al Ranim 1","","","3600000","1624","17476","2217","206","Townhouse","3","","NULL","NULL","","1854","172.25","NULL","G+1","Active Listings","Middle Unit I Brand New I Motivated Seller","Dubai Properties","",""
"10728055","2025-07-20","Mudon","Al Ranim","Al Ranim 1","","","3200000","1443","15534","2217","206","Townhouse","3","","NULL","NULL","","1859","172.72","NULL","G+1","Active Listings","Resale| Brand New 3 Bedroom+Maid| Vacant","Dubai Properties","",""
"10669088","2025-07-01","Mudon","Al Ranim","Al Ranim 1","","","3100000","1398","15049","2217","206","Townhouse","3","","NULL","NULL","","0","0","NULL","G+1","Active Listings","GENUNE RESALE | 3  BEDROOMS VILLA |PRIME LOCATION","Dubai Properties","",""
"11836036","2025-11-04","Mudon","Al Ranim","Al Ranim 1","","","3750000","1691","18204","2217","206","Townhouse","3","Community,Play area","NULL","NULL","","1808","168","NULL","G+1","Active Listings","Prime Location | Backing the Main Park| Brand New","Dubai Properties","",""
"10406556","2025-06-16","Mudon","Al Ranim","Al Ranim 1","","","3700000","1441","15510","2568","238.55","Townhouse","3","","NULL","NULL","","1871","173.84","NULL","G+2","Active Listings","Genuine Resale | G + 2 | Park View | Call Now!","Dubai Properties","",""
"10295847","2025-05-07","Mudon","Al Ranim","Al Ranim 1","","","2900000","1308","14078","2217","206","Townhouse","3","Community,Road,Walkway","NULL","NULL","","1872","173.96","NULL","G+1","Active Listings","Genuine Seller | Single Row | 3BR +M | Elegant Layout","Dubai Properties","",""
"11682635","2025-10-06","Mudon","Al Ranim","Al Ranim 1","","","4500000","1578","16981","2851","265","Townhouse","4","","NULL","NULL","","0","0","NULL","G+1","Active Listings","Facing Park I Genuine Resale I Best Deal","Dubai Properties","",""
"11649747","2025-11-05","Mudon","Al Ranim","Al Ranim 1","","","3400000","1534","16505","2217","206","Townhouse","3","Community,Road","NULL","NULL","","1924","178.71","Type 3B1","G+1","Active Listings","Singel Row | Brand New I Vacant I 3 Bedroom Plus Maid| Al Ranim","Dubai Properties","",""
"11050506","2025-09-17","Mudon","Al Ranim","Al Ranim 1","","","3200000","1721","18497","1859","173","Townhouse","3","","NULL","NULL","","0","0","NULL","G+1","Active Listings","Best Deal Price I Single Row I Walk to Park","Dubai Properties","",""
"11009934","2025-09-25","Mudon","Al Ranim","Al Ranim 1","","","4149999","1629","17527","2548","236.78","Townhouse","4","","NULL","NULL","","2666","247.69","","G+1","Active Listings","On The Park and Near to Pool | Corner Unit","Dubai Properties","",""
"12409872","2026-01-13","Mudon","Al Ranim","Al Ranim 1","","","3950000","1539","16558","2567","238.55","Townhouse","3","","","","","1898","176.33","Type 3B2","G+2","Title Deed","","Dubai Properties","","Resale"
"9114860","2025-09-23","Mudon","Al Ranim","Al Ranim 1","","","4350000","1707","18371","2548","236.78","Townhouse","4","Community,Green belt,Back to Back","","","","2657","246.8","Type: 4B1","G+1","Pending Sales (SPA/MOU)","","Dubai Properties","",""
"9104251","2025-09-23","Mudon","Al Ranim","Al Ranim 1","","","3225000","1455","15655","2217","206","Townhouse","3","","","","","1890","175.63","","G+1","Title Deed","","Dubai Properties","","Resale"
"11794972","2025-10-23","Mudon","Al Ranim","Al Ranim 1","","","4200000","1650","17754","2546","236.57","Townhouse","4","","","","","2582","239.89","","G+1","Title Deed","","Dubai Properties","","Resale"
"10929187","2025-09-02","Mudon","Al Ranim","Al Ranim 1","","","3400000","1534","16505","2217","206","Townhouse","3","","NULL","NULL","","0","0","NULL","G+1","Active Listings","G+1 Townhouse | Prime Location | Viewing Available","Dubai Properties","",""
"10906171","2025-08-22","Mudon","Al Ranim","Al Ranim 1","","","3800000","1480","15900","2568","239","Townhouse","3","","NULL","NULL","","0","0","NULL","G+1","Active Listings","Brand New | Vacant | Park Backing","Dubai Properties","",""
"10873223","2025-10-18","Mudon","Al Ranim","Al Ranim 1","","","4399999","1470","15827","2993","278","Townhouse","4","","NULL","NULL","","0","0","","G+1","Active Listings","LARGE PLOT | 4+ MAID | RIGHT ON PARK | CORNER UNIT","Dubai Properties","",""
"10805736","2025-08-06","Mudon","Al Ranim","Al Ranim 1","","","3450000","1908","20536","1808","168","Townhouse","3","","NULL","NULL","","0","0","NULL","G+1","Active Listings","Brand New | Ready To Mortgage | A Must See","Dubai Properties","",""
"10667753","2025-06-30","Mudon","Al Ranim","Al Ranim 1","","","3100000","1398","15049","2217","206","Townhouse","3","","NULL","NULL","","1859","172.67","NULL","G+1","Active Listings","Single Row | Handover Soon| Walking To Park","Dubai Properties","",""
"10401551","2025-06-13","Mudon","Al Ranim","Al Ranim 1","","","4500000","1511","16245","2978","277","Townhouse","4","","NULL","NULL","","0","0","NULL","G+1","Active Listings","3 Floors | Park Backing | Corner Villa","Dubai Properties","",""
"10290420","2025-05-05","Mudon","Al Ranim","Al Ranim 1","","","3200000","1443","15534","2217","206","Townhouse","3","","NULL","NULL","","1808","168","NULL","G+1","Active Listings","Community Specialist | Exclusive | July 2025","Dubai Properties","",""
"10182192","2025-03-18","Mudon","Al Ranim","Al Ranim 1","","","2900000","1308","14078","2217","206","Townhouse","3","","NULL","NULL","","1845","171.45","NULL","G+1","Active Listings","SINGLE ROW | GENUINE RESALE | SPACIOUS LAYOUT","Dubai Properties","",""
"11008203","2025-10-11","Mudon","Al Ranim","Al Ranim 1","","","4200000","1648","17738","2548","236.78","Townhouse","4","","NULL","NULL","","2915","270.77","Type 4B1","G+1","Active Listings","Community View | Vacant | Genuine Seller","Dubai Properties","",""
"9099110","2025-09-17","Mudon","Al Ranim","Al Ranim 1","","","3160000","1425","15340","2217","206","Townhouse","3","","","","","1859","172.67","","G+1","Title Deed","","Dubai Properties","","Resale"
"12431999","2026-01-15","Mudon","Al Ranim","Al Ranim 1","","","3700000","1669","17961","2217","206","Townhouse","3","Community,Walkway,Road","NULL","NULL","","1854","172.25","NULL","G+1","Active Listings","3BR TH G+1 | Close to Park | Single Row","Dubai Properties","",""
"10926430","2025-08-18","Mudon","Al Ranim","Al Ranim 1","","","3200000","1443","15534","2217","206","Townhouse","3","","NULL","NULL","","1808","167.99","","G+1","Active Listings","Genuine Resale | Ready To Move In | Single Row","Dubai Properties","",""
"10870873","2025-09-14","Mudon","Al Ranim","Al Ranim 1","","","3600000","1991","21429","1808","168","Townhouse","3","","NULL","NULL","","0","0","NULL","G+1","Active Listings","Prime Location| Facing Park | Close to Pool","Dubai Properties","",""
"10778223","2025-08-03","Mudon","Al Ranim","Al Ranim 1","","","4175000","1369","14753","3049","283","Townhouse","4","","NULL","NULL","","0","0","NULL","G+1","Active Listings","Mortgage Eligible |  | Large Plot | Corner Unit on Park","Dubai Properties","",""
"10722648","2025-07-18","Mudon","Al Ranim","Al Ranim 1","","","3200000","1443","15534","2217","206","Townhouse","3","Community,Road","NULL","NULL","","1846","171.54","NULL","G+1","Active Listings","Spacious Layout | Viewing Available | Prime Location","Dubai Properties","",""
"10662300","2025-06-28","Mudon","Al Ranim","Al Ranim 1","","","3950000","1550","16667","2549","237","Townhouse","4","","NULL","NULL","","0","0","NULL","G+1","Active Listings","4 Bed Townhouse | End Unit | Larger Plot","Dubai Properties","",""
"11829880","2025-11-04","Mudon","Al Ranim","Al Ranim 1","","","3550000","1601","17233","2217","206","Townhouse","3","","NULL","NULL","","1808","168","NULL","G+1","Active Listings","Park Backing|Prime Spot|Multiple Options","Dubai Properties","",""
"10388196","2025-06-10","Mudon","Al Ranim","Al Ranim 1","","","2950000","1331","14320","2217","206","Townhouse","3","Community,Road","NULL","NULL","","1878","174.43","NULL","G+1","Active Listings","Cash Buyer | Genuine Resale | Maids | Backing Road","Dubai Properties","",""
"10259470","2025-04-24","Mudon","Al Ranim","Al Ranim 1","","","3200000","1256","13502","2548","237","Townhouse","4","","NULL","NULL","","0","0","NULL","G+1","Active Listings","4BR PARK FACING | TOWNHOUSE | GATED COMMUNITY","Dubai Properties","",""
"10180785","2025-03-07","Mudon","Al Ranim","Al Ranim 1","","","3500000","1195","12868","2928","272","Townhouse","4","","NULL","NULL","","0","0","NULL","G+1","Active Listings","Luxury Living | Genuine Resale | Near Park","Dubai Properties","",""
"11676709","2025-11-04","Mudon","Al Ranim","Al Ranim 1","","","2999999","1353","14563","2217","206","Townhouse","3","","NULL","NULL","","1808","168","NULL","G+1","Active Listings","BRAND NEW I PRIME LOCATION I MAID'S ROOM I No Brokers","Dubai Properties","",""
"10133051","2025-02-18","Mudon","Al Ranim","Al Ranim 1","","","4000000","2137","22989","1872","174","Townhouse","4","","NULL","NULL","","0","0","NULL","G+1","Active Listings","Genuine Resale | Spacious Layout  | Single Row |","Dubai Properties","",""
"11647222","2025-09-28","Mudon","Al Ranim","Al Ranim 1","","","3275000","1477","15898","2217","206","Townhouse","3","","NULL","NULL","","0","0","NULL","G+1","Active Listings","Pool and Park View | Brand New | Family Living","Dubai Properties","",""
"11048260","2025-09-13","Mudon","Al Ranim","Al Ranim 1","","","3420000","1892","20357","1808","168","Townhouse","3","","NULL","NULL","","0","0","NULL","G+1","Active Listings","3B1 Villa | Brand New Unit | Open Views","Dubai Properties","",""
"10977449","2025-09-23","Mudon","Al Ranim","Al Ranim 1","","","4350000","1707","18371","2549","236.78","Townhouse","4","","NULL","NULL","","3051","283.47","NULL","G+1","Active Listings","Single Row | Park Facing | Ideal Location | Biggest Plot","Dubai Properties","",""
"10115272","2025-02-14","Mudon","Al Ranim","Al Ranim 1","","","3000000","1353","14563","2217","206","Townhouse","3","","NULL","NULL","","0","0","NULL","G+1","Active Listings","Al Ranim 1 | 3bed | Single Row | Q2-2025 Handover","Dubai Properties","",""
"12374140","2026-01-09","Mudon","Al Ranim","Al Ranim 1","","","4900000","1645","17709","2978","276.7","Townhouse","4","Community,Swimming Pool,Park","","","","2582","239.86","Type 4B2","G+2","Title Deed","","Dubai Properties","","Resale"
"9111781","2025-07-30","Mudon","Al Ranim","Al Ranim 1","","","3225000","1455","15655","2217","206","Townhouse","3","Community,Road,Walkway","","","","1872","173.96","Mid unit","G+1","Pending Sales (SPA/MOU)","","Dubai Properties","",""
"10925603","2025-08-18","Mudon","Al Ranim","Al Ranim 1","","","3275000","1750","18822","1871","174","Townhouse","3","","NULL","NULL","","0","0","NULL","G+1","Active Listings","ON THE PARK | READY TO MOVE | MULTIPLE OPTIONS","Dubai Properties","",""
"10898090","2025-08-18","Mudon","Al Ranim","Al Ranim 1","","","3200000","1768","19048","1810","168","Townhouse","3","","NULL","NULL","","0","0","NULL","G+1","Active Listings","Next to Pool and Entrance | Best Price | Brand new","Dubai Properties","",""
"10860541","2025-09-04","Mudon","Al Ranim","Al Ranim 1","","","3200000","1688","18182","1896","176","Townhouse","3","","NULL","NULL","","0","0","NULL","G+1","Active Listings","Spacious Unit | Prime Location | Elegant Layout","Dubai Properties","",""
"10772134","2025-08-01","Mudon","Al Ranim","Al Ranim 1","","","4000000","1569","16878","2549","237","Townhouse","4","","NULL","NULL","","0","0","NULL","G+1","Active Listings","Handover Soon | Huge Plot | Community View","Dubai Properties","",""
"10714435","2025-10-30","Mudon","Al Ranim","Al Ranim 1","","","4290000","1441","15487","2978","277","Townhouse","4","","NULL","NULL","","0","0","NULL","G+1","Active Listings","4-Bedroom + Maid | End Unit | Handover Soon","Dubai Properties","",""
"10660286","2025-06-28","Mudon","Al Ranim","Al Ranim 1","","","3400000","1279","13765","2658","247","Townhouse","3","","NULL","NULL","","0","0","NULL","G+1","Active Listings","On Park |Single Row|3 Bed + Maid + Family Room|G+2","Dubai Properties","",""
"10376467","2025-06-06","Mudon","Al Ranim","Al Ranim 1","","","3000000","1353","14563","2217","206","Townhouse","3","","NULL","NULL","","0","0","NULL","G+1","Active Listings","BRAND NEW 3 BEDS | GENUINE RE SALE | GOOD LOCATION","Dubai Properties","",""
"11772351","2025-11-04","Mudon","Al Ranim","Al Ranim 1","","","3950000","1538","16527","2568","239","Townhouse","3","","NULL","NULL","","0","0","NULL","G+1","Active Listings","Brand New | Park Facing | 3B2M Layout","Dubai Properties","",""
"10244819","2025-04-18","Mudon","Al Ranim","Al Ranim 1","","","3200000","1443","15534","2217","206","Townhouse","3","","NULL","NULL","","1808","168","NULL","G+1","Active Listings","Single Row | Genuine Resale | Investors Deal","Dubai Properties","",""
"10177712","2025-03-04","Mudon","Al Ranim","Al Ranim 1","","","3000000","1353","14563","2217","206","Townhouse","3","","NULL","NULL","","1808","168","NULL","G+1","Active Listings","Handover in July 2025  | Pool Facing | Single Row","Dubai Properties","",""
"11701598","2025-10-09","Mudon","Al Ranim","Al Ranim 1","","","3200000","1443","15534","2217","206","Townhouse","3","","NULL","NULL","","1852","172.02","NULL","G+1","Active Listings","Prime Location | Spacious Layout | Best Price","Dubai Properties","",""
"11643763","2025-09-25","Mudon","Al Ranim","Al Ranim 1","","","5000000","1934","20833","2585","240","Townhouse","4","","NULL","NULL","","0","0","NULL","G+1","Active Listings","Corner Unit | Vacant  | Biggest Layout","Dubai Properties","",""
"11946526","2025-11-15","Mudon","Al Ranim","Al Ranim 1","","","3400000","1534","16505","2217","206","Townhouse","3","Community,Park","","","","1896","176.15","","G+1","Title Deed","","Dubai Properties","","Resale"
"8975390","2025-05-15","Mudon","Al Ranim","Al Ranim 1","","","4000000","1343","14456","2978","276.7","Townhouse","4","","","","","2583","240","","G+2","Oqood","","Dubai Properties","","Resale"
"12350884","2026-01-02","Mudon","Al Ranim","Al Ranim 1","","","3280000","1479","15922","2217","206","Townhouse","3","Community","NULL","NULL","","1859","172.67","NULL","G+1","Active Listings","Bigger Plot Size | Serious Seller | Brand New","Dubai Properties","",""
"10893972","2025-08-12","Mudon","Al Ranim","Al Ranim 1","","","4550000","1785","19216","2549","236.78","Townhouse","4","","NULL","NULL","","2857","265.45","","G+1","Active Listings","Big Plot | On Park | Multiple options","Dubai Properties","",""
"10771815","2025-08-01","Mudon","Al Ranim","Al Ranim 1","","","3400000","1534","16505","2217","206","Townhouse","3","Community,Park","NULL","NULL","","1896","176.15","","G+1","Active Listings","G+1 Townhouse | Prime Location | Viewing Available","Dubai Properties","",""
"10709563","2025-07-15","Mudon","Al Ranim","Al Ranim 1","","","3200000","1443","15534","2217","206","Townhouse","3","","NULL","NULL","","1808","167.99","","G+1","Active Listings","Genuine Resale | Handover Soon | Single Row","Dubai Properties","",""
"11917666","2025-11-05","Mudon","Al Ranim","Al Ranim 1","","","3550000","1601","17233","2217","206","Townhouse","3","","NULL","NULL","","0","0","NULL","G+1","Active Listings","Facing Pool and Park | Viewing Available","Dubai Properties","",""
"10648700","2025-06-25","Mudon","Al Ranim","Al Ranim 1","","","3100000","1398","15049","2217","206","Townhouse","3","","NULL","NULL","","0","0","NULL","G+1","Active Listings","DON'T MISS OUT ! PARK FACING | HO 15 JULY | 3BR","Dubai Properties","",""
"10364384","2025-05-31","Mudon","Al Ranim","Al Ranim 1","","","5000000","997","10730","5014","466","Townhouse","4","","NULL","NULL","","0","0","NULL","G+1","Active Listings","Big Plot|4Beds|G+2|Ready June 2025|Offplan Resale","Dubai Properties","",""
"10195838","2025-03-14","Mudon","Al Ranim","Al Ranim 1","","","3000000","1596","17143","1880","175","Townhouse","3","","NULL","NULL","","0","0","NULL","G+1","Active Listings","Genuine Resale | 50% Payment Plan | Ready 2025","Dubai Properties","",""
"10242948","2025-04-17","Mudon","Al Ranim","Al Ranim 1","","","2900000","1308","14078","2217","206","Townhouse","3","","NULL","NULL","","1845","171.45","NULL","G+1","Active Listings","SINGLE ROW | GENUINE RESALE | SPACIOUS LAYOUT","Dubai Properties","",""
"11701160","2025-10-23","Mudon","Al Ranim","Al Ranim 1","","","3550000","1601","17233","2217","206","Townhouse","3","","NULL","NULL","","0","0","NULL","G+1","Active Listings","Facing Pool and Park | Viewing Available","Dubai Properties","",""
"11664771","2025-09-28","Mudon","Al Ranim","Al Ranim 1","","","4500000","1766","19005","2548","236.78","Townhouse","4","","NULL","NULL","","2851","264.9","","G+1","Active Listings","Biggest Plot| On the Main Park | Brand New","Dubai Properties","",""
"11537917","2025-10-28","Mudon","Al Ranim","Al Ranim 1","","","3400000","1534","16505","2217","206","Townhouse","3","","NULL","NULL","","1826","169.66","","G+1","Active Listings","Stunning 3 Beds | Park Facing | Brand New","Dubai Properties","",""
"11033650","2025-09-27","Mudon","Al Ranim","Al Ranim 1","","","4400000","1543","16604","2851","265","Townhouse","4","","NULL","NULL","","0","0","NULL","G+1","Active Listings","SPACIOUS 4-BEDS | BRANDS NEW | ON PARK","Dubai Properties","",""
"11001062","2025-09-03","Mudon","Al Ranim","Al Ranim 1","","","3299999","1488","16019","2217","206","Townhouse","3","","NULL","NULL","","0","0","NULL","G+1","Active Listings","Single Row | On the Park | Handed Over","Dubai Properties","",""
"10971799","2025-09-22","Mudon","Al Ranim","Al Ranim 1","","","3199888","1443","15533","2217","206","Townhouse","3","","NULL","NULL","","0","0","NULL","G+1","Active Listings","Vastu unit l 3B1(M) l Walking distance to park","Dubai Properties","",""
"9108695","2025-07-07","Mudon","Al Ranim","Al Ranim 1","","","4100000","1608","17316","2549","236.78","Townhouse","4","Community,Road","","","","2893","268.75","End unit","G+1","Pending Sales (SPA/MOU)","","Dubai Properties","",""
"9090785","2025-09-09","Mudon","Al Ranim","Al Ranim 1","","","3100000","1398","15049","2217","206","Townhouse","3","","","","","1872","173.96","","G+1","Title Deed","","Dubai Properties","","Resale"
"11944494","2025-11-13","Mudon","Al Ranim","Al Ranim 1","","","3600000","1624","17476","2217","206","Townhouse","3","","","","","1808","168","","G+1","Title Deed","","Dubai Properties","","Resale"
"12349153","2026-01-02","Mudon","Al Ranim","Al Ranim 1","","","3300000","1488","16019","2217","206","Townhouse","3","","NULL","NULL","","1808","168","NULL","G+1","Active Listings","3BR + Maids room | Brand new | Prime location","Dubai Properties","",""
"10922618","2025-09-30","Mudon","Al Ranim","Al Ranim 1","","","3600000","1628","17561","2211","205","Townhouse","3","","NULL","NULL","","0","0","NULL","G+1","Active Listings","Single row | Open view | Brandnew","Dubai Properties","",""
"12214186","2025-12-16","Mudon","Al Ranim","Al Ranim 1","","","3500000","1579","16990","2217","206","Townhouse","3","","NULL","NULL","","1852","172.02","NULL","G+1","Active Listings","On Amenities | Brand New | Multiple Units","Dubai Properties","",""
"10891333","2025-10-14","Mudon","Al Ranim","Al Ranim 1","","","4950000","1942","20905","2549","236.78","Townhouse","4","","NULL","NULL","","3227","299.77","NULL","G+1","Active Listings","4BR CORNER UNIT I GREAT LOCATION I NEAR PARK I G+1","Dubai Properties","",""
"12158242","2025-12-04","Mudon","Al Ranim","Al Ranim 1","","","3550000","1601","17233","2217","206","Townhouse","3","","NULL","NULL","","0","0","NULL","G+1","Active Listings","Facing Pool and Park | Viewing Available","Dubai Properties","",""
"10833763","2025-10-19","Mudon","Al Ranim","Al Ranim 1","","","3800000","1480","15900","2568","239","Townhouse","3","","NULL","NULL","","0","0","NULL","G+1","Active Listings","Handover Soon | Rooftop Access | Garden View","Dubai Properties","",""
"10771564","2025-08-01","Mudon","Al Ranim","Al Ranim 1","","","3200000","1443","15534","2217","206","Townhouse","3","","NULL","NULL","","1916","177.99","","G+1","Active Listings","FINANCE PRE-APPROVED BUYER WELCOME | VIEWING AVAILABLE","Dubai Properties","",""
"10700807","2025-07-13","Mudon","Al Ranim","Al Ranim 1","","","3198900","1769","19041","1808","168","Townhouse","3","","NULL","NULL","","0","0","NULL","G+1","Active Listings","Park facing 2 units next to each other","Dubai Properties","",""
"11917319","2025-11-05","Mudon","Al Ranim","Al Ranim 1","","","3350000","1511","16262","2217","206","Townhouse","3","","NULL","NULL","","0","0","NULL","G+1","Active Listings","SINGLE ROW | GENUINE RESALE | SPACIOUS LAYOUT","Dubai Properties","",""
"10644316","2025-06-23","Mudon","Al Ranim","Al Ranim 1","","","4000000","1569","16893","2549","236.78","Townhouse","4","","NULL","NULL","","2736","254.18","NULL","G+1","Active Listings","Handover Soon | Single Row | 4BR | Genuine Resale","Dubai Properties","",""
"10353818","2025-05-28","Mudon","Al Ranim","Al Ranim 1","","","5000000","1679","18070","2978","276.7","Townhouse","4","","NULL","NULL","","5013","465.75","NULL","G+2","Active Listings","Big Plot|4Beds|G+2|Ready June 2025|Offplan Resale","Dubai Properties","",""
"10194321","2025-03-30","Mudon","Al Ranim","Al Ranim 1","","","3000000","1353","14563","2217","206","Townhouse","3","Community,Road,Walkway","NULL","NULL","","1872","173.96","NULL","G+1","Active Listings","Single Row | Brand New ? | Close to Amenities","Dubai Properties","",""
"11763159","2025-11-05","Mudon","Al Ranim","Al Ranim 1","","","4950000","1942","20905","2549","236.78","Townhouse","4","","NULL","NULL","","3227","299.77","NULL","G+1","Active Listings","BRAND NEW | 4BR CORNER UNIT I NEAR AMENITIES |","Dubai Properties","",""
"10240146","2025-04-16","Mudon","Al Ranim","Al Ranim 1","","","3000000","1353","14563","2217","206","Townhouse","3","","NULL","NULL","","1808","168","NULL","G+1","Active Listings","Direct Park Facing | Motivated Seller | Hot Deal","Dubai Properties","",""
"10169288","2025-03-28","Mudon","Al Ranim","Al Ranim 1","","","2950000","1331","14320","2217","206","Townhouse","3","","NULL","NULL","","0","0","NULL","G+1","Active Listings","Park View | 3-Bedroom | Resale | Multiple Options","Dubai Properties","",""
"11664270","2025-09-28","Mudon","Al Ranim","Al Ranim 1","","","3550000","1963","21131","1808","168","Townhouse","3","","NULL","NULL","","0","0","NULL","G+1","Active Listings","Park Backing | Single Row | Open Layout","Dubai Properties","",""
"11536401","2025-10-18","Mudon","Al Ranim","Al Ranim 1","","","3650000","2019","21726","1808","168","Townhouse","3","","NULL","NULL","","0","0","NULL","G+1","Active Listings","Genuine | Contemporary Living | Move In Soon","Dubai Properties","",""
"11032914","2025-10-03","Mudon","Al Ranim","Al Ranim 1","","","3600000","1624","17476","2217","206","Townhouse","3","","NULL","NULL","","1854","172.25","","G+1","Active Listings","Brand New I Fitted Kitchen I Spacious Layout","Dubai Properties","",""
"9045531","2025-07-22","Mudon","Al Ranim","Al Ranim 1","","","3275000","1477","15898","2217","206","Townhouse","3","Community,Walkway,Play area","","","","1871","173.85","Type 3B1 (M)- mid unit","G+1","Pending Sales (SPA/MOU)","","Dubai Properties","",""
"9089645","2025-09-08","Mudon","Al Ranim","Al Ranim 1","","","3050000","1376","14806","2217","206","Townhouse","3","","","","","1855","172.38","","G+1","Title Deed","","Dubai Properties","","Resale"
"11941484","2025-11-11","Mudon","Al Ranim","Al Ranim 1","","","4200000","1648","17738","2548","236.78","Townhouse","4","","","","","2666","247.69","","G+1","Title Deed","","Dubai Properties","","Resale"
"10949082","2025-09-12","Mudon","Al Ranim","Al Ranim 1","","","3300000","1488","16019","2217","206","Townhouse","3","","NULL","NULL","","1808","168","NULL","G+1","Active Listings","Single Row I Best Price I Available to View","Dubai Properties","",""
"10765897","2025-07-31","Mudon","Al Ranim","Al Ranim 1","","","3800000","1480","15900","2568","239","Townhouse","3","","NULL","NULL","","0","0","NULL","G+1","Active Listings","G+2 | Close to Pool | 3 Beds | Mortgage Ready","Dubai Properties","",""
"10696678","2025-07-10","Mudon","Al Ranim","Al Ranim 1","","","3200000","1444","15534","2216","206","Townhouse","3","","NULL","NULL","","0","0","NULL","G+1","Active Listings","Rare Park View | Genuine Resale | Turnover Soon","Dubai Properties","",""
"10412710","2025-06-17","Mudon","Al Ranim","Al Ranim 1","","","3550000","1601","17233","2217","206","Townhouse","3","","NULL","NULL","","1808","168","NULL","G+1","Active Listings","Facing Pool and Park | Viewing Available","Dubai Properties","",""
"10345123","2025-05-25","Mudon","Al Ranim","Al Ranim 1","","","3000000","1353","14563","2217","206","Townhouse","3","","NULL","NULL","","0","0","NULL","G+1","Active Listings","Single Row | Prime Location | Genuine Resale","Dubai Properties","",""
"10227696","2025-04-10","Mudon","Al Ranim","Al Ranim 1","","","3600000","1402","15063","2568","239","Townhouse","3","","NULL","NULL","","0","0","NULL","G+1","Active Listings","Genuine Resale | G + 2 | Park View","Dubai Properties","",""
"11696275","2025-10-24","Mudon","Al Ranim","Al Ranim 1","","","3600000","1941","20930","1855","172","Townhouse","3","","NULL","NULL","","0","0","","G+1","Active Listings","Middle Unit I Brand New I Motivated Seller","Dubai Properties","",""
"11661894","2025-09-28","Mudon","Al Ranim","Al Ranim 1","","","4350000","1426","15371","3051","283","Townhouse","4","","NULL","NULL","","0","0","NULL","G+1","Active Listings","Single Row | Park Facing | Ideal Location | Biggest Plot","Dubai Properties","",""
"11028798","2025-10-09","Mudon","Al Ranim","Al Ranim 1","","","3800000","1480","15900","2568","239","Townhouse","3","","NULL","NULL","","0","0","NULL","G+1","Active Listings","Brand New | Vacant | Park Backing","Dubai Properties","",""
"10997499","2025-08-28","Mudon","Al Ranim","Al Ranim 1","","","3299999","1488","16019","2217","206","Townhouse","3","","NULL","NULL","","0","0","NULL","G+1","Active Listings","Single Row | On the Park | Handed Over","Dubai Properties","",""
"12502880","2026-01-30","Mudon","Al Ranim","Al Ranim 1","","","3950000","1539","16558","2567","238.55","Townhouse","3","","","","","1808","168","Type 3B2","G+2","Title Deed","","Dubai Properties","","Resale"
"11940808","2025-11-10","Mudon","Al Ranim","Al Ranim 1","","","4350000","1707","18371","2548","236.78","Townhouse","4","","","","","2851","264.9","","G+1","Title Deed","","Dubai Properties","","Resale"
"10945293","2025-08-27","Mudon","Al Ranim","Al Ranim 1","","","3260000","1470","15825","2217","206","Townhouse","3","Community,Walkway,Play area","NULL","NULL","","1871","173.84","NULL","G+1","Active Listings","Park Facing | Serious Seller| Mortgage is Welcome","Dubai Properties","",""
"10919751","2025-09-16","Mudon","Al Ranim","Al Ranim 1","","","3885000","2045","21949","1900","177","Townhouse","3","","NULL","NULL","","0","0","NULL","G+1","Active Listings","G+2 Unit | Vacant | Book Your Viewing","Dubai Properties","",""
"10886847","2025-08-18","Mudon","Al Ranim","Al Ranim 1","","","3300000","1488","16019","2217","206","Townhouse","3","","NULL","NULL","","0","0","NULL","G+1","Active Listings","Single Row | Vastu Compliant | Ready Unit","Dubai Properties","",""
"10691515","2025-07-08","Mudon","Al Ranim","Al Ranim 1","","","3700000","1441","15510","2568","238.55","Townhouse","3","","NULL","NULL","","1914","177.8","NULL","G+2","Active Listings","G+2 | Rare Layout | Park Facing","Dubai Properties","",""
"10412380","2025-06-17","Mudon","Al Ranim","Al Ranim 1","","","3400000","1534","16505","2217","206","Townhouse","3","Community,Park","NULL","NULL","","1896","176.15","","G+1","Active Listings","G+1 Townhouse | Prime Location | Genuine Resale","Dubai Properties","",""
"10204163","2025-03-09","Mudon","Al Ranim","Al Ranim 1","","","2850000","1215","13073","2345","218","Townhouse","3","","NULL","NULL","","0","0","NULL","G+1","Active Listings","SINGLE ROW | HANDOVER SOON | MORTAGE IS POSSIBLE","Dubai Properties","",""
"10336214","2025-05-22","Mudon","Al Ranim","Al Ranim 1","","","3000000","1353","14563","2217","206","Townhouse","3","","NULL","NULL","","0","0","NULL","G+1","Active Listings","Spacious | Single Row | Handover Q3 2025","Dubai Properties","",""
"11758480","2025-11-04","Mudon","Al Ranim","Al Ranim 1","","","4200000","1648","17738","2548","236.78","Townhouse","4","","NULL","NULL","","2915","270.77","Type 4B1","G+1","Active Listings","Spacious 4 Bedroom | Vacant | Community View","Dubai Properties","",""
"10216159","2025-04-04","Mudon","Al Ranim","Al Ranim 1","","","2698000","1217","13097","2217","206","Townhouse","3","Community,Play area","NULL","NULL","","1808","168","NULL","G+1","Active Listings","Great Price | Community Living | Quality Finishes","Dubai Properties","",""
"11660116","2025-09-28","Mudon","Al Ranim","Al Ranim 1","","","3850000","1737","18689","2217","206","Townhouse","3","","NULL","NULL","","1845","171.41","Type 3B1","G+1","Active Listings","Single Row I Walk In The Park I Brand New","Dubai Properties","",""
"10996914","2025-10-03","Mudon","Al Ranim","Al Ranim 1","","","3250000","1466","15777","2217","206","Townhouse","3","","NULL","NULL","","1805","167.66","Type 3B1","G+1","Active Listings","Open Layout | Park Facing | Brand New","Dubai Properties","",""
"10092022","2025-02-06","Mudon","Al Ranim","Al Ranim 1","","","3500000","1373","14782","2549","236.78","Townhouse","4","","NULL","NULL","","2928","272.03","","G+1","Active Listings","Genuine Seller|Single Row |4BR +M|Elegant Layout","Dubai Properties","",""
"12302613","2025-12-23","Mudon","Al Ranim","Al Ranim 1","","","4075000","1599","17210","2548","236.78","Townhouse","4","Community,Road","","","","2646","245.86","Type 4B1","G+1","Title Deed","","Dubai Properties","","Resale"
"9123853","2025-10-08","Mudon","Al Ranim","Al Ranim 1","","","3220000","1452","15631","2217","206","Townhouse","3","","","","","1808","168","","G+1","Title Deed","","Dubai Properties","","Resale"
"9077774","2025-08-25","Mudon","Al Ranim","Al Ranim 1","","","3200000","1443","15534","2217","206","Townhouse","3","","","","","1846","171.54","","G+1","Title Deed","","Dubai Properties","","Resale"
"12452258","2026-01-20","Mudon","Al Ranim","Al Ranim 1","","","4200000","1705","18341","2464","229","Townhouse","4","","NULL","NULL","","0","0","NULL","G+1","Active Listings","PRIME LOCATION | SINGLE ROW | MULTIPLE OPTIONS","Dubai Properties","",""
"10944714","2025-09-15","Mudon","Al Ranim","Al Ranim 1","","","3450000","1556","16748","2217","206","Townhouse","3","","NULL","NULL","","0","0","NULL","G+1","Active Listings","Vacant | Brand New | Park Backing | View Now","Dubai Properties","",""
"10917783","2025-09-27","Mudon","Al Ranim","Al Ranim 1","","","3600000","1991","21429","1808","168","Townhouse","3","","NULL","NULL","","0","0","NULL","G+1","Active Listings","Quiet Location | Green Walk Way | A Must See","Dubai Properties","",""
"10883561","2025-08-13","Mudon","Al Ranim","Al Ranim 1","","","3700000","1933","20787","1914","178","Townhouse","3","","NULL","NULL","","0","0","NULL","G+1","Active Listings","G+2 | Rare Layout | Park Facing","Dubai Properties","",""
"10816475","2025-08-09","Mudon","Al Ranim","Al Ranim 1","","","3350000","1853","19940","1808","168","Townhouse","3","","NULL","NULL","","0","0","NULL","G+1","Active Listings","3BR + Maids TH| Ready| Excellent location","Dubai Properties","",""
"10760932","2025-07-29","Mudon","Al Ranim","Al Ranim 1","","","4550000","1784","19198","2550","237","Townhouse","4","","NULL","NULL","","0","0","NULL","G+1","Active Listings","4Bed With Maid Townhouse | Corner Unit | On Park","Dubai Properties","",""
"10326008","2025-05-19","Mudon","Al Ranim","Al Ranim 1","","","3200000","1443","15534","2217","206","Townhouse","3","","NULL","NULL","","1916","177.99","","G+1","Active Listings","FINANCE PRE-APPROVED BUYER WELCOME | SINGLE ROW","Dubai Properties","",""
"11691964","2025-10-07","Mudon","Al Ranim","Al Ranim 1","","","3800000","1967","21229","1932","179","Townhouse","3","","NULL","NULL","","0","0","NULL","G+1","Active Listings","Spacious Layout | Modern Finish | Family Community","Dubai Properties","",""
"11658980","2025-09-28","Mudon","Al Ranim","Al Ranim 1","","","4325000","1518","16321","2849","265","Townhouse","4","","NULL","NULL","","0","0","NULL","G+1","Active Listings","Prime Location | Multiple Options | Corner Unit","Dubai Properties","",""
"10091030","2025-02-17","Mudon","Al Ranim","Al Ranim 1","","","3500000","1373","14782","2549","236.78","Townhouse","4","","NULL","NULL","","2928","272.03","","G+1","Active Listings","Luxury Living | Genuine Resale | Near Park","Dubai Properties","",""
"9119975","2025-10-03","Mudon","Al Ranim","Al Ranim 1","","","4700000","1578","16986","2978","276.7","Townhouse","4","","","","","2597","241.26","","G+2","Title Deed","","Dubai Properties","","Resale"
"9076322","2025-08-22","Mudon","Al Ranim","Al Ranim 1","","","4000000","1570","16893","2548","236.78","Townhouse","4","","","","","2736","254.18","","G+1","Title Deed","","Dubai Properties","","Resale"
"8999983","2025-06-11","Mudon","Al Ranim","Al Ranim 1","","","3100000","1398","15049","2217","206","Townhouse","3","","","","","1808","168","","G+1","Oqood","","Dubai Properties","","Resale"
"10942098","2025-10-03","Mudon","Al Ranim","Al Ranim 1","","","4250000","1394","15018","3049","283","Townhouse","4","","NULL","NULL","","0","0","NULL","G+1","Active Listings","Mortgage Eligible |  | Large Plot | Corner Unit on Park","Dubai Properties","",""
"10883222","2025-08-18","Mudon","Al Ranim","Al Ranim 1","","","5000000","1962","21117","2549","236.78","Townhouse","4","","NULL","NULL","","3227","299.77","NULL","G+1","Active Listings","Park Facing | Handover Soon | Biggest Plot","Dubai Properties","",""
"10813303","2025-08-08","Mudon","Al Ranim","Al Ranim 1","","","3200000","1770","19048","1808","168","Townhouse","3","","NULL","NULL","","0","0","NULL","G+1","Active Listings","Stylish Family Home|Genuine Listing |Modern Living","Dubai Properties","",""
"10754677","2025-07-28","Mudon","Al Ranim","Al Ranim 1","","","3000000","1353","14563","2217","206","Townhouse","3","","NULL","NULL","","2063","191.66","NULL","G+1","Active Listings","Spacious 3BR/ Family-Friendly Community","Dubai Properties","",""
"11939191","2025-11-09","Mudon","Al Ranim","Al Ranim 1","","","3325000","1764","19000","1885","175","Townhouse","3","","NULL","NULL","","0","0","NULL","G+1","Active Listings","brand new / brand new / call now","Dubai Properties","",""
"10691193","2025-07-08","Mudon","Al Ranim","Al Ranim 1","","","5000000","1962","21117","2549","236.78","Townhouse","4","","NULL","NULL","","3227","299.77","NULL","G+1","Active Listings","Park Facing | Handover Soon | Biggest Plot","Dubai Properties","",""
"10412153","2025-06-17","Mudon","Al Ranim","Al Ranim 1","","","3000000","1354","14563","2216","206","Townhouse","3","","NULL","NULL","","0","0","NULL","G+1","Active Listings","Single Row| G+1 | Handover Soon","Dubai Properties","",""
"11052617","2025-10-20","Mudon","Al Ranim","Al Ranim 1","","","3650000","2019","21726","1808","168","Townhouse","3","","NULL","NULL","","0","0","NULL","G+1","Active Listings","Best Deal | G Plus 2 Layout | Main Park Facing","Dubai Properties","",""
"11011624","2025-10-03","Mudon","Al Ranim","Al Ranim 1","","","3200000","1443","15534","2217","206","Townhouse","3","","NULL","NULL","","1852","172.02","NULL","G+1","Active Listings","Prime Location | Spacious Layout | Best Price","Dubai Properties","",""
"10988456","2025-08-27","Mudon","Al Ranim","Al Ranim 1","","","3299999","1488","16019","2217","206","Townhouse","3","","NULL","NULL","","0","0","NULL","G+1","Active Listings","Single Row | On the Park | Handed Over","Dubai Properties","",""
"9117180","2025-10-01","Mudon","Al Ranim","Al Ranim 1","","","4300000","1688","18160","2548","236.78","Townhouse","4","","","","","3051","283.47","","G+1","Title Deed","","Dubai Properties","","Resale"
"9067502","2025-08-13","Mudon","Al Ranim","Al Ranim 1","","","3925000","1540","16577","2548","236.78","Townhouse","4","","","","","2895","268.93","","G+1","Title Deed","","Dubai Properties","","Resale"
"12488209","2026-01-28","Mudon","Al Ranim","Al Ranim 1","","","3600000","1909","20571","1886","175","Townhouse","3","","NULL","NULL","NULL","0","0","NULL","G+1","Active Listings","Brand New I Fitted Kitchen I Near Entrance","Dubai Properties","",""
"12391615","2026-01-08","Mudon","Al Ranim","Al Ranim 1","","","3500000","1579","16990","2217","206","Townhouse","3","","NULL","NULL","","0","0","NULL","G+1","Active Listings","Park Facing 3BR | Single Row | Big Layout","Dubai Properties","",""
"10936418","2025-09-22","Mudon","Al Ranim","Al Ranim 1","","","3450000","1556","16748","2217","206","Townhouse","3","","NULL","NULL","","1808","168","NULL","G+1","Active Listings","Multiple 3/4BR Villas for Resale | G+1 & G+2 Layouts | Ready to Move | VASTU","Dubai Properties","",""
"12326071","2025-12-26","Mudon","Al Ranim","Al Ranim 1","","","3600000","1909","20571","1886","175","Townhouse","3","","NULL","NULL","","0","0","NULL","G+1","Active Listings","Brand New I Fitted Kitchen I Near Enterance","Dubai Properties","",""
"10882172","2025-08-12","Mudon","Al Ranim","Al Ranim 1","","","4725000","1587","17058","2977","277","Townhouse","4","","NULL","NULL","","0","0","NULL","G+1","Active Listings","Triplex on Park | SMEG Appliances | Ready for Mortgage and Handover","Dubai Properties","",""
"12146343","2025-11-30","Mudon","Al Ranim","Al Ranim 1","","","3600000","1957","21053","1840","171","Townhouse","3","","NULL","NULL","","0","0","NULL","G+1","Active Listings","Spacious | Private Garden | Near To Amenities","Dubai Properties","",""
"10812156","2026-01-03","Mudon","Al Ranim","Al Ranim 1","","","3295000","1486","15995","2217","206","Townhouse","3","","NULL","NULL","","1852","172.02","NULL","G+1","Active Listings","Mortgage Welcome | Single Row | Options","Dubai Properties","",""
"12094006","2025-11-28","Mudon","Al Ranim","Al Ranim 1","","","4500000","1765","19005","2549","236.78","Townhouse","4","","NULL","NULL","","2683","249.29","NULL","G+1","Active Listings","4 Bedroom Townhouse +Maids | Great Community","Dubai Properties","",""
"10748545","2025-07-25","Mudon","Al Ranim","Al Ranim 1","","","3150000","1227","13180","2568","239","Townhouse","3","","NULL","NULL","","0","0","NULL","G+1","Active Listings","On Pool And Park/ Single Row/ Multiple Optinos","Dubai Properties","",""
"10688255","2025-07-07","Mudon","Al Ranim","Al Ranim 1","","","3000000","1659","17857","1808","168","Apartment","3","","NULL","NULL","","0","0","NULL","","Active Listings","Off-Plan 3BR +Maid| Mudon Al Ranim|Genuine Resale","Dubai Properties","",""
"10411595","2025-06-17","Mudon","Al Ranim","Al Ranim 1","","","3000000","1353","14563","2217","206","Townhouse","3","","NULL","NULL","","1845","171.45","NULL","G+1","Active Listings","23 Resale Villas in Ranim 1 | Mortgage Buyers Welcome","Dubai Properties","",""
"10318964","2025-05-16","Mudon","Al Ranim","Al Ranim 1","","","3200000","1443","15534","2217","206","Townhouse","3","","NULL","NULL","","0","0","NULL","G+1","Active Listings","Single Row | Genuine Resale | Investors Deal","Dubai Properties","",""
"11052423","2025-09-20","Mudon","Al Ranim","Al Ranim 1","","","3300000","1488","16019","2217","206","Townhouse","3","","NULL","NULL","","1808","168","NULL","G+1","Active Listings","Single Row I Best Price I Available to View","Dubai Properties","",""
"11011355","2025-09-22","Mudon","Al Ranim","Al Ranim 1","","","3400000","1534","16505","2217","206","Townhouse","3","","NULL","NULL","","0","0","NULL","G+1","Active Listings","G+1 Townhouse | Prime Location | Viewing Available","Dubai Properties","",""
"12196877","2025-12-12","Mudon","Al Ranim","Al Ranim 1","","","3250000","1466","15777","2217","206","Townhouse","3","","","","","1916","177.99","","G+1","Title Deed","","Dubai Properties","","Resale"
"9107073","2025-09-25","Mudon","Al Ranim","Al Ranim 1","","","3185000","1437","15461","2217","206","Townhouse","3","","","","","1861","172.93","","G+1","Title Deed","","Dubai Properties","","Resale"
"9056609","2025-08-08","Mudon","Al Ranim","Al Ranim 1","","","3175000","1432","15413","2217","206","Townhouse","3","","","","","1811","168.22","","G+1","Title Deed","","Dubai Properties","","Resale"
"11825638","2025-10-28","Mudon","Al Ranim","Al Ranim 1","","","3600000","1402","15091","2567","238.55","Townhouse","3","","","","","1808","168","","G+2","Title Deed","","Dubai Properties","","Resale"
"10929720","2025-08-18","Mudon","Al Ranim","Al Ranim 1","","","3350000","1781","19143","1881","175","Townhouse","3","","NULL","NULL","","0","0","NULL","G+1","Active Listings","Prime Location | Brand New | Ready","Dubai Properties","",""
"10879395","2025-09-27","Mudon","Al Ranim","Al Ranim 1","","","4950000","1534","16500","3226","300","Townhouse","4","","NULL","NULL","","0","0","NULL","G+1","Active Listings","Corner | Single Row | Brand New","Dubai Properties","",""
"10811365","2025-08-07","Mudon","Al Ranim","Al Ranim 1","","","3750000","2074","22321","1808","168","Townhouse","3","","NULL","NULL","","0","0","NULL","G+1","Active Listings","Spacious 3 BHK I Brand New I Prime Location","Dubai Properties","",""
"10740681","2025-07-24","Mudon","Al Ranim","Al Ranim 1","","","3100000","1398","15049","2217","206","Townhouse","3","","NULL","NULL","","0","0","NULL","G+1","Active Listings","Facing Park | Green Views | Perfect Family Home","Dubai Properties","",""
"10676708","2025-07-03","Mudon","Al Ranim","Al Ranim 1","","","3100000","1398","15049","2217","206","Townhouse","3","","NULL","NULL","","1872","173.93","NULL","G+1","Active Listings","Motivated Seller| Single Row | Genuine Resale","Dubai Properties","",""
"10409248","2025-06-17","Mudon","Al Ranim","Al Ranim 1","","","3500000","1228","13208","2850","265","Townhouse","4","","NULL","NULL","","0","0","NULL","G+1","Active Listings","Backing to Park | Single Row | Handover July 2025","Dubai Properties","",""
"11792560","2025-11-05","Mudon","Al Ranim","Al Ranim 1","","","3600000","1624","17476","2217","206","Townhouse","3","","NULL","NULL","","1854","172.25","","G+1","Active Listings","Spacious | Private Garden | Near To Amenities","Dubai Properties","",""
"10311330","2025-05-13","Mudon","Al Ranim","Al Ranim 1","","","4500000","1511","16263","2978","276.7","Townhouse","4","","NULL","NULL","","3035","281.99","NULL","G+2","Active Listings","3 Floors | Park Backing | Corner Villa","Dubai Properties","",""
"11687433","2025-10-06","Mudon","Al Ranim","Al Ranim 1","","","3275000","1477","15898","2217","206","Townhouse","3","","NULL","NULL","","0","0","NULL","G+1","Active Listings","Pool and Park View | Brand New | Family Living","Dubai Properties","",""
"11651181","2025-10-28","Mudon","Al Ranim","Al Ranim 1","","","3750000","1691","18204","2217","206","Townhouse","3","Community,Play area","NULL","NULL","","1808","168","NULL","G+1","Active Listings","Prime Location | Backing the Main Park| Brand New","Dubai Properties","",""
"9121074","2025-09-29","Mudon","Al Ranim","Al Ranim 1","","","3450000","1556","16748","2217","206","Townhouse","3","Community,Park","","","","1896","176.15","Type 3B1 (M)","G+1","Pending Sales (SPA/MOU)","","Dubai Properties","",""
"9105651","2025-09-24","Mudon","Al Ranim","Al Ranim 1","","","3300000","1488","16019","2217","206","Townhouse","3","","","","","1808","168","","G+1","Title Deed","","Dubai Properties","","Resale"
"9046330","2025-07-29","Mudon","Al Ranim","Al Ranim 1","","","2825000","1274","13714","2217","206","Townhouse","3","","","","","1861","172.93","","G+1","Title Deed","","Dubai Properties","","Resale"
"11802866","2025-10-24","Mudon","Al Ranim","Al Ranim 1","","","4600000","1545","16625","2978","276.7","Townhouse","4","","","","","2639","245.18","","G+2","Title Deed","","Dubai Properties","","Resale"
"12434478","2026-01-15","Mudon","Al Ranim","Al Ranim 1","","","4980000","1609","17292","3095","288","Townhouse","4","","NULL","NULL","","0","0","NULL","G+1","Active Listings","Bright | Spacious | Great Investment","Dubai Properties","",""
"8854653","2025-02-07","Mudon","Al Ranim","Al Ranim 1","","","2750000","1240","13350","2217","206","Townhouse","3","","","","","1808","168","","G+1","Oqood","","Dubai Properties","","Resale"
"12385934","2026-01-07","Mudon","Al Ranim","Al Ranim 1","","","3350000","1511","16262","2217","206","Townhouse","3","","NULL","NULL","","0","0","NULL","G+1","Active Listings","SINGLE ROW | GENUINE RESALE | SPACIOUS LAYOUT","Dubai Properties","",""
"10907446","2025-08-22","Mudon","Al Ranim","Al Ranim 1","","","4500000","1765","19005","2549","236.78","Townhouse","4","","NULL","NULL","","2704","251.23","NULL","G+1","Active Listings","Brand New | Genuine Seller | Single Row | Opposite Pool and Park","Dubai Properties","",""
"10873931","2025-09-04","Mudon","Al Ranim","Al Ranim 1","","","3200000","1443","15534","2217","206","Townhouse","3","","NULL","NULL","","0","0","NULL","G+1","Active Listings","Spacious | Private Garden | Phase 1","Dubai Properties","",""
"10808195","2025-08-06","Mudon","Al Ranim","Al Ranim 1","","","3325000","1500","16141","2217","206","Townhouse","3","","NULL","NULL","","1808","168","NULL","G+1","Active Listings","G+1 | Close to Park | Handover Soon","Dubai Properties","",""
"10726970","2025-07-20","Mudon","Al Ranim","Al Ranim 1","","","2900000","1309","14078","2216","206","Townhouse","3","","NULL","NULL","","0","0","NULL","G+1","Active Listings","Spacious 3BR | Prime Location | Elegant Layout","Dubai Properties","",""
"11924957","2025-11-06","Mudon","Al Ranim","Al Ranim 1","","","3350000","1511","16262","2217","206","Townhouse","3","Community,Road","NULL","NULL","","1808","168","Type 3B1","G+1","Active Listings","Great Location | Single Row | Great Value","Dubai Properties","",""
"10669072","2025-06-30","Mudon","Al Ranim","Al Ranim 1","","","3100000","1398","15049","2217","206","Townhouse","3","","NULL","NULL","","1859","172.67","NULL","G+1","Active Listings","Single Row | Handover Soon| Walking To Park","Dubai Properties","",""
"10405174","2025-06-15","Mudon","Al Ranim","Al Ranim 1","","","3000000","1353","14563","2217","206","Townhouse","3","Community,Road,Walkway","NULL","NULL","","1872","173.96","NULL","G+1","Active Listings","Single Row | Brand New ? | Close to Amenities","Dubai Properties","",""
"10199938","2025-03-15","Mudon","Al Ranim","Al Ranim 1","","","3000000","1354","14563","2216","206","Townhouse","3","","NULL","NULL","","0","0","NULL","G+1","Active Listings","Test","Dubai Properties","",""
"10295644","2025-05-07","Mudon","Al Ranim","Al Ranim 1","","","2900000","1581","17059","1834","170","Townhouse","3","","NULL","NULL","","0","0","NULL","G+1","Active Listings","Modern Unit I Prime Location I Motivated Seller","Dubai Properties","",""
"11649741","2025-09-28","Mudon","Al Ranim","Al Ranim 1","","","3590000","1986","21369","1808","168","Townhouse","3","","NULL","NULL","","0","0","NULL","G+1","Active Listings","On the Main Park| Close to Pool| Motivated Seller","Dubai Properties","",""
"12374231","2026-01-09","Mudon","Al Ranim","Al Ranim 1","","","3490000","1574","16942","2217","206","Townhouse","3","Community,Green belt","","","","1836","170.55","Type 3B1","G+1","Title Deed","","Dubai Properties","","Resale"
"9112599","2025-07-02","Mudon","Al Ranim","Al Ranim 1","","","3200000","1438","15474","2226","206.8","Townhouse","3","Community,Road","","","","1846","171.54","Mid unit","G+1","Pending Sales (SPA/MOU)","","Dubai Properties","",""
"9101138","2025-09-18","Mudon","Al Ranim","Al Ranim 1","","","3300000","1488","16019","2217","206","Townhouse","3","Community,Play area","","","","1808","168","","G+1","Title Deed","","Dubai Properties","","Resale"
"12108555","2025-11-21","Mudon","Al Ranim","Al Ranim 1","","","4900000","1645","17709","2978","276.7","Townhouse","4","Community,Swimming Pool,Park","","","","2585","240.13","","G+2","Title Deed","","Dubai Properties","","Resale"
"9013550","2025-06-24","Mudon","Al Ranim","Al Ranim 1","","","4500000","1511","16263","2978","276.7","Townhouse","4","","","","","4559","423.57","","G+2","Title Deed","","Dubai Properties","","Resale"
"11789604","2025-10-22","Mudon","Al Ranim","Al Ranim 1","","","3300000","1488","16019","2217","206","Townhouse","3","","","","","1836","170.53","","G+1","Title Deed","","Dubai Properties","","Resale"
"10929158","2025-10-01","Mudon","Al Ranim","Al Ranim 1","","","3200000","1443","15534","2217","206","Townhouse","3","","NULL","NULL","","0","0","NULL","G+1","Active Listings","FINANCE PRE-APPROVED BUYER WELCOME | VIEWING AVAILABLE","Dubai Properties","",""
"10905489","2025-11-04","Mudon","Al Ranim","Al Ranim 1","","","3500000","1579","16990","2217","206","Townhouse","3","","NULL","NULL","","0","0","NULL","G+1","Active Listings","Best Location | On The Park | Brand New","Dubai Properties","",""
"10319875","2025-05-16","Mudon","Al Ranim","Al Ranim 1","","","2900000","1308","14078","2217","206","Townhouse","3","Community,Road,Walkway","NULL","NULL","","1872","173.96","NULL","G+1","Active Listings","Genuine Seller|Single Row |3BR +M|Elegant Layout","Dubai Properties","",""
"10873170","2025-08-11","Mudon","Al Ranim","Al Ranim 1","","","3200000","1443","15534","2217","206","Townhouse","3","","NULL","NULL","","1859","172.67","NULL","G+1","Active Listings","Single Row | Handover Soon| Walking To Park","Dubai Properties","",""
"10781683","2025-08-04","Mudon","Al Ranim","Al Ranim 1","","","3425000","1821","19571","1881","175","Townhouse","3","","NULL","NULL","","0","0","NULL","G+1","Active Listings","G+2  |Handed Over | Prime Location","Dubai Properties","",""
"10723542","2025-07-18","Mudon","Al Ranim","Al Ranim 1","","","3200000","1443","15534","2217","206","Townhouse","3","","NULL","NULL","","1916","177.99","","G+1","Active Listings","FINANCE PRE-APPROVED BUYER WELCOME | VIEWING AVAILABLE","Dubai Properties","",""
"10665126","2025-06-29","Mudon","Al Ranim","Al Ranim 1","","","3000000","1353","14563","2217","206","Townhouse","3","","NULL","NULL","","0","0","NULL","G+1","Active Listings","Single Row | Brand New ? | Close to Amenities","Dubai Properties","",""
"10397777","2025-06-12","Mudon","Al Ranim","Al Ranim 1","","","2975000","1342","14442","2217","206","Townhouse","3","","NULL","NULL","","0","0","NULL","G+1","Active Listings","Direct Park Facing | Motivated Seller | Hot Deal","Dubai Properties","",""
"11785246","2025-11-04","Mudon","Al Ranim","Al Ranim 1","","","3400000","1534","16505","2217","206","Townhouse","3","Community,Road","NULL","NULL","","1808","168","Type 3B1","G+1","Active Listings","3-beds Brand New | Prime location | Ready to move","Dubai Properties","",""
"10289281","2025-05-05","Mudon","Al Ranim","Al Ranim 1","","","3000000","1353","14563","2217","206","Townhouse","3","Community,Road,Walkway","NULL","NULL","","1872","173.96","NULL","G+1","Active Listings","Single Row | Brand New ? | Close to Amenities","Dubai Properties","",""
"11679147","2025-10-15","Mudon","Al Ranim","Al Ranim 1","","","4300000","1688","18160","2548","236.78","Townhouse","4","","NULL","NULL","","2915","270.77","Type 4B1","G+1","Active Listings","AED4,3 Million - Mudon Al Ranim 1: Your Dream Family Townhouse in the Heart of Dubailand","Dubai Properties","",""
"11648548","2025-11-09","Mudon","Al Ranim","Al Ranim 1","","","4200000","1648","17738","2548","236.78","Townhouse","4","","NULL","NULL","","2666","247.69","","G+1","Active Listings","Best Priced | 4 Bedroom | G+1 Park Facing","Dubai Properties","",""
"10812633","2025-08-08","Mudon","Al Ranim","Al Ranim 2","","","4200000","1468","15789","2861","266","Townhouse","4","","NULL","NULL","","0","0","NULL","G+1","Active Listings","Almost Ready | 4 bed | Infront of Park | Handover in Process | Premium Unit","Dubai Properties","",""
"10658678","2025-06-27","Mudon","Al Ranim","Al Ranim 2","","","3800000","1491","16049","2548","236.78","Townhouse","4","","NULL","NULL","","2741","254.68","","G+1","Active Listings","VASTU| MULTIPLE UNITS AVAILABLE | MOTIVATED SELLER","Dubai Properties","",""
"10635492","2025-06-20","Mudon","Al Ranim","Al Ranim 2","","","3200000","1770","19048","1808","168","Townhouse","3","","NULL","NULL","","0","0","NULL","G+1","Active Listings","Open Greeney Near swimming pool | multiple units","Dubai Properties","",""
"10964051","2025-08-23","Mudon","Al Ranim","Al Ranim 2","","","4500000","1643","17717","2739","254","Townhouse","4","","NULL","NULL","","0","0","NULL","G+1","Active Listings","4BR G+1 | On Pool and Park | Handover by September","Dubai Properties","",""
"10925983","2025-09-13","Mudon","Al Ranim","Al Ranim 2","","","3400000","1875","20238","1813","168","Townhouse","3","","NULL","NULL","","0","0","NULL","G+1","Active Listings","Handover Q4 2025 | Near Pool and Park | Single Row","Dubai Properties","",""
"12086018","2025-11-15","Mudon","Al Ranim","Al Ranim 2","","","3300000","1488","16019","2217","206","Townhouse","3","","NULL","NULL","","1813","168.43","","G+1","Active Listings","For Sale 3BR G+1","Dubai Properties","",""
"11829263","2025-11-04","Mudon","Al Ranim","Al Ranim 2","","","3495000","1576","16966","2217","206","Townhouse","3","","NULL","NULL","","1808","168.01","NULL","G+1","Active Listings","Single Row | Brand New | Vacant","Dubai Properties","",""
"10197707","2025-03-12","Mudon","Al Ranim","Al Ranim 2","","","4300000","1078","11590","3990","371","Townhouse","4","","NULL","NULL","","0","0","NULL","G+1","Active Listings","Single Row | Corner | Huge Plot | Park Facing","Dubai Properties","",""
"10132614","2025-02-24","Mudon","Al Ranim","Al Ranim 2","","","3800000","1276","13718","2978","277","Townhouse","4","","NULL","NULL","","0","0","NULL","G+1","Active Listings","On Park Single Row | Corner G+2 | 4BR + Family + Maid","Dubai Properties","",""
"11646951","2025-11-09","Mudon","Al Ranim","Al Ranim 2","","","4300000","1688","18160","2548","236.78","Townhouse","4","","NULL","NULL","","2797","259.87","Type 4B1","G+1","Active Listings","Exclusive 4-Bedroom Corner Villa | Prime Location | Vastu-Compliant Design","Dubai Properties","",""
"10977205","2025-09-08","Mudon","Al Ranim","Al Ranim 2","","","3100000","1710","18452","1813","168","Townhouse","3","","NULL","NULL","","0","0","NULL","G+1","Active Listings","Brand New I Prime Location I Handover Soon","Dubai Properties","",""
"9110686","2025-09-02","Mudon","Al Ranim","Al Ranim 2","","","5000000","1679","18070","2978","276.7","Townhouse","4","Community,Park,Swimming Pool","","","","3727","346.22","Type- 4B2 (M)","G+2","Pending Sales (SPA/MOU)","","Dubai Properties","",""
"10886854","2025-08-18","Mudon","Al Ranim","Al Ranim 2","","","3799999","1491","16034","2548","237","Townhouse","4","","NULL","NULL","","0","0","NULL","G+1","Active Listings","Family Haven | Single Row | Ready Soon","Dubai Properties","",""
"9099057","2025-09-17","Mudon","Al Ranim","Al Ranim 2","","","4300000","1688","18160","2548","236.78","Townhouse","4","","","","","3906","362.85","","G+1","Title Deed","","Dubai Properties","","Resale"
"9016823","2025-06-26","Mudon","Al Ranim","Al Ranim 2","","","2875000","1297","13956","2217","206","Townhouse","3","","","","","1814","168.57","","G+1","Oqood","","Dubai Properties","","Resale"
"10374257","2025-06-05","Mudon","Al Ranim","Al Ranim 2","","","3900000","1393","15000","2800","260","Townhouse","4","","NULL","NULL","","0","0","NULL","G+1","Active Listings","CLOSE TO HANDOVER  |  SINGLE ROW  |  GENUINE RESALE  |  HUGE PLOT  |  LUSH GREEN SPACE","Dubai Properties","",""
"10925172","2025-08-29","Mudon","Al Ranim","Al Ranim 2","","","3500000","1579","16990","2217","206","Townhouse","3","","NULL","NULL","","1875","174.2","NULL","G+1","Active Listings","Prime Location | Direct on Pool | Great Deal","Dubai Properties","",""
"10209134","2025-04-02","Mudon","Al Ranim","Al Ranim 2","","","4200000","1027","11053","4088","380","Townhouse","4","","NULL","NULL","","0","0","NULL","G+1","Active Listings","Luxurious Exterior| 4BR+Family + Maids | Resale","Dubai Properties","",""
"11643445","2025-09-24","Mudon","Al Ranim","Al Ranim 2","","","4400000","1726","18565","2549","237","Townhouse","4","","NULL","NULL","","0","0","NULL","G+1","Active Listings","Prime Location | Single Row | End Corner | Vacant","Dubai Properties","",""
"10972585","2025-11-06","Mudon","Al Ranim","Al Ranim 2","","","4199800","1648","17737","2548","236.78","Townhouse","4","","NULL","NULL","","2797","259.87","Type 4B1","G+1","Active Listings","4BR + Maid Villa with Park View – Mudon Al Ranim 2","Dubai Properties","",""
"12179629","2025-12-09","Mudon","Al Ranim","Al Ranim 2","","","4430000","1739","18709","2548","236.78","Townhouse","4","","","","","3342","310.5","","G+1","Title Deed","","Dubai Properties","","Resale"
"9093431","2025-09-11","Mudon","Al Ranim","Al Ranim 2","","","3600000","1413","15204","2548","236.78","Townhouse","4","Community,Road","","","","2710","251.78","Type 4B1","G+1","Title Deed","","Dubai Properties","","Resale"
"10952858","2025-08-27","Mudon","Al Ranim","Al Ranim 2","","","3000000","1353","14563","2217","206","Townhouse","3","","NULL","NULL","","1814","168.57","NULL","G+1","Active Listings","Stop Scrolling | Motivated Seller | Ready Now","Dubai Properties","",""
"10924176","2025-08-22","Mudon","Al Ranim","Al Ranim 2","","","4000000","1428","15385","2801","260","Townhouse","4","","NULL","NULL","","0","0","NULL","G+1","Active Listings","4 Bedroom TH | Direct on Park | Contact","Dubai Properties","",""
"12158301","2025-12-04","Mudon","Al Ranim","Al Ranim 2","","","3300000","1488","16019","2217","206","Townhouse","3","","NULL","NULL","","0","0","NULL","G+1","Active Listings","Close to Pool and Park |Prime Location | Brand New","Dubai Properties","",""
"10317838","2025-05-16","Mudon","Al Ranim","Al Ranim 2","","","2950000","1331","14320","2217","206","Townhouse","3","","NULL","NULL","","0","0","NULL","G+1","Active Listings","Urgent Genuine Reselle|Pool & Park|Multiple Options","Dubai Properties","",""
"10229527","2025-04-10","Mudon","Al Ranim","Al Ranim 2","","","3100000","1398","15049","2217","206","Townhouse","3","Community,Road","NULL","NULL","","1814","168.48","Type 3B1","G+1","Active Listings","Hand Over 4Q 2025 | Single Row | Facing Park","Dubai Properties","",""
"10195334","2025-03-26","Mudon","Al Ranim","Al Ranim 2","","","4200000","1127","12139","3726","346","Townhouse","4","","NULL","NULL","","0","0","NULL","G+1","Active Listings","Cozy 4BR+Maids  | Serene Location | Resale","Dubai Properties","",""
"11766810","2025-11-04","Mudon","Al Ranim","Al Ranim 2","","","3340000","1507","16214","2217","206","Townhouse","3","Community,Road","NULL","NULL","","1814","168.48","Type 3B1","G+1","Active Listings","Brand New | Single Row | Open Plan","Dubai Properties","",""
"11001022","2025-10-24","Mudon","Al Ranim","Al Ranim 2","","","4099999","1609","17300","2548","237","Townhouse","4","","NULL","NULL","","0","0","NULL","G+1","Active Listings","Family Haven | Single Row | Ready Soon","Dubai Properties","",""
"11003123","2025-09-10","Mudon","Al Ranim","Al Ranim 2","","","3400000","1534","16505","2217","206","Townhouse","3","","NULL","NULL","","0","0","NULL","G+1","Active Listings","Fantastic Location | Park Backing | Brand New Unit","Dubai Properties","",""
"10971454","2025-08-21","Mudon","Al Ranim","Al Ranim 2","","","4150000","1628","17511","2549","237","Townhouse","4","","NULL","NULL","","0","0","NULL","G+1","Active Listings","Park Facing I Genuine Seller | Viewing Available","Dubai Properties","",""
"10942228","2025-08-14","Mudon","Al Ranim","Al Ranim 2","","","3300000","1488","16019","2217","206","Townhouse","3","","NULL","NULL","","1842","171.12","NULL","G+1","Active Listings","Handover Soon | Single Row Park Facing | 3 Bed","Dubai Properties","",""
"11941917","2025-11-11","Mudon","Al Ranim","Al Ranim 2","","","3200000","1443","15534","2217","206","Townhouse","3","Community,Walkway,Road,Partial Landscaped Garden","","","","1811","168.21","","G+1","Title Deed","","Dubai Properties","","Resale"
"10803439","2025-08-06","Mudon","Al Ranim","Al Ranim 2","","","3200000","1443","15534","2217","206","Townhouse","3","","NULL","NULL","","1810","168.19","","G+1","Active Listings","Single Row | Handover Soon| Walking To Park","Dubai Properties","",""
"12415527","2025-12-11","Mudon","Al Ranim","Al Ranim 2","","","4250000","1668","17949","2548","236.78","Townhouse","4","","","","","2549","236.81","Type 4B1","G+1","Pending Sales (SPA/MOU)","","Dubai Properties","",""
"10651234","2025-06-25","Mudon","Al Ranim","Al Ranim 2","","","3000000","1353","14563","2217","206","Townhouse","3","","NULL","NULL","","1813","168.44","","G+1","Active Listings","Prime Locaton- Options in all Al Ranims- Great ROI","Dubai Properties","",""
"8975148","2025-05-15","Mudon","Al Ranim","Al Ranim 2","","","2800000","1263","13592","2217","206","Townhouse","3","","","","","1813","168.43","","G+1","Oqood","","Dubai Properties","","Resale"
"10922609","2025-09-04","Mudon","Al Ranim","Al Ranim 2","","","3000000","1353","14563","2217","206","Townhouse","3","","NULL","NULL","","1810","168.19","","G+1","Active Listings","Single Row | Near Park n Pool | Easy Access","Dubai Properties","",""
"10247608","2025-04-19","Mudon","Al Ranim","Al Ranim 2","","","3100000","1713","18452","1810","168","Townhouse","3","","NULL","NULL","","0","0","NULL","G+1","Active Listings","Modern Type 3 BR Townhose  for sale","Dubai Properties","",""
"12073648","2025-11-18","Mudon","Al Ranim","Al Ranim 2","","","3325000","1500","16141","2217","206","Townhouse","3","Community,Road","NULL","NULL","","1814","168.48","Type 3B1","G+1","Active Listings","Fully Fitted Kitchen | Brand New |Iconic Park View","Dubai Properties","",""
"11696896","2025-11-05","Mudon","Al Ranim","Al Ranim 2","","","3099999","1398","15049","2217","206","Townhouse","3","","NULL","NULL","","0","0","NULL","G+1","Active Listings","Prime Location| 3BHK plus Maid | Viewing Available","Dubai Properties","",""
"11664111","2025-10-10","Mudon","Al Ranim","Al Ranim 2","","","4400000","1703","18333","2583","240","Townhouse","4","","NULL","NULL","","0","0","NULL","G+1","Active Listings","Prime Location | Single Row | End Corner | Vacant","Dubai Properties","",""
"10999275","2025-09-27","Mudon","Al Ranim","Al Ranim 2","","","3800000","1361","14672","2793","259","Townhouse","4","","NULL","NULL","","0","0","NULL","G+1","Active Listings","Single Row | Corner Unit | Vacant | Brand New","Dubai Properties","",""
"12510095","2026-02-02","Mudon","Al Ranim","Al Ranim 2","","","3350000","1511","16262","2217","206","Townhouse","3","","","","","1808","168.01","Type 3B1","G+1","Title Deed","","Dubai Properties","","Resale"
"12158901","2025-12-04","Mudon","Al Ranim","Al Ranim 2","","","3500000","1579","16990","2217","206","Townhouse","3","Community,Swimming Pool,Park","","","","1808","168","","G+1","Title Deed","","Dubai Properties","","Resale"
"11941373","2025-11-10","Mudon","Al Ranim","Al Ranim 2","","","3380000","1525","16408","2217","206","Townhouse","3","","","","","1809","168.03","","G+1","Title Deed","","Dubai Properties","","Resale"
"10795963","2025-08-06","Mudon","Al Ranim","Al Ranim 2","","","3450000","1556","16748","2217","206","Townhouse","3","","NULL","NULL","","0","0","NULL","G+1","Active Listings","G+1 | Single Row | Handover Sep 2025","Dubai Properties","",""
"10762296","2025-07-30","Mudon","Al Ranim","Al Ranim 2","","","3050000","1376","14806","2217","206","Townhouse","3","","NULL","NULL","","0","0","NULL","G+1","Active Listings","Family Home in Mudon-3BR+M Townhouse-Handover Soon","Dubai Properties","",""
"12405158","2026-01-11","Mudon","Al Ranim","Al Ranim 2","","","4800000","1883","20272","2549","236.78","Townhouse","4","","NULL","NULL","","2728","253.41","NULL","G+1","Active Listings","Prime Location| Best Investment| Brand New| Ready","Dubai Properties","",""
"10946146","2025-10-07","Mudon","Al Ranim","Al Ranim 2","","","3650000","1421","15272","2568","239","Townhouse","3","","NULL","NULL","","0","0","NULL","G+1","Active Listings","Brand New | Park Backing | Type 3 G+2","Dubai Properties","",""
"10224146","2025-04-08","Mudon","Al Ranim","Al Ranim 2","","","3500000","1283","13834","2727","253","Townhouse","4","","NULL","NULL","","0","0","NULL","G+1","Active Listings","4 Bedrooms | Excellent Location | Spacious","Dubai Properties","",""
"11913786","2025-11-27","Mudon","Al Ranim","Al Ranim 2","","","3500000","1579","16990","2217","206","Townhouse","3","Community,Walkway,Road","NULL","NULL","","1811","168.26","Type 3B1","G+1","Active Listings","Best Price Alert | On the Main Park | Brand New","Dubai Properties","",""
"10204374","2025-03-22","Mudon","Al Ranim","Al Ranim 2","","","3200000","1246","13414","2568","238.55","Townhouse","3","","NULL","NULL","","1879","174.58","NULL","G+2","Active Listings","3 Bedroom  Townhouse For Sale in Ranim 2","Dubai Properties","",""
"11806304","2025-11-04","Mudon","Al Ranim","Al Ranim 2","","","4300000","1687","18160","2549","236.78","Townhouse","4","","NULL","NULL","","2742","254.78","NULL","G+1","Active Listings","Corner Unit | Single Row | Near Amenities","Dubai Properties","",""
"10166255","2025-03-03","Mudon","Al Ranim","Al Ranim 2","","","4200000","1027","11053","4088","380","Townhouse","4","","NULL","NULL","","0","0","NULL","G+1","Active Listings","Luxurious Exterior| 4BR+Family & Maids|Resale","Dubai Properties","",""
"11695040","2025-11-04","Mudon","Al Ranim","Al Ranim 2","","","3300000","1488","16019","2217","206","Townhouse","3","","NULL","NULL","","1813","168.43","","G+1","Active Listings","Motivated Seller | Brand New | Mortgage Accepted","Dubai Properties","",""
"10997492","2025-08-28","Mudon","Al Ranim","Al Ranim 2","","","3799999","1491","16034","2548","237","Townhouse","4","","NULL","NULL","","0","0","NULL","G+1","Active Listings","Family Haven | Single Row | Ready Soon","Dubai Properties","",""
"10897070","2025-08-18","Mudon","Al Ranim","Al Ranim 2","","","3100000","1398","15049","2217","206","Townhouse","3","","NULL","NULL","","0","0","NULL","G+1","Active Listings","Single Row | Park facing | Mudon Al Ranim 2 | Genuine Resale","Dubai Properties","",""
"12142101","2025-11-28","Mudon","Al Ranim","Al Ranim 2","","","3050000","1376","14806","2217","206","Townhouse","3","","","","","1808","168","","G+1","Title Deed","","Dubai Properties","","Resale"
"10824399","2025-08-15","Mudon","Al Ranim","Al Ranim 2","","","2999999","1656","17857","1812","168","Townhouse","3","","NULL","NULL","","0","0","NULL","G+1","Active Listings","Single Row |  Vastu  |  Park Facing","Dubai Properties","",""
"10648704","2025-06-25","Mudon","Al Ranim","Al Ranim 2","","","2950000","1331","14320","2217","206","Townhouse","3","","NULL","NULL","","0","0","NULL","G+1","Active Listings","GENUNE RESALE | 3  BEDROOMS VILLA |GOOD  LOCATION","Dubai Properties","",""
"8969977","2025-05-08","Mudon","Al Ranim","Al Ranim 2","","","3175000","1237","13310","2567","238.55","Townhouse","3","","","","","1846","171.48","","G+2","Oqood","","Dubai Properties","","Resale"
"12197944","2025-12-13","Mudon","Al Ranim","Al Ranim 2","","","3500000","1579","16990","2217","206","Townhouse","3","Community,Walkway,Road","NULL","NULL","","1811","168.26","Type 3B1","G+1","Active Listings","Best Price Alert | On the Main Park | Brand New","Dubai Properties","",""
"11913137","2025-11-27","Mudon","Al Ranim","Al Ranim 2","","","4800000","1883","20272","2549","236.78","Townhouse","4","","NULL","NULL","","2728","253.41","NULL","G+1","Active Listings","Close to Pool | Main Park | End Unit 4BR","Dubai Properties","",""
"10189027","2025-03-24","Mudon","Al Ranim","Al Ranim 2","","","3000000","1353","14563","2217","206","Townhouse","3","","NULL","NULL","","1846","171.51","NULL","G+1","Active Listings","Genuine Resale | Park facing | No Agents","Dubai Properties","",""
"11758223","2025-10-29","Mudon","Al Ranim","Al Ranim 2","","","4200000","1648","17738","2548","236.78","Townhouse","4","","NULL","NULL","","2729","253.49","Type 4B1","G+1","Active Listings","Huge Plot Size | Close to Pool | Best Market Price","Dubai Properties","",""
"10995615","2025-09-12","Mudon","Al Ranim","Al Ranim 2","","","3050000","1682","18155","1813","168","Townhouse","3","","NULL","NULL","","0","0","NULL","G+1","Active Listings","COMMUNITY EXPERT| VASTU| FREE MORTGAGE | NO AGENTS","Dubai Properties","",""
"12302587","2025-12-23","Mudon","Al Ranim","Al Ranim 2","","","3500000","1579","16990","2217","206","Townhouse","3","","","","","1962","182.23","Type 3B1","G+1","Title Deed","","Dubai Properties","","Resale"
"9122726","2025-10-07","Mudon","Al Ranim","Al Ranim 2","","","3750000","1461","15720","2567","238.55","Townhouse","3","","","","","1808","168","","G+2","Title Deed","","Dubai Properties","","Resale"
"9001636","2025-06-12","Mudon","Al Ranim","Al Ranim 2","","","3000000","1353","14563","2217","206","Townhouse","3","","","","","1846","171.51","","G+1","Oqood","","Dubai Properties","","Resale"
"12197919","2025-12-13","Mudon","Al Ranim","Al Ranim 2","","","4800000","1883","20272","2549","236.78","Townhouse","4","","NULL","NULL","","2728","253.41","NULL","G+1","Active Listings","Prime Location| Best Investment| Brand New| Ready","Dubai Properties","",""
"11658090","2025-10-09","Mudon","Al Ranim","Al Ranim 2","","","3800000","2102","22619","1808","168","Townhouse","3","","NULL","NULL","","0","0","NULL","G+1","Active Listings","3BR + Maid | G+2  |  Ultra-Prime","Dubai Properties","",""
"11530293","2025-10-06","Mudon","Al Ranim","Al Ranim 2","","","4100000","1608","17316","2549","236.78","Townhouse","4","","NULL","NULL","","2728","253.43","NULL","G+1","Active Listings","Brand New | Opposite Pool N Park | Single Row","Dubai Properties","",""
"10990743","2025-10-13","Mudon","Al Ranim","Al Ranim 2","","","3290000","1484","15971","2217","206","Townhouse","3","Community,Road","NULL","NULL","","1814","168.48","Type 3B1","G+1","Active Listings","Fully Fitted Kitchen |Brand New |Iconic Park View","Dubai Properties","",""
"9119645","2025-10-03","Mudon","Al Ranim","Al Ranim 2","","","3200000","1443","15534","2217","206","Townhouse","3","","","","","1814","168.57","","G+1","Title Deed","","Dubai Properties","","Resale"
"11906323","2025-11-03","Mudon","Al Ranim","Al Ranim 2","","","3260000","1470","15825","2217","206","Townhouse","3","Community,Walkway,Road","","","","1811","168.26","Type 3B1","G+1","Title Deed","","Dubai Properties","","Initial Sale"
"10705591","2025-07-14","Mudon","Al Ranim","Al Ranim 2","","","3000000","1353","14563","2217","206","Townhouse","3","","NULL","NULL","","1814","168.57","NULL","G+1","Active Listings","Motivated Seller | Handover Soon | Spacious 3BR","Dubai Properties","",""
"12489587","2026-01-28","Mudon","Al Ranim","Al Ranim 2","","","3800000","1714","18447","2217","206","Townhouse","3","","NULL","NULL","NULL","1808","168","NULL","G+1","Active Listings","Investor Deal | On the Park | Landscaped","Dubai Properties","",""
"10645774","2025-10-21","Mudon","Al Ranim","Al Ranim 2","","","3050000","1687","18155","1808","168","Townhouse","3","","NULL","NULL","","0","0","NULL","G+1","Active Listings","Near Pool and Park | Single Row | Ready","Dubai Properties","",""
"10940011","2025-09-01","Mudon","Al Ranim","Al Ranim 2","","","3200000","1443","15534","2217","206","Townhouse","3","","NULL","NULL","","1810","168.19","","G+1","Active Listings","Single Row | Walk In to the Park I Brand New","Dubai Properties","",""
"12327544","2025-12-26","Mudon","Al Ranim","Al Ranim 2","","","3700000","1669","17961","2217","206","Townhouse","3","Community,Park","NULL","NULL","","1808","168","NULL","G+1","Active Listings","Close to Pool| Motivated Seller| Brand New","Dubai Properties","",""
"10915039","2025-08-27","Mudon","Al Ranim","Al Ranim 2","","","3050000","1376","14806","2217","206","Townhouse","3","","NULL","NULL","","1813","168.43","NULL","G+1","Active Listings","COMMUNITY EXPERT| VASTU| FREE MORTGAGE | NO AGENTS","Dubai Properties","",""
"12195194","2025-12-12","Mudon","Al Ranim","Al Ranim 2","","","4300000","1687","18160","2549","236.78","Townhouse","4","","NULL","NULL","","2728","253.43","NULL","G+1","Active Listings","Brand New | Opposite Pool N Park | Single Row","Dubai Properties","",""
"10326037","2025-05-19","Mudon","Al Ranim","Al Ranim 2","","","3899999","1530","16471","2549","236.78","Townhouse","4","Park,Community","NULL","NULL","","2803","260.41","NULL","G+1","Active Listings","Park Facing I Genuine Seller | Excellent Location","Dubai Properties","",""
"11804093","2025-11-05","Mudon","Al Ranim","Al Ranim 2","","","4500000","1765","19005","2549","236.78","Townhouse","4","","NULL","NULL","","2726","253.26","NULL","G+1","Active Listings","Huge Plot | Close to Pool | Best Market Price","Dubai Properties","",""
"11657497","2025-10-10","Mudon","Al Ranim","Al Ranim 2","","","4300000","1688","18143","2548","237","Townhouse","4","","NULL","NULL","","0","0","NULL","G+1","Active Listings","Corner Unit On The Park","Dubai Properties","",""
"11011436","2025-11-05","Mudon","Al Ranim","Al Ranim 2","","","4500000","1765","19005","2549","236.78","Townhouse","4","","NULL","NULL","","2726","253.26","NULL","G+1","Active Listings","Multi Options | Walk to Pool | Ready |Park Backing","Dubai Properties","",""
"10988265","2025-09-25","Mudon","Al Ranim","Al Ranim 2","","","4280000","1679","18076","2549","236.78","Townhouse","4","","NULL","NULL","","2863","265.99","","G+1","Active Listings","4BR | Huge Plot | Mortgage Applicable","Dubai Properties","",""
"9116126","2025-09-30","Mudon","Al Ranim","Al Ranim 2","","","3600000","1402","15091","2567","238.55","Townhouse","3","","","","","1808","168","","G+2","Title Deed","","Dubai Properties","","Resale"
"11857530","2025-10-29","Mudon","Al Ranim","Al Ranim 2","","","4430000","1739","18709","2548","236.78","Townhouse","4","","","","","3342","310.5","","G+1","Title Deed","","Dubai Properties","","Resale"
"10355222","2025-05-29","Mudon","Al Ranim","Al Ranim 2","","","3550000","1393","14993","2549","236.78","Townhouse","4","","NULL","NULL","","2653","246.47","NULL","G+1","Active Listings","Type 4B1 | 4 Bed+ Maids | End Unit","Dubai Properties","",""
"10909937","2025-08-25","Mudon","Al Ranim","Al Ranim 2","","","4400000","1726","18583","2549","236.78","Townhouse","4","","NULL","NULL","","3388","314.76","NULL","G+1","Active Listings","4 bedroom /Exceptional Vila / Impressive Amenities","Dubai Properties","",""
"10880305","2025-11-05","Mudon","Al Ranim","Al Ranim 2","","","4100000","1609","17316","2548","236.78","Townhouse","4","","NULL","NULL","","2729","253.49","Type 4B1","G+1","Active Listings","Brand New | 4BR + Maids | Near to Park and Pool","Dubai Properties","",""
"10242704","2025-04-17","Mudon","Al Ranim","Al Ranim 2","","","3899999","1530","16471","2549","236.78","Townhouse","4","Park,Community","NULL","NULL","","2803","260.41","NULL","G+1","Active Listings","Park Facing I Genuine Seller | Excellent Location","Dubai Properties","",""
"11934670","2025-11-08","Mudon","Al Ranim","Al Ranim 2","","","3600000","1624","17476","2217","206","Townhouse","3","","NULL","NULL","","1897","176.27","NULL","G+1","Active Listings","Prime Location | Multiple Options | 3BR","Dubai Properties","",""
"11712696","2025-10-11","Mudon","Al Ranim","Al Ranim 2","","","4400000","1605","17255","2741","255","Townhouse","4","","NULL","NULL","","0","0","NULL","G+1","Active Listings","Prime Location, Single Row , Unfurnished","Dubai Properties","",""
"11010921","2025-09-10","Mudon","Al Ranim","Al Ranim 2","","","3400000","1534","16505","2217","206","Townhouse","3","","NULL","NULL","","0","0","NULL","G+1","Active Listings","Type G+1  | On Park | Motivated Seller.","Dubai Properties","",""
"10952881","2025-08-15","Mudon","Al Ranim","Al Ranim 2","","","3300000","1488","16019","2217","206","Townhouse","3","","NULL","NULL","","1842","171.12","NULL","G+1","Active Listings","Multiple units | Handover Sept 2025 | Single row","Dubai Properties","",""
"10868855","2025-09-03","Mudon","Al Ranim","Al Ranim 2","","","3000000","1353","14563","2217","206","Townhouse","3","","NULL","NULL","","0","0","NULL","G+1","Active Listings","Prime Locaton- Mortgage Available - Handover soon","Dubai Properties","",""
"11825524","2025-10-28","Mudon","Al Ranim","Al Ranim 2","","","4999000","1580","17007","3164","293.93","Townhouse","4","Community,Park,Swimming Pool","","","","3728","346.35","","G+2","Title Deed","","Dubai Properties","","Resale"
"10814885","2025-08-09","Mudon","Al Ranim","Al Ranim 2","","","3800000","1357","14615","2801","260","Townhouse","4","","NULL","NULL","","0","0","NULL","G+1","Active Listings","CLOSER TO HANDOVER | MOTIVATED SELLER | VASTU","Dubai Properties","",""
"8948314","2025-04-23","Mudon","Al Ranim","Al Ranim 2","","","3300000","1295","13937","2548","236.78","Townhouse","4","","","","","2715","252.21","","G+1","Oqood","","Dubai Properties","","Resale"
"10353310","2025-05-28","Mudon","Al Ranim","Al Ranim 2","","","3200000","1443","15534","2217","206","Townhouse","3","","NULL","NULL","","1875","174.2","NULL","G+1","Active Listings","Genuine Resale | Central Location | Pool Backing","Dubai Properties","",""
"10879335","2025-08-25","Mudon","Al Ranim","Al Ranim 2","","","3700000","1452","15612","2549","237","Townhouse","4","","NULL","NULL","","0","0","NULL","G+1","Active Listings","Resale 4BR+Maid | Private Garden | End Unit","Dubai Properties","",""
"12143327","2025-11-29","Mudon","Al Ranim","Al Ranim 2","","","3250000","1466","15777","2217","206","Townhouse","3","","NULL","NULL","","1809","168.03","NULL","G+1","Active Listings","Best Priced 3BR Townhouse | G+1 | Road Backing","Dubai Properties","",""
"10183789","2025-03-04","Mudon","Al Ranim","Al Ranim 2","","","2700000","1488","15976","1814","169","Townhouse","3","","NULL","NULL","","0","0","NULL","G+1","Active Listings","Exclusive | 3B1 M Type | Next To The Park","Dubai Properties","",""
"12415926","2026-01-14","Mudon","Al Ranim","Al Ranim 2","","","4250000","1668","17949","2548","236.78","Townhouse","4","","","","","2797","259.87","Type 4B1","G+1","Title Deed","","Dubai Properties","","Resale"
"9119305","2025-09-26","Mudon","Al Ranim","Al Ranim 2","","","3400000","1534","16505","2217","206","Townhouse","3","Community,Park","","","","1808","168","Type 3B1","G+1","Pending Sales (SPA/MOU)","","Dubai Properties","",""
"10888496","2025-10-09","Mudon","Al Ranim","Al Ranim 2","","","3150000","1421","15291","2217","206","Townhouse","3","","NULL","NULL","","1813","168.42","","G+1","Active Listings","Near Handover | Peaceful Community | Private Garde","Dubai Properties","",""
"9037521","2025-07-21","Mudon","Al Ranim","Al Ranim 2","","","3700000","1169","12588","3164","293.93","Townhouse","4","","","","","3104","288.37","","G+2","Title Deed","","Dubai Properties","","Resale"
"10697151","2025-07-11","Mudon","Al Ranim","Al Ranim 2","","","4100000","1608","17300","2549","237","Townhouse","4","","NULL","NULL","","0","0","NULL","G+1","Active Listings","Park View | 4-Bedroom | Resale | Multiple Options","Dubai Properties","",""
"10383016","2025-06-09","Mudon","Al Ranim","Al Ranim 2","","","3200000","1443","15534","2217","206","Townhouse","3","","NULL","NULL","","0","0","NULL","G+1","Active Listings","Genuine Resale | Spacious Layout | Prime Location","Dubai Properties","",""
"10906393","2025-09-04","Mudon","Al Ranim","Al Ranim 2","","","3200000","1443","15534","2217","206","Townhouse","3","","NULL","NULL","","0","0","NULL","G+1","Active Listings","Walking to the Park | Brand New | Spacious","Dubai Properties","",""
"10873867","2025-09-04","Mudon","Al Ranim","Al Ranim 2","","","3200000","1769","19048","1809","168","Townhouse","3","","NULL","NULL","","0","0","NULL","G+1","Active Listings","Elegant 3BR TH | Private Garden | Covered Parking","Dubai Properties","",""
"12140969","2025-11-29","Mudon","Al Ranim","Al Ranim 2","","","3520000","1588","17087","2217","206","Townhouse","3","","NULL","NULL","","1808","168","NULL","G+1","Active Listings","Hot Deal | Mutilple Options | Park View","Dubai Properties","",""
"10296273","2025-05-07","Mudon","Al Ranim","Al Ranim 2","","","4200000","1468","15789","2861","266","Apartment","4","","NULL","NULL","","0","0","NULL","","Active Listings","Park Facing | Prime Location | Off Plan Living","Dubai Properties","",""
"10266236","2025-04-25","Mudon","Al Ranim","Al Ranim 2","","","3500000","1290","13889","2714","252","Townhouse","4","","NULL","NULL","","0","0","NULL","G+1","Active Listings","Single Row | Motivated Seller | Negotiable","Dubai Properties","",""
"11681629","2025-10-27","Mudon","Al Ranim","Al Ranim 2","","","3375000","1522","16383","2217","206","Townhouse","3","","NULL","NULL","","0","0","NULL","G+1","Active Listings","Single Row | Brand New | Vacant","Dubai Properties","",""
"10978984","2025-08-27","Mudon","Al Ranim","Al Ranim 2","","","3749999","1460","15690","2568","239","Townhouse","3","","NULL","NULL","","0","0","NULL","G+1","Active Listings","Parkside Haven | 3B G+2 | Single Row","Dubai Properties","",""
"11789026","2025-10-21","Mudon","Al Ranim","Al Ranim 2","","","1069000","482","5189","2217","206","Townhouse","3","","","","","1808","168","","G+1","Title Deed","","Dubai Properties","","Resale"
"10813102","2025-08-08","Mudon","Al Ranim","Al Ranim 2","","","3400000","1534","16505","2217","206","Townhouse","3","","NULL","NULL","","1808","168","","G+1","Active Listings","Park Backing | 2025 Handover | Close to Pools","Dubai Properties","",""
"10662896","2025-06-29","Mudon","Al Ranim","Al Ranim 2","","","3213000","1774","19125","1811","168","Townhouse","3","","NULL","NULL","","0","0","NULL","G+1","Active Listings","All | 3 Bed Units | 4 Beds G+2 Available","Dubai Properties","",""
"8987678","2025-05-28","Mudon","Al Ranim","Al Ranim 2","","","3200000","1256","13515","2548","236.78","Townhouse","4","","","","","2727","253.32","Type 4B1","G+1","Oqood","","Dubai Properties","","Resale"
"8853309","2025-02-06","Mudon","Al Ranim","Al Ranim 2","","","2900000","1308","14078","2217","206","Townhouse","3","","","","","1975","183.46","","G+1","Oqood","","Dubai Properties","","Resale"
"12180955","2025-12-10","Mudon","Al Ranim","Al Ranim 2","","","4500000","1765","19005","2549","236.78","Townhouse","4","","NULL","NULL","","2676","248.58","NULL","G+1","Active Listings","Best Price | Brandnew | Motivated Seller","Dubai Properties","",""
"10180864","2025-03-20","Mudon","Al Ranim","Al Ranim 2","","","3100000","1398","15049","2217","206","Townhouse","3","Community,Swimming Pool,Park","NULL","NULL","","1808","168","","G+1","Active Listings","3 BED + MAID | SINGLE ROW | PRIME LOCATION","Dubai Properties","",""
"11003120","2025-09-22","Mudon","Al Ranim","Al Ranim 2","","","3500000","1936","20833","1808","168","Townhouse","3","","NULL","NULL","","0","0","NULL","G+1","Active Listings","PARK FACING I SINGLE ROW I BRAND NEW","Dubai Properties","",""
"10977633","2025-10-12","Mudon","Al Ranim","Al Ranim 2","","","4200000","1468","15789","2861","266","Townhouse","4","","NULL","NULL","","0","0","NULL","G+1","Active Listings","Single Row|Corner Unit|On The Park|Handover Sept","Dubai Properties","",""
"12230169","2025-12-12","Mudon","Al Ranim","Al Ranim 2","","","3500000","1579","16990","2217","206","Townhouse","3","Community,Road","","","","1814","168.48","Type 3B1","G+1","Pending Sales (SPA/MOU)","","Dubai Properties","",""
"10722937","2025-07-18","Mudon","Al Ranim","Al Ranim 2","","","3899999","1530","16456","2549","237","Townhouse","4","","NULL","NULL","","0","0","NULL","G+1","Active Listings","Park Facing I Genuine Seller | Viewing Available","Dubai Properties","",""
"10692532","2025-07-09","Mudon","Al Ranim","Al Ranim 2","","","3100000","1398","15049","2217","206","Townhouse","3","","NULL","NULL","","0","0","NULL","G+1","Active Listings","3 Bedrooms | Motivated Seller | Single Row","Dubai Properties","",""
"10635460","2025-06-20","Mudon","Al Ranim","Al Ranim 2","","","3200000","1443","15534","2217","206","Townhouse","3","","NULL","NULL","","0","0","NULL","G+1","Active Listings","Genuine Resale | Central Location | Pool Backing","Dubai Properties","",""
"12431884","2026-01-15","Mudon","Al Ranim","Al Ranim 2","","","3500000","1579","16990","2217","206","Townhouse","3","Community,Walkway,Road","NULL","NULL","","1811","168.26","NULL","G+1","Active Listings","Best Price Alert | On the Main Park | Brand New","Dubai Properties","",""
"12137951","2025-11-28","Mudon","Al Ranim","Al Ranim 2","","","3600000","1624","17476","2217","206","Townhouse","3","","NULL","NULL","","1808","168.01","NULL","G+1","Active Listings","VACANT ON THE PARK NEAR SWIMMING POOL","Dubai Properties","",""
"10289563","2025-05-05","Mudon","Al Ranim","Al Ranim 2","","","2915000","1579","17047","1846","171","Townhouse","3","","NULL","NULL","","0","0","NULL","G+1","Active Listings","Urgent Resale | Park facing | Motivated Seller","Dubai Properties","",""
"10255507","2025-04-23","Mudon","Al Ranim","Al Ranim 2","","","3500000","1290","13889","2714","252","Townhouse","4","","NULL","NULL","","0","0","NULL","G+1","Active Listings","Single Row | Motivated Seller | Negotiable","Dubai Properties","",""
"11644797","2025-09-27","Mudon","Al Ranim","Al Ranim 2","","","4300000","18143","195455","237","22","Townhouse","4","","NULL","NULL","","0","0","NULL","G+1","Active Listings","Prime Location| Best Investment| Brand New | Ready","Dubai Properties","",""
"11002692","2025-09-10","Mudon","Al Ranim","Al Ranim 2","","","3500000","1867","20115","1875","174","Townhouse","3","","NULL","NULL","","0","0","NULL","G+1","Active Listings","Prime Location | Direct on Pool | Great Deal","Dubai Properties","",""
"10975945","2025-08-28","Mudon","Al Ranim","Al Ranim 2","","","4300000","1688","18160","2548","236.78","Townhouse","4","","NULL","NULL","","2713","252.02","","G+1","Active Listings","Elegant 3BR TH | Private Garden | Covered Parking","Dubai Properties","",""
"10944655","2025-08-11","Mudon","Al Ranim","Al Ranim 2","","","3200000","1443","15534","2217","206","Townhouse","3","","NULL","NULL","","0","0","NULL","G+1","Active Listings","Mudon Townhouse | 3BR + Maid | Near to Handover","Dubai Properties","",""
"12373295","2026-01-08","Mudon","Al Ranim","Al Ranim 2","","","3900000","1519","16349","2567","238.55","Townhouse","3","Community,Play area,Landscaped Garden","","","","1847","171.57","Type 3B2","G+2","Title Deed","","Dubai Properties","","Resale"
"11947179","2025-11-17","Mudon","Al Ranim","Al Ranim 2","","","4175000","1639","17632","2548","236.78","Townhouse","4","","","","","2713","252.02","","G+1","Title Deed","","Dubai Properties","","Resale"
"10766880","2025-07-31","Mudon","Al Ranim","Al Ranim 2","","","3500000","1579","16990","2217","206","Townhouse","3","","NULL","NULL","","1875","174.2","NULL","G+1","Active Listings","Multiple Options | On Pool and Park | Great Deal","Dubai Properties","",""
"10628127","2025-06-19","Mudon","Al Ranim","Al Ranim 2","","","3000000","1353","14563","2217","206","Townhouse","3","","NULL","NULL","","1813","168.44","","G+1","Active Listings","Prime Locaton- Options in all Al Ranims- Great ROI","Dubai Properties","",""
"12417382","2026-01-14","Mudon","Al Ranim","Al Ranim 2","","","3400000","1335","14346","2546","237","Townhouse","3","","NULL","NULL","","0","0","NULL","G+1","Active Listings","Park View | Brand New | Family Living","Dubai Properties","",""
"12162971","2025-12-05","Mudon","Al Ranim","Al Ranim 2","","","4000000","1558","16768","2567","238.55","Townhouse","3","Community,Play area,Landscaped Garden","NULL","NULL","","1847","171.57","Type 3B2","G+2","Active Listings","G+2 I Facing Park I Brand New I Best Community","Dubai Properties","",""
"10849032","2025-10-23","Mudon","Al Ranim","Al Ranim 2","","","4600000","1805","19427","2549","236.78","Townhouse","4","","NULL","NULL","","2742","254.78","NULL","G+1","Active Listings","Corner Unit | Single Row | Near Amenities","Dubai Properties","",""
"10207842","2025-04-02","Mudon","Al Ranim","Al Ranim 2","","","3150000","1421","15291","2217","206","Townhouse","3","","NULL","NULL","","0","0","NULL","G+1","Active Listings","Pool and Park Facing | Single Row| Ready Dec 2025","Dubai Properties","",""
"10174667","2025-03-28","Mudon","Al Ranim","Al Ranim 2","","","4100000","1609","17300","2548","237","Townhouse","4","","NULL","NULL","","0","0","NULL","G+1","Active Listings","Park View | 4-Bedroom | Resale | Multiple Options","Dubai Properties","",""
"11666305","2025-11-09","Mudon","Al Ranim","Al Ranim 2","","","4100000","1609","17316","2548","236.78","Townhouse","4","Community,Road","NULL","NULL","","2710","251.78","Type 4B1","G+1","Active Listings","Green Belt | Single Row | Brand New","Dubai Properties","",""
"11001250","2025-09-10","Mudon","Al Ranim","Al Ranim 2","","","3749999","1460","15690","2568","239","Townhouse","3","","NULL","NULL","","0","0","NULL","G+1","Active Listings","Parkside Haven | 3B G+2 | Single Row","Dubai Properties","",""
"11005721","2025-09-12","Mudon","Al Ranim","Al Ranim 2","","","3399850","1880","20237","1808","168","Townhouse","3","","NULL","NULL","","0","0","NULL","G+1","Active Listings","Perfect Vastu | 3B1 Park Front-Back | Next Lagoon","Dubai Properties","",""
"10971862","2025-09-15","Mudon","Al Ranim","Al Ranim 2","","","3200000","1766","19048","1812","168","Townhouse","3","","NULL","NULL","","0","0","NULL","G+1","Active Listings","Exclusive 3-Bedroom Townhouse in Al Ranim 2 | Park-Facing","Dubai Properties","",""
"10106918","2025-02-07","Mudon","Al Ranim","Al Ranim 2","","","3200000","1246","13414","2568","238.55","Townhouse","3","","NULL","NULL","","1809","168.05","NULL","G+2","Active Listings","Single Row | G+2 | On the Park | Amazing Location","Dubai Properties","",""
"11752124","2025-10-15","Mudon","Al Ranim","Al Ranim 2","","","3500000","1579","16990","2217","206","Townhouse","3","","","","","1808","168.01","","G+1","Title Deed","","Dubai Properties","","Resale"
"12349817","2026-01-02","Mudon","Al Ranim","Al Ranim 2","","","4500000","1765","19005","2549","236.78","Townhouse","4","","NULL","NULL","","2742","254.78","NULL","G+1","Active Listings","Type 1 End Unit | Brand New | Big Plot","Dubai Properties","",""
"10227978","2025-04-10","Mudon","Al Ranim","Al Ranim 2","","","2800000","1263","13592","2217","206","Townhouse","3","","NULL","NULL","","1813","168.43","","G+1","Active Listings","Hand Over 4Q 2025 | Single Row | Facing Park","Dubai Properties","",""
"10207307","2025-04-01","Mudon","Al Ranim","Al Ranim 2","","","4000000","1569","16893","2549","236.78","Townhouse","4","","NULL","NULL","","2863","265.99","","G+1","Active Listings","Single Row | Corner Unit | On The Park | Payment  Plan","Dubai Properties","",""
"11000360","2025-09-26","Mudon","Al Ranim","Al Ranim 2","","","4300000","1688","18160","2548","236.78","Townhouse","4","","NULL","NULL","","2713","252.02","","G+1","Active Listings","Elegant 4BR TH | Private Garden | Covered Parking","Dubai Properties","",""
"10971303","2025-08-27","Mudon","Al Ranim","Al Ranim 2","","","3799999","1491","16034","2548","237","Townhouse","4","","NULL","NULL","","0","0","NULL","G+1","Active Listings","Family Haven | Single Row | Ready Soon","Dubai Properties","",""
"12168591","2025-12-05","Mudon","Al Ranim","Al Ranim 2","","","3200000","1443","15534","2217","206","Townhouse","3","","","","","1814","168.57","","G+1","Title Deed","","Dubai Properties","","Resale"
"11941613","2025-11-11","Mudon","Al Ranim","Al Ranim 2","","","4400000","1727","18583","2548","236.78","Townhouse","4","","","","","2741","254.68","","G+1","Title Deed","","Dubai Properties","","Resale"
"10743814","2025-07-24","Mudon","Al Ranim","Al Ranim 2","","","3899999","1530","16456","2549","237","Townhouse","4","","NULL","NULL","","0","0","NULL","G+1","Active Listings","Park Facing I Genuine Seller | Viewing Available","Dubai Properties","",""
"10651226","2025-06-25","Mudon","Al Ranim","Al Ranim 2","","","2900000","1308","14078","2217","206","Townhouse","3","","NULL","NULL","","1813","168.43","NULL","G+1","Active Listings","COMMUNITY EXPERT| VASTU| FREE MORTGAGE | NO AGENTS","Dubai Properties","",""
"8974424","2025-05-14","Mudon","Al Ranim","Al Ranim 2","","","3500000","1374","14782","2548","236.78","Townhouse","4","","","","","2728","253.43","","G+1","Oqood","","Dubai Properties","","Resale"
"12157880","2025-12-05","Mudon","Al Ranim","Al Ranim 2","","","4000000","1558","16768","2567","238.55","Townhouse","3","Community,Play area,Landscaped Garden","NULL","NULL","","1847","171.57","Type 3B2","G+2","Active Listings","Brand New | G+2 Villa Type | Family Room","Dubai Properties","",""
"10246216","2025-04-19","Mudon","Al Ranim","Al Ranim 2","","","3500000","1373","14768","2549","237","Townhouse","4","","NULL","NULL","","0","0","NULL","G+1","Active Listings","Hot Deal | Single Row | Motivated Seller","Dubai Properties","",""
"12073279","2025-11-18","Mudon","Al Ranim","Al Ranim 2","","","3350000","1511","16262","2217","206","Townhouse","3","","NULL","NULL","","1813","168.44","","G+1","Active Listings","Hottest Deal | Close To Park | Brand New","Dubai Properties","",""
"11759761","2025-10-18","Mudon","Al Ranim","Al Ranim 2","","","3350000","1848","19940","1813","168","Townhouse","3","","NULL","NULL","","0","0","NULL","G+1","Active Listings","Open For Mortgage | Handover Soon | Vacant","Dubai Properties","",""
"11696282","2025-11-03","Mudon","Al Ranim","Al Ranim 2","","","3300000","1488","16019","2217","206","Townhouse","3","","NULL","NULL","","1814","168.57","NULL","G+1","Active Listings","Stop Scrolling | Iconic Park View | Close to Pool","Dubai Properties","",""
"11663227","2025-09-28","Mudon","Al Ranim","Al Ranim 2","","","5500000","1847","19877","2978","276.7","Townhouse","4","","NULL","NULL","","4025","373.98","NULL","G+2","Active Listings","Corner G+2 | 4BR | Vacant | Stunning Open View","Dubai Properties","",""
"11535416","2025-11-24","Mudon","Al Ranim","Al Ranim 2","","","4100000","1608","17316","2549","236.78","Townhouse","4","","NULL","NULL","","2675","248.5","NULL","G+1","Active Listings","Park Facing | Gated Community | Spacious Layout","Dubai Properties","",""
"10966950","2025-10-02","Mudon","Al Ranim","Al Ranim 2","","","3099998","1398","15049","2217","206","Apartment","3","","NULL","NULL","","0","0","NULL","","Active Listings","Prime Location| 3BHK plus Maid | Viewing Available","Dubai Properties","",""
"9086888","2025-09-03","Mudon","Al Ranim","Al Ranim 2","","","3200000","1443","15534","2217","206","Townhouse","3","","","","","1813","168.43","","G+1","Title Deed","","Dubai Properties","","Resale"
"10680637","2025-07-04","Mudon","Al Ranim","Al Ranim 2","","","3350000","1511","16262","2217","206","Townhouse","3","","NULL","NULL","","1845","171.44","","G+1","Active Listings","On the Park- Great ROI - Video Available","Dubai Properties","",""
"12457302","2026-01-22","Mudon","Al Ranim","Al Ranim 2","","","3500000","1579","16990","2217","206","Townhouse","3","","NULL","NULL","","0","0","NULL","G+1","Active Listings","Green Belt. | Brand New. | 3 Bedroom G+1","Dubai Properties","",""
"8899565","2025-03-13","Mudon","Al Ranim","Al Ranim 2","","","3630000","1219","13119","2978","276.7","Townhouse","4","","","","","2675","248.49","","G+2","Oqood","","Dubai Properties","","Resale"
"12405149","2026-01-11","Mudon","Al Ranim","Al Ranim 2","","","4000000","1804","19417","2217","206","Townhouse","3","","NULL","NULL","","1813","168.44","NULL","G+1","Active Listings","Hottest Deal | Close To Park | Brand New","Dubai Properties","",""
"10945814","2025-09-07","Mudon","Al Ranim","Al Ranim 2","","","3400000","1534","16505","2217","206","Townhouse","3","","NULL","NULL","","0","0","NULL","G+1","Active Listings","Park Backing | 2025 Handover | Close to Pools","Dubai Properties","",""
"11913744","2025-11-27","Mudon","Al Ranim","Al Ranim 2","","","3300000","1488","16019","2217","206","Townhouse","3","","NULL","NULL","","1814","168.57","NULL","G+1","Active Listings","Stop Scrolling | Iconic Park View | Close to Pool","Dubai Properties","",""
"11805342","2025-11-04","Mudon","Al Ranim","Al Ranim 2","","","4500000","1765","19005","2549","236.78","Townhouse","4","","NULL","NULL","","2676","248.58","NULL","G+1","Active Listings","Best Price | Brandnew | Motivated Seller","Dubai Properties","",""
"10165973","2025-03-03","Mudon","Al Ranim","Al Ranim 2","","","4200000","1127","12139","3726","346","Townhouse","4","","NULL","NULL","","0","0","NULL","G+1","Active Listings","Cozy 4BR+Maids  | Serene Location | Resale","Dubai Properties","",""
"10997437","2025-08-28","Mudon","Al Ranim","Al Ranim 2","","","3749999","1460","15690","2568","239","Townhouse","3","","NULL","NULL","","0","0","NULL","G+1","Active Listings","Parkside Haven | 3B G+2 | Single Row","Dubai Properties","",""
"9124897","2025-10-09","Mudon","Al Ranim","Al Ranim 2","","","4150000","1629","17527","2548","236.78","Townhouse","4","Park,Community","","","","2803","260.41","","G+1","Title Deed","","Dubai Properties","","Resale"
"10879086","2025-08-11","Mudon","Al Ranim","Al Ranim 2","","","3700000","1969","21143","1879","175","Townhouse","3","","NULL","NULL","","0","0","NULL","G+1","Active Listings","3 Bed G+2 | Prime Location | Exclusive","Dubai Properties","",""
"12197934","2025-12-13","Mudon","Al Ranim","Al Ranim 2","","","3300000","1488","16019","2217","206","Townhouse","3","","NULL","NULL","","1814","168.57","NULL","G+1","Active Listings","Stop Scrolling | Iconic Park View | Close to Pool","Dubai Properties","",""
"10312203","2025-05-14","Mudon","Al Ranim","Al Ranim 2","","","4200000","1027","11053","4088","380","Townhouse","4","","NULL","NULL","","0","0","NULL","G+1","Active Listings","Single Row | Close to Amenities | Large Plot","Dubai Properties","",""
"10188032","2025-03-05","Mudon","Al Ranim","Al Ranim 2","","","2800000","1549","16667","1808","168","Townhouse","3","","NULL","NULL","","0","0","NULL","G+1","Active Listings","Park Facing | Hand Over 4Q 2025 | Single Row","Dubai Properties","",""
"11756023","2025-11-04","Mudon","Al Ranim","Al Ranim 2","","","3325000","1500","16141","2217","206","Townhouse","3","Community,Road","NULL","NULL","","1814","168.48","Type 3B1","G+1","Active Listings","Fully Fitted Kitchen |Brand New |Iconic Park View","Dubai Properties","",""
"11014734","2025-11-04","Mudon","Al Ranim","Al Ranim 2","","","3350000","1511","16262","2217","206","Townhouse","3","","NULL","NULL","","0","0","NULL","G+1","Active Listings","Prime Location- Mortgage Accepted  - Handover soon","Dubai Properties","",""
"10894077","2025-08-18","Mudon","Al Ranim","Al Ranim 2","","","3200000","1443","15534","2217","206","Townhouse","3","","NULL","NULL","","0","0","NULL","G+1","Active Listings","Direct on Park| Maids Room| Handover Soon","Dubai Properties","",""
"9121083","2025-10-06","Mudon","Al Ranim","Al Ranim 2","","","3200000","1443","15534","2217","206","Townhouse","3","","","","","1808","168","","G+1","Title Deed","","Dubai Properties","","Resale"
"10736370","2025-07-22","Mudon","Al Ranim","Al Ranim 2","","","3200000","1443","15534","2217","206","Townhouse","3","","NULL","NULL","","1810","168.19","","G+1","Active Listings","Elegant 3BR TH | Private Garden | Covered Parking","Dubai Properties","",""
"10673013","2025-07-02","Mudon","Al Ranim","Al Ranim 2","","","3800000","1491","16049","2548","236.78","Townhouse","4","","NULL","NULL","","2741","254.68","","G+1","Active Listings","VASTU  | MULTIPLE UNITS AVAILABLE | MOTIVATED SELLER | NO AGENTS","Dubai Properties","",""
"8887228","2025-02-28","Mudon","Al Ranim","Al Ranim 2","","","3200000","1256","13515","2548","236.78","Townhouse","4","","","","","2583","240","","G+1","Oqood","","Dubai Properties","","Resale"
"12195618","2025-12-12","Mudon","Al Ranim","Al Ranim 2","","","4199800","1648","17721","2549","237","Townhouse","4","","NULL","NULL","","0","0","NULL","G+1","Active Listings","Family Villa 4BR + Maid | Stunning Park Views","Dubai Properties","",""
"10306779","2025-05-12","Mudon","Al Ranim","Al Ranim 2","","","3200000","1733","18713","1846","171","Townhouse","3","","NULL","NULL","","0","0","NULL","G+1","Active Listings","Motivated Seller | G + 2 | Park View","Dubai Properties","",""
"11657749","2025-10-08","Mudon","Al Ranim","Al Ranim 2","","","3330000","1839","19821","1811","168","Townhouse","3","","NULL","NULL","","0","0","NULL","G+1","Active Listings","VASTU | Near Amenities  | Close to Lagoon","Dubai Properties","",""
"10891866","2025-09-10","Mudon","Al Ranim","Al Ranim 2","","","3399999","1534","16505","2217","206","Townhouse","3","","NULL","NULL","","0","0","NULL","G+1","Active Listings","Park Backing | Mortgage Ready | Brand New","Dubai Properties","",""
"9117287","2025-10-01","Mudon","Al Ranim","Al Ranim 2","","","3100000","1398","15049","2217","206","Townhouse","3","","","","","1809","168.05","","G+1","Title Deed","","Dubai Properties","","Resale"
"12129390","2025-11-26","Mudon","Al Ranim","Al Ranim 2","","","4000000","1570","16893","2548","236.78","Townhouse","4","","","","","2725","253.17","","G+1","Title Deed","","Dubai Properties","","Resale"
"8961372","2025-04-30","Mudon","Al Ranim","Al Ranim 2","","","2785000","1256","13519","2217","206","Townhouse","3","","","","","1810","168.19","","G+1","Oqood","","Dubai Properties","","Resale"
"10273550","2025-04-28","Mudon","Al Ranim","Al Ranim 2","","","3000000","1353","14563","2217","206","Townhouse","3","","NULL","NULL","","0","0","NULL","G+1","Active Listings","Q3 25 | At Pool | BEST LOCATION | Warranty | NEW","Dubai Properties","",""
"11937665","2025-11-09","Mudon","Al Ranim","Al Ranim 2","","","4550000","1786","19216","2548","236.78","Townhouse","4","","NULL","NULL","","2678","248.84","","G+1","Active Listings","Corner Unit | Park View | Brand New 4BR","Dubai Properties","",""
"11900675","2025-11-04","Mudon","Al Ranim","Al Ranim 2","","","4199999","1648","17722","2548","237","Townhouse","4","","NULL","NULL","","0","0","NULL","G+1","Active Listings","Single Row | Handed Over | Mortgage Ready","Dubai Properties","",""
"10203729","2025-03-03","Mudon","Al Ranim","Al Ranim 2","","","3000000","1169","12605","2567","238","Townhouse","3","","NULL","NULL","","0","0","NULL","G+1","Active Listings","GENUNE RESALE | 3  BEDROOMS VILLA |PRIME LOCATION","Dubai Properties","",""
"10983655","2025-09-07","Mudon","Al Ranim","Al Ranim 2","","","3100000","1703","18343","1820","169","Townhouse","3","","NULL","NULL","","0","0","NULL","G+1","Active Listings",""Exclusive 3 BHK Villa in Mudon Al Ranim 2 – AED 3.1M","Dubai Properties","",""
"10411957","2025-06-17","Mudon","Al Ranim","Al Ranim 2","","","3500000","1579","16990","2217","206","Townhouse","3","","NULL","NULL","","1808","168.01","","G+1","Active Listings","Park View |  Genuine Resale | Mortgage Are Welcome","Dubai Properties","",""
"12387469","2026-01-07","Mudon","Al Ranim","Al Ranim 2","","","4400000","1726","18583","2549","236.78","Townhouse","4","","NULL","NULL","","2742","254.78","NULL","G+1","Active Listings","Corner | Single Row | Close To Pool","Dubai Properties","",""
"10324674","2025-05-19","Mudon","Al Ranim","Al Ranim 2","","","4000000","1428","15385","2801","260","Townhouse","4","","NULL","NULL","","0","0","NULL","G+1","Active Listings","Genuine Resale | Brand New | Ideal Location | Handover 2025","Dubai Properties","",""
"10879782","2025-12-29","Mudon","Al Ranim","Al Ranim 2","","","3400000","1534","16505","2217","206","Townhouse","3","","NULL","NULL","","1808","168.01","NULL","G+1","Active Listings","Park Backing | G+1 Layout | Close to Pools","Dubai Properties","",""
"12143802","2025-11-29","Mudon","Al Ranim","Al Ranim 2","","","3700000","1669","17961","2217","206","Townhouse","3","Community,Park","NULL","NULL","","1808","168","NULL","G+1","Active Listings","Close to Pool| Motivated Seller| Brand New","Dubai Properties","",""
"10272543","2025-04-28","Mudon","Al Ranim","Al Ranim 2","","","3000000","1361","14634","2204","205","Townhouse","3","","NULL","NULL","","0","0","NULL","G+1","Active Listings","COMMUNITY EXPERT | VOT VASTU | FREE MORTGAGE | NO AGENTS","Dubai Properties","",""
"10242411","2025-04-17","Mudon","Al Ranim","Al Ranim 2","","","3210888","1250","13460","2568","238.55","Townhouse","3","","NULL","NULL","","1809","168.05","NULL","G+2","Active Listings","Type 3B2 (M) G+2 | On the Park | Luxurious 3 BHK","Dubai Properties","",""
"11656148","2025-11-03","Mudon","Al Ranim","Al Ranim 2","","","4800000","1883","20272","2549","236.78","Townhouse","4","","NULL","NULL","","2728","253.41","NULL","G+1","Active Listings","Prime Location| Best Investment| Brand New| Ready","Dubai Properties","",""
"10980882","2025-11-05","Mudon","Al Ranim","Al Ranim 2","","","3350000","1511","16262","2217","206","Townhouse","3","","NULL","NULL","","1845","171.44","","G+1","Active Listings","Backs Park | Single Row | Great location","Dubai Properties","",""
"9105959","2025-09-24","Mudon","Al Ranim","Al Ranim 2","","","3200000","1443","15534","2217","206","Townhouse","3","","","","","1808","168","","G+1","Title Deed","","Dubai Properties","","Resale"
"11820392","2025-10-27","Mudon","Al Ranim","Al Ranim 2","","","3390000","1529","16456","2217","206","Townhouse","3","","","","","1808","168","","G+1","Title Deed","","Dubai Properties","","Resale"
"10814779","2025-08-08","Mudon","Al Ranim","Al Ranim 2","","","3650000","1421","15301","2568","238.55","Townhouse","3","","NULL","NULL","","1879","174.58","NULL","G+2","Active Listings","Brand New | Park Backing | Type 3 G+2","Dubai Properties","",""
"10929694","2025-09-26","Mudon","Al Ranim","Al Ranim 2","","","3200000","1770","19048","1808","168","Townhouse","3","","NULL","NULL","","0","0","NULL","G+1","Active Listings","Townhouse in Al Ranim 2 | Hand Over Soon","Dubai Properties","",""
"10879117","2025-08-29","Mudon","Al Ranim","Al Ranim 2","","","3350000","1511","16262","2217","206","Townhouse","3","","NULL","NULL","","0","0","NULL","G+1","Active Listings","Best Location - Handover Soon - Mortgage Available","Dubai Properties","",""
"10213410","2025-04-03","Mudon","Al Ranim","Al Ranim 2","","","4200000","1027","11053","4088","380","Townhouse","4","","NULL","NULL","","0","0","NULL","G+1","Active Listings","Luxurious Exterior| 4BR+Family + Maids | Resale","Dubai Properties","",""
"11708388","2025-11-04","Mudon","Al Ranim","Al Ranim 2","","","4150000","1629","17527","2548","236.78","Townhouse","4","Community,Road","NULL","NULL","","2710","251.78","Type 4B1","G+1","Active Listings","Cheapest Option | Brand New | Hottest Deal","Dubai Properties","",""
"12196170","2025-12-12","Mudon","Al Ranim","Al Ranim 2","","","4375000","1717","18477","2548","236.78","Townhouse","4","","","","","2678","248.84","","G+1","Title Deed","","Dubai Properties","","Resale"
"12108839","2025-11-21","Mudon","Al Ranim","Al Ranim 2","","","3370000","1520","16359","2217","206","Townhouse","3","","","","","1808","168.01","","G+1","Title Deed","","Dubai Properties","","Resale"
"9036204","2025-07-18","Mudon","Al Ranim","Al Ranim 2","","","3580000","1406","15133","2546","236.57","Townhouse","4","","","","","2653","246.47","","G+1","Title Deed","","Dubai Properties","","Resale"
"12434030","2026-01-15","Mudon","Al Ranim","Al Ranim 2","","","3699000","1668","17956","2217","206","Townhouse","3","","NULL","NULL","","0","0","NULL","G+1","Active Listings","Brand New | Green Belt | Spacious","Dubai Properties","",""
"10410157","2025-06-17","Mudon","Al Ranim","Al Ranim 2","","","3700000","1452","15612","2549","237","Townhouse","4","","NULL","NULL","","0","0","NULL","G+1","Active Listings","G+1| Single Row| Backing the park","Dubai Properties","",""
"8853580","2025-02-06","Mudon","Al Ranim","Al Ranim 2","","","2900000","1308","14078","2217","206","Townhouse","3","","","","","1969","182.94","","G+1","Oqood","","Dubai Properties","","Resale"
"10351044","2025-05-27","Mudon","Al Ranim","Al Ranim 2","","","3000000","1361","14634","2204","205","Townhouse","3","","NULL","NULL","","0","0","NULL","G+1","Active Listings","COMMUNITY EXPERT | VOT VASTU | FREE MORTGAGE | NO AGENTS","Dubai Properties","",""
"10724640","2025-12-05","Mudon","Al Ranim","Al Ranim 2","","","3550000","1393","14993","2549","236.78","Townhouse","4","","NULL","NULL","","2653","246.47","NULL","G+1","Active Listings","Single Row | Handover Soon | Genuine Listing","Dubai Properties","",""
"11924804","2025-11-06","Mudon","Al Ranim","Al Ranim 2","","","4500000","1765","19005","2549","236.78","Townhouse","4","","NULL","NULL","","2726","253.26","NULL","G+1","Active Listings","Multi Options | Walk to Pool | Ready |Park Backing","Dubai Properties","",""
"11679591","2025-10-29","Mudon","Al Ranim","Al Ranim 2","","","4300000","1688","18160","2548","236.78","Townhouse","4","","NULL","NULL","","2713","252.02","","G+1","Active Listings","Elegant 3BR TH | Private Garden | Covered Parking","Dubai Properties","",""
"11049054","2025-10-22","Mudon","Al Ranim","Al Ranim 2","","","3800000","1480","15930","2568","238.55","Townhouse","3","","NULL","NULL","","1808","168","NULL","G+2","Active Listings","Premium Unit | Backing Park | G+2 | Available October","Dubai Properties","",""
"10977763","2025-08-28","Mudon","Al Ranim","Al Ranim 2","","","4200000","1648","17722","2549","237","Townhouse","4","","NULL","NULL","","0","0","NULL","G+1","Active Listings","Single Row | Open View | Fully Paid | G+1","Dubai Properties","",""
"11774703","2025-10-17","Mudon","Al Ranim","Al Ranim 2","","","4550000","1786","19216","2548","236.78","Townhouse","4","Community,Landscaped Garden","","","","3949","366.87","","G+1","Title Deed","","Dubai Properties","","Resale"
"10723549","2025-07-18","Mudon","Al Ranim","Al Ranim 2","","","3500000","1579","16990","2217","206","Townhouse","3","","NULL","NULL","","1808","168.01","","G+1","Active Listings","Park View | Viewing Available | Mortgage Are Welcome","Dubai Properties","",""
"10771092","2025-08-01","Mudon","Al Ranim","Al Ranim 2","","","3400000","1534","16505","2217","206","Townhouse","3","","NULL","NULL","","0","0","NULL","G+1","Active Listings","Prime Park and Pool Location | Mortgage Available","Dubai Properties","",""
"10660172","2025-06-28","Mudon","Al Ranim","Al Ranim 2","","","2800000","1263","13592","2217","206","Townhouse","3","","NULL","NULL","","0","0","NULL","G+1","Active Listings","BRAND NEW | PRIME LOCATION | MULTIPLE OPTIONS","Dubai Properties","",""
"8919892","2025-04-08","Mudon","Al Ranim","Al Ranim 2","","","2700000","1218","13107","2217","206","Townhouse","3","","","","","1814","168.57","","G+1","Oqood","","Dubai Properties","","Resale"
"9079354","2025-08-14","Mudon","Al Ranim","Al Ranim 2","","","3200000","1443","15536","2217","205.97","Townhouse","3","","","","","1814","168.53","","G+1","Pending Sales (SPA/MOU)","","Dubai Properties","",""
"12138243","2025-11-28","Mudon","Al Ranim","Al Ranim 2","","","4450000","1746","18794","2549","236.78","Townhouse","4","","NULL","NULL","","2742","254.78","NULL","G+1","Active Listings","Cornor Unit | Bug Plot | Genuine Resale","Dubai Properties","",""
"10258199","2025-04-24","Mudon","Al Ranim","Al Ranim 2","","","3200000","1443","15534","2218","206","Townhouse","3","","NULL","NULL","","0","0","NULL","G+1","Active Listings","Pool backing | 3 Bed |  Motivated Seller","Dubai Properties","",""
"11918842","2025-11-05","Mudon","Al Ranim","Al Ranim 2","","","4225000","1658","17844","2548","236.78","Townhouse","4","","NULL","NULL","","2713","252.02","","G+1","Active Listings","Motivated Seller | Brand New | Hottest Deal","Dubai Properties","",""
"11703664","2025-11-04","Mudon","Al Ranim","Al Ranim 2","","","3300000","1488","16019","2217","206","Townhouse","3","","NULL","NULL","","0","0","NULL","G+1","Active Listings","Close to Pool and Park |Prime Location | Brand New","Dubai Properties","",""
"11002978","2025-09-08","Mudon","Al Ranim","Al Ranim 2","","","3800000","1491","16049","2548","236.78","Townhouse","4","Community,Road","NULL","NULL","","2710","251.78","Type 4B1","G+1","Active Listings","Cheapest Option | Brand New | Hottest Deal","Dubai Properties","",""
"12190506","2025-12-10","Mudon","Al Ranim","Al Ranim 2","","","3550000","1606","17283","2211","205.41","Townhouse","3","","","","","1813","168.44","","G+1","Title Deed","","Dubai Properties","","Resale"
"10632543","2025-06-20","Mudon","Al Ranim","Al Ranim 2","","","2800000","1263","13592","2217","206","Townhouse","3","","NULL","NULL","","0","0","NULL","G+1","Active Listings","Hand Over 4Q 2025 | Single Row | Facing Park","Dubai Properties","",""
"8913441","2025-03-27","Mudon","Al Ranim","Al Ranim 2","","","2775000","1252","13471","2217","206","Townhouse","3","Community,Road","","","","1814","168.48","Type 3B1","G+1","Oqood","","Dubai Properties","","Resale"
"10959033","2025-08-21","Mudon","Al Ranim","Al Ranim 2","","","4150000","1629","17511","2548","237","Townhouse","4","","NULL","NULL","","0","0","NULL","G+1","Active Listings","Large plot | On the park | Prime Location","Dubai Properties","",""
"12226364","2025-12-18","Mudon","Al Ranim","Al Ranim 2","","","4500000","1765","19005","2549","236.78","Townhouse","4","","NULL","NULL","","2726","253.26","NULL","G+1","Active Listings","Exclusive | Mortgage Buyers Welcome","Dubai Properties","",""
"12165780","2025-12-06","Mudon","Al Ranim","Al Ranim 2","","","4200000","1648","17738","2549","236.78","Townhouse","4","","NULL","NULL","","2742","254.78","NULL","G+1","Active Listings","Corner Unit | Single Row | Near Amenities","Dubai Properties","",""
"10289160","2025-05-05","Mudon","Al Ranim","Al Ranim 2","","","3000000","1353","14563","2217","206","Townhouse","3","","NULL","NULL","","1813","168.44","","G+1","Active Listings","Single row- Ready Soon- Prime Locaton- Big Plot","Dubai Properties","",""
"12081899","2025-11-18","Mudon","Al Ranim","Al Ranim 2","","","4600000","1805","19427","2548","236.78","Townhouse","4","Community,Landscaped Garden","NULL","NULL","","2874","267.01","Type 4B1","G+1","Active Listings","VACANT ON THE PARK I NEGOTIABLE I BRAND NEW","Dubai Properties","",""
"11917866","2025-11-05","Mudon","Al Ranim","Al Ranim 2","","","3300000","1488","16019","2217","206","Townhouse","3","","NULL","NULL","","0","0","NULL","G+1","Active Listings","Close to Pool and Park |Prime Location | Brand New","Dubai Properties","",""
"11669746","2025-10-26","Mudon","Al Ranim","Al Ranim 2","","","3350000","1511","16262","2217","206","Townhouse","3","","NULL","NULL","","0","0","NULL","G+1","Active Listings","Fantastic Location | Opposite Green | Handed Over","Dubai Properties","",""
"11037652","2025-11-09","Mudon","Al Ranim","Al Ranim 2","","","3400000","1534","16505","2217","206","Townhouse","3","Community,Road","NULL","NULL","","1814","168.48","Type 3B1","G+1","Active Listings","Handover Soon | 3 Bed + Maid | Single Row","Dubai Properties","",""
"11002273","2025-09-28","Mudon","Al Ranim","Al Ranim 2","","","4200000","1539","16535","2729","254","Townhouse","4","","NULL","NULL","","0","0","NULL","G+1","Active Listings","Single Row I Rare Family Home I Prime Location","Dubai Properties","",""
"10975738","2025-10-14","Mudon","Al Ranim","Al Ranim 2","","","3350000","1511","16262","2217","206","Townhouse","3","","NULL","NULL","","1813","168.43","NULL","G+1","Active Listings","Open For Mortgage | Handover Soon | Vacant","Dubai Properties","",""
"11821128","2025-10-20","Mudon","Al Ranim","Al Ranim 2","","","3500000","1579","16990","2217","206","Townhouse","3","Community,Swimming Pool,Park","","","","1808","168","Type: 3B1","G+1","Pending Sales (SPA/MOU)","","Dubai Properties","",""
"9110448","2025-09-05","Mudon","Al Ranim","Al Ranim 2","","","4150000","1629","17527","2548","236.78","Townhouse","4","Park,Community","","","","2801","260.23","Type 4B1 (M)","G+1","Pending Sales (SPA/MOU)","","Dubai Properties","",""
"9096628","2025-09-15","Mudon","Al Ranim","Al Ranim 2","","","3320000","1498","16117","2217","206","Townhouse","3","","","","","1875","174.2","","G+1","Title Deed","","Dubai Properties","","Resale"
"10750444","2025-07-26","Mudon","Al Ranim","Al Ranim 2","","","3100000","1398","15049","2217","206","Townhouse","3","Community,Road","NULL","NULL","","1814","168.48","Type 3B1","G+1","Active Listings","Park Facing | Single Row| Handover Soon| Huge Plot","Dubai Properties","",""
"10835667","2025-08-20","Mudon","Al Ranim","Al Ranim 2","","","4000000","1398","15038","2861","266","Townhouse","4","","NULL","NULL","","0","0","NULL","G+1","Active Listings","Single Row|Corner Unit|On The Park|Payment Plan","Dubai Properties","",""
"11763668","2025-10-16","Mudon","Al Ranim","Al Ranim 2","","","3360000","1516","16311","2217","206","Townhouse","3","","","","","1808","168","","G+1","Title Deed","","Dubai Properties","","Resale"
"12463378","2026-01-22","Mudon","Al Ranim","Al Ranim 2","","","3550000","1601","17233","2217","206","Townhouse","3","","NULL","NULL","","1808","168.01","NULL","G+1","Active Listings","Park Facing | Brand New | Mortgage Eligible","Dubai Properties","",""
"10953320","2025-09-10","Mudon","Al Ranim","Al Ranim 2","","","3450000","1831","19714","1884","175","Townhouse","3","","NULL","NULL","","0","0","NULL","G+1","Active Listings","On Pool/Park | Near Entrance | Large Plot","Dubai Properties","",""
"10924271","2025-08-30","Mudon","Al Ranim","Al Ranim 2","","","3300000","1488","16019","2217","206","Townhouse","3","","NULL","NULL","","1808","168","NULL","G+1","Active Listings","Family Home in Mudon-3BR+M Townhouse-Handover Soon","Dubai Properties","",""
"10253354","2025-04-21","Mudon","Al Ranim","Al Ranim 2","","","4200000","1127","12139","3726","346","Townhouse","4","","NULL","NULL","","0","0","NULL","G+1","Active Listings","CORNER UNIT | FEW STEPS TO POOL | LARGE LAND","Dubai Properties","",""
"11814019","2025-11-04","Mudon","Al Ranim","Al Ranim 2","","","3400000","1534","16505","2217","206","Townhouse","3","Community,Road","NULL","NULL","","1814","168.48","Type 3B1","G+1","Active Listings","Type 3B1 | Handed Over | Steps from Pool + Park","Dubai Properties","",""
"11768606","2025-11-04","Mudon","Al Ranim","Al Ranim 2","","","4700000","1844","19850","2549","236.78","Townhouse","4","","NULL","NULL","","2742","254.78","NULL","G+1","Active Listings","Single Row | Pool Facing | True Corner Plot","Dubai Properties","",""
"11752068","2025-10-15","Mudon","Al Ranim","Al Ranim 2","","","3200000","1443","15534","2217","206","Townhouse","3","","","","","1813","168.41","","G+1","Title Deed","","Dubai Properties","","Resale"
"10806878","2025-08-06","Mudon","Al Ranim","Al Ranim 2","","","3450000","1556","16748","2217","206","Townhouse","3","","NULL","NULL","","0","0","NULL","G+1","Active Listings","G+1 | Single Row | Handover Sep 2025","Dubai Properties","",""
"10766764","2025-07-31","Mudon","Al Ranim","Al Ranim 2","","","3300000","1760","18966","1875","174","Townhouse","3","","NULL","NULL","","0","0","NULL","G+1","Active Listings","Handover Q4 2025 | Near Pool and Park | Single Row","Dubai Properties","",""
"10653263","2025-06-26","Mudon","Al Ranim","Al Ranim 2","","","3100000","1398","15049","2217","206","Townhouse","3","Community,Road","NULL","NULL","","1814","168.48","Type 3B1","G+1","Active Listings","Park Facing | Single Row| Handover Soon| Huge Plot","Dubai Properties","",""
"11697021","2025-11-24","Mudon","Al Ranim","Al Ranim 2","","","4500000","1765","19005","2549","236.78","Townhouse","4","","NULL","NULL","","2726","253.26","NULL","G+1","Active Listings","4BR | Type: 4B1 | Brand new | Ready to move","Dubai Properties","",""
"11000175","2025-09-02","Mudon","Al Ranim","Al Ranim 2","","","3800000","1491","16049","2548","236.78","Townhouse","4","Community,Road","NULL","NULL","","2710","251.78","Type 4B1","G+1","Active Listings","Single Row | Open View | Fully Paid | G+1","Dubai Properties","",""
"10971110","2025-09-15","Mudon","Al Ranim","Al Ranim 2","","","3400000","1534","16505","2217","206","Townhouse","3","","NULL","NULL","","0","0","NULL","G+1","Active Listings","Motivated Seller | On The Park | Mortgage Eligible","Dubai Properties","",""
"12517745","2026-02-03","Mudon","Al Ranim","Al Ranim 2","","","4150000","1630","17542","2546","236.57","Townhouse","4","Community,Road","","","","2710","251.78","Type 4B1","G+1","Title Deed","","Dubai Properties","","Resale"
"10650379","2025-06-25","Mudon","Al Ranim","Al Ranim 2","","","2900000","1308","14078","2217","206","Townhouse","3","","NULL","NULL","","1813","168.43","NULL","G+1","Active Listings","COMMUNITY EXPERT| VASTU| FREE MORTGAGE | NO AGENTS","Dubai Properties","",""
"12157755","2025-12-04","Mudon","Al Ranim","Al Ranim 2","","","3400000","1335","14346","2546","237","Townhouse","3","","NULL","NULL","","0","0","NULL","G+1","Active Listings","Park View | Brand New | Family Living","Dubai Properties","",""
"10829187","2025-09-01","Mudon","Al Ranim","Al Ranim 2","","","4500000","1765","19005","2549","236.78","Townhouse","4","Community,Landscaped Garden","NULL","NULL","","3949","366.87","","G+1","Active Listings","PRIME LOCATION | SINGLE ROW CORNER | BIGGEST PLOT","Dubai Properties","",""
"12073030","2025-11-18","Mudon","Al Ranim","Al Ranim 2","","","4200000","1648","17738","2549","236.78","Townhouse","4","","NULL","NULL","","2741","254.68","NULL","G+1","Active Listings","Unfurnished | Brand New | Single Row","Dubai Properties","",""
"11759705","2025-11-05","Mudon","Al Ranim","Al Ranim 2","","","3350000","1511","16262","2217","206","Townhouse","3","","NULL","NULL","","1813","168.44","","G+1","Active Listings","Hottest Deal | Close To Park | Brand New","Dubai Properties","",""
"10166478","2025-03-05","Mudon","Al Ranim","Al Ranim 2","","","3700000","1452","15626","2548","236.78","Townhouse","4","","NULL","NULL","","2741","254.68","","G+1","Active Listings","MOTIVATED SELLER | VASTU  | MULTIPLE UNITS AVAILABLE | NO AGENTS","Dubai Properties","",""
"11534980","2025-10-28","Mudon","Al Ranim","Al Ranim 2","","","4100000","1609","17316","2548","236.78","Townhouse","4","Community,Road","NULL","NULL","","2710","251.78","Type 4B1","G+1","Active Listings","Cheapest Option | Brand New | Hottest Deal","Dubai Properties","",""
"12343338","2025-12-29","Mudon","Al Ranim","Al Ranim 2","","","5200000","1746","18793","2978","276.7","Townhouse","4","","","","","3468","322.22","Type 4B2","G+2","Title Deed","","Dubai Properties","","Resale"
"9127618","2025-10-13","Mudon","Al Ranim","Al Ranim 2","","","3200000","1443","15534","2217","206","Townhouse","3","","","","","1810","168.19","","G+1","Title Deed","","Dubai Properties","","Resale"
"9086539","2025-09-03","Mudon","Al Ranim","Al Ranim 2","","","3200000","1443","15534","2217","206","Townhouse","3","","","","","1842","171.12","","G+1","Title Deed","","Dubai Properties","","Resale"
"10707751","2025-07-14","Mudon","Al Ranim","Al Ranim 2","","","3300000","1760","18966","1875","174","Townhouse","3","","NULL","NULL","","0","0","NULL","G+1","Active Listings","On Pool | Handing Over Soon | G+1","Dubai Properties","",""
"10677749","2025-07-03","Mudon","Al Ranim","Al Ranim 2","","","3250000","1466","15777","2217","206","Townhouse","3","","NULL","NULL","","1875","174.2","NULL","G+1","Active Listings","Prime Park and Pool Location | Single Row | G+1","Dubai Properties","",""
"11774299","2025-09-02","Mudon","Al Ranim","Al Ranim 2","","","3200000","1443","15536","2217","205.97","Townhouse","3","","","","","1841","171.03","","G+1","Pending Sales (SPA/MOU)","","Dubai Properties","",""
"12070202","2025-11-18","Mudon","Al Ranim","Al Ranim 2","","","3400000","1335","14346","2546","237","Townhouse","3","","NULL","NULL","","0","0","NULL","G+1","Active Listings","Park View | Brand New | Family Living","Dubai Properties","",""
"11913723","2025-11-27","Mudon","Al Ranim","Al Ranim 2","","","4800000","1883","20272","2549","236.78","Townhouse","4","","NULL","NULL","","2728","253.41","NULL","G+1","Active Listings","Prime Location| Best Investment| Brand New| Ready","Dubai Properties","",""
"10190523","2025-03-23","Mudon","Al Ranim","Al Ranim 2","","","2900000","1308","14078","2217","206","Townhouse","3","","NULL","NULL","","0","0","NULL","G+1","Active Listings","3 BR + Maid | Opposite Pool and Park | G+1","Dubai Properties","",""
"10119754","2025-02-20","Mudon","Al Ranim","Al Ranim 2","","","3210888","1250","13460","2568","238.55","Townhouse","3","","NULL","NULL","","1809","168.05","NULL","G+2","Active Listings","Type 3B2 (M) G+2 | On the Park | Luxurious 3 BHK","Dubai Properties","",""
"11533018","2025-10-06","Mudon","Al Ranim","Al Ranim 2","","","4195000","1548","16647","2710","252","Townhouse","4","","NULL","NULL","","0","0","NULL","G+1","Active Listings","More Options | View Today | Great Value","Dubai Properties","",""
"11017627","2026-01-03","Mudon","Al Ranim","Al Ranim 2","","","4200000","1648","17738","2549","236.78","Townhouse","4","","NULL","NULL","","2583","239.99","NULL","G+1","Active Listings","Resale | Maids Room | Private Gardens","Dubai Properties","",""
"11911516","2025-11-05","Mudon","Al Ranim","Al Ranim 2","","","4385000","1721","18519","2548","236.78","Townhouse","4","","","","","2581","239.82","","G+1","Title Deed","","Dubai Properties","","Resale"
"10706037","2025-07-14","Mudon","Al Ranim","Al Ranim 2","","","3200000","1443","15534","2217","206","Townhouse","3","","NULL","NULL","","1810","168.19","","G+1","Active Listings","Single Row | Handover Soon| Walking To Park","Dubai Properties","",""
"12155406","2025-12-04","Mudon","Al Ranim","Al Ranim 2","","","4500000","1765","19005","2549","236.78","Townhouse","4","","NULL","NULL","","2726","253.26","NULL","G+1","Active Listings","Exclusive | Mortgage Buyers Welcome","Dubai Properties","",""
"10188021","2025-03-05","Mudon","Al Ranim","Al Ranim 2","","","2800000","1263","13592","2217","206","Townhouse","3","","NULL","NULL","","1813","168.43","","G+1","Active Listings","Hand Over 4Q 2025 | Single Row | Facing Park","Dubai Properties","",""
"11530303","2025-09-17","Mudon","Al Ranim","Al Ranim 2","","","3100000","1398","15049","2217","206","Townhouse","3","","NULL","NULL","","1808","168","NULL","G+1","Active Listings","Brand New | Green Patch | Close To Pool N Park","Dubai Properties","",""
"11013066","2025-11-04","Mudon","Al Ranim","Al Ranim 2","","","3500000","1579","16990","2217","206","Townhouse","3","","NULL","NULL","","1808","168","NULL","G+1","Active Listings","Type 3B1M | Quiet Location | Handover Soon","Dubai Properties","",""
"10991836","2025-09-25","Mudon","Al Ranim","Al Ranim 2","","","3200000","1443","15534","2217","206","Townhouse","3","","NULL","NULL","","0","0","NULL","G+1","Active Listings","Single Row | Brand New | Vacant","Dubai Properties","",""
"11911147","2025-11-05","Mudon","Al Ranim","Al Ranim 2","","","3250000","1466","15777","2217","206","Townhouse","3","","","","","1845","171.44","","G+1","Title Deed","","Dubai Properties","","Resale"
"10781297","2025-08-04","Mudon","Al Ranim","Al Ranim 2","","","3000000","1654","17751","1814","169","Townhouse","3","","NULL","NULL","","0","0","NULL","G+1","Active Listings","Motivated Seller | Handover Soon | Spacious 3BR","Dubai Properties","",""
"10915206","2025-10-09","Mudon","Al Ranim","Al Ranim 2","","","3950000","1442","15551","2739","254","Townhouse","4","","NULL","NULL","","0","0","NULL","G+1","Active Listings","VASTU | MOTIVATED SELLER | NO AGENTS","Dubai Properties","",""
"12195205","2025-12-12","Mudon","Al Ranim","Al Ranim 2","","","3500000","1579","16990","2217","206","Townhouse","3","","NULL","NULL","","1808","168","NULL","G+1","Active Listings","Brand New | Green Patch | Close To Pool N Park","Dubai Properties","",""
"10306638","2025-05-12","Mudon","Al Ranim","Al Ranim 2","","","3200000","1733","18713","1846","171","Townhouse","3","","NULL","NULL","","0","0","NULL","G+1","Active Listings","G+2 | On The Park | Genuine Resale | Single Row","Dubai Properties","",""
"12100180","2025-11-20","Mudon","Al Ranim","Al Ranim 2","","","4335000","1701","18308","2548","236.78","Townhouse","4","","NULL","NULL","","2797","259.87","Type 4B1","G+1","Active Listings","Corner Unit | Semi Furnished | Single Row","Dubai Properties","",""
"10159586","2025-03-08","Mudon","Al Ranim","Al Ranim 2","","","4000000","1569","16893","2549","236.78","Townhouse","4","","NULL","NULL","","3990","370.66","NULL","G+1","Active Listings","Single Row | Corner | Huge Plot | Park Facing","Dubai Properties","",""
"12129386","2025-11-26","Mudon","Al Ranim","Al Ranim 2","","","3400000","1534","16505","2217","206","Townhouse","3","Community,Park","","","","1808","168","","G+1","Title Deed","","Dubai Properties","","Resale"
"11857683","2025-10-29","Mudon","Al Ranim","Al Ranim 2","","","4300000","1688","18160","2548","236.78","Townhouse","4","","","","","2863","265.99","","G+1","Title Deed","","Dubai Properties","","Resale"
"8960697","2025-04-30","Mudon","Al Ranim","Al Ranim 2","","","4200000","1410","15179","2978","276.7","Townhouse","4","","","","","4089","379.84","","G+2","Oqood","","Dubai Properties","","Resale"
"10355258","2025-05-29","Mudon","Al Ranim","Al Ranim 2","","","3200000","1443","15534","2217","206","Townhouse","3","Community,Swimming Pool,Park","NULL","NULL","","1808","168","","G+1","Active Listings","*Open Greeney area Near swimming pool * 3BR G+1","Dubai Properties","",""
"10914644","2025-08-26","Mudon","Al Ranim","Al Ranim 2","","","3100000","1398","15049","2217","206","Townhouse","3","Community,Road","NULL","NULL","","1814","168.48","Type 3B1","G+1","Active Listings","Stop Scrolling | Handover Soon| Huge Plot Size","Dubai Properties","",""
"12192521","2025-12-12","Mudon","Al Ranim","Al Ranim 2","","","4000000","1804","19417","2217","206","Townhouse","3","","NULL","NULL","","1813","168.44","NULL","G+1","Active Listings","Hottest Deal | Close To Park | Brand New","Dubai Properties","",""
"10186092","2025-03-13","Mudon","Al Ranim","Al Ranim 2","","","3500000","1373","14782","2549","236.78","Townhouse","4","","NULL","NULL","","2726","253.26","NULL","G+1","Active Listings","Hot Deal | Single Row | Motivated Seller","Dubai Properties","",""
"11712860","2025-11-05","Mudon","Al Ranim","Al Ranim 2","","","3900000","1435","15476","2717","252","Townhouse","3","","NULL","NULL","","0","0","NULL","G+1","Active Listings","Park Facing | Single Row | Brandnew","Dubai Properties","",""
"10983445","2025-09-04","Mudon","Al Ranim","Al Ranim 2","","","3500000","1936","20833","1808","168","Townhouse","3","","NULL","NULL","","0","0","NULL","G+1","Active Listings","Prime Location | Single Row | Soon Available","Dubai Properties","",""
"10411748","2025-06-17","Mudon","Al Ranim","Al Ranim 2","","","3899999","1530","16456","2549","237","Townhouse","4","","NULL","NULL","","0","0","NULL","G+1","Active Listings","Park Facing I Genuine Seller | Excellent Location","Dubai Properties","",""
"12386574","2026-01-07","Mudon","Al Ranim","Al Ranim 2","","","3300000","1488","16019","2217","206","Townhouse","3","","NULL","NULL","","0","0","NULL","G+1","Active Listings","Close to Pool and Park |Prime Location | Brand New","Dubai Properties","",""
"10908951","2025-08-22","Mudon","Al Ranim","Al Ranim 2","","","3100000","1715","18452","1808","168","Townhouse","3","","NULL","NULL","","0","0","NULL","G+1","Active Listings","Elegant 3 Bedroom Townhouse in Mudon Handover Soon","Dubai Properties","",""
"10324334","2025-05-18","Mudon","Al Ranim","Al Ranim 2","","","2950000","1598","17251","1846","171","Townhouse","3","","NULL","NULL","","0","0","NULL","G+1","Active Listings","All Types | 3 Bed Units | Great Location","Dubai Properties","",""
"12143693","2025-11-29","Mudon","Al Ranim","Al Ranim 2","","","4500000","1765","19005","2549","236.78","Townhouse","4","","NULL","NULL","","2726","253.26","NULL","G+1","Active Listings","Huge Plot | Close to Pool | Best Market Price","Dubai Properties","",""
"11709887","2025-11-04","Mudon","Al Ranim","Al Ranim 2","","","4000000","1558","16768","2567","238.55","Townhouse","3","Community,Play area,Landscaped Garden","NULL","NULL","","1847","171.57","Type 3B2","G+2","Active Listings","Ground+ 2 Floors l Park Location","Dubai Properties","",""
"10979451","2025-09-10","Mudon","Al Ranim","Al Ranim 2","","","3800000","1480","15930","2568","238.55","Townhouse","3","","NULL","NULL","","1808","168","NULL","G+2","Active Listings","Backing Park | G+2 | HANDOVER SOON","Dubai Properties","",""
"10724761","2025-07-19","Mudon","Al Ranim","Al Ranim 2","","","3570000","1347","14512","2651","246","Townhouse","4","","NULL","NULL","","0","0","NULL","G+1","Active Listings","Single Row | Corner Unit | Close To Completion","Dubai Properties","",""
"10697165","2025-07-11","Mudon","Al Ranim","Al Ranim 2","","","3150000","1421","15291","2217","206","Townhouse","3","","NULL","NULL","","1813","168.42","","G+1","Active Listings","Family Community| Private Garden| Handover Soon","Dubai Properties","",""
"10665437","2025-06-30","Mudon","Al Ranim","Al Ranim 2","","","3200000","1703","18286","1879","175","Townhouse","3","","NULL","NULL","","0","0","NULL","G+1","Active Listings","Exclusive| Handover Soon | On The Pool and Park","Dubai Properties","",""
"8988762","2025-05-29","Mudon","Al Ranim","Al Ranim 2","","","3200000","1246","13414","2568","238.55","Townhouse","3","","","","","1809","168.05","","G+2","Oqood","","Dubai Properties","","Resale"
"10929208","2025-08-29","Mudon","Al Ranim","Al Ranim 2","","","3500000","1579","16990","2217","206","Townhouse","3","","NULL","NULL","","0","0","NULL","G+1","Active Listings","Park View | Viewing Available | Mortgage Are Welcome","Dubai Properties","",""
"10182494","2025-03-17","Mudon","Al Ranim","Al Ranim 2","","","3899999","1530","16471","2549","236.78","Townhouse","4","Park,Community","NULL","NULL","","2803","260.41","NULL","G+1","Active Listings","Park Facing I Genuine Seller | Excellent Location","Dubai Properties","",""
"11706562","2025-11-04","Mudon","Al Ranim","Al Ranim 2","","","4225000","1658","17844","2548","236.78","Townhouse","4","","NULL","NULL","","2713","252.02","","G+1","Active Listings","Motivated Seller | Brand New | Hottest Deal","Dubai Properties","",""
"11681862","2025-10-12","Mudon","Al Ranim","Al Ranim 2","","","4550000","1660","17843","2741","255","Townhouse","4","","NULL","NULL","","0","0","NULL","G+1","Active Listings","Park Backing | Single Row | Corner Plot","Dubai Properties","",""
"10134008","2025-02-18","Mudon","Al Ranim","Al Ranim 2","","","3999999","1569","16893","2549","236.78","Townhouse","4","Park,Community","NULL","NULL","","2803","260.41","NULL","G+1","Active Listings","50% Paid by Seller | Lush Green Park | Corner Unit","Dubai Properties","",""
"11050311","2025-10-14","Mudon","Al Ranim","Al Ranim 2","","","3350000","1511","16262","2217","206","Townhouse","3","","NULL","NULL","","1813","168.44","","G+1","Active Listings","Hottest Deal | Iconic Park View | Brand New","Dubai Properties","",""
"11009424","2025-10-29","Mudon","Al Ranim","Al Ranim 2","","","3990000","1463","15771","2727","253","Townhouse","4","","NULL","NULL","","0","0","NULL","G+1","Active Listings","Exclusive | Mortgage buyers Welcome | 4 Bed + Maid","Dubai Properties","",""
"12191373","2025-12-11","Mudon","Al Ranim","Al Ranim 2","","","3300000","1488","16019","2217","206","Townhouse","3","","","","","1813","168.43","","G+1","Title Deed","","Dubai Properties","","Resale"
"10771617","2025-08-01","Mudon","Al Ranim","Al Ranim 2","","","3500000","1579","16990","2217","206","Townhouse","3","","NULL","NULL","","1808","168.01","","G+1","Active Listings","Park View | Viewing Available | Mortgage Are Welcome","Dubai Properties","",""
"12086514","2025-11-18","Mudon","Al Ranim","Al Ranim 2","","","4100000","1609","17316","2548","236.78","Townhouse","4","Community,Road","NULL","NULL","","2710","251.78","Type 4B1","G+1","Active Listings","Brand New | Single Row | Multiple Options","Dubai Properties","",""
"11922791","2025-11-06","Mudon","Al Ranim","Al Ranim 2","","","4300000","1688","18160","2548","236.78","Townhouse","4","","NULL","NULL","","2797","259.87","Type 4B1","G+1","Active Listings","Exclusive 4-Bedroom Corner Villa | Prime Location | Vastu-Compliant Design","Dubai Properties","",""
"11835481","2025-11-05","Mudon","Al Ranim","Al Ranim 2","","","4100000","1609","17316","2548","236.78","Townhouse","4","Community,Road","NULL","NULL","","2710","251.78","Type 4B1","G+1","Active Listings","Cheapest Option | Brand New | Hottest Deal","Dubai Properties","",""
"11704091","2025-10-13","Mudon","Al Ranim","Al Ranim 2","","","5500000","1847","19877","2978","276.7","Townhouse","4","","NULL","NULL","","4025","373.98","NULL","G+2","Active Listings","Corner 4br New Vacant |  G+2 | Stunning Open View","Dubai Properties","",""
"11008114","2025-10-12","Mudon","Al Ranim","Al Ranim 2","","","4550000","1660","17843","2741","255","Townhouse","4","","NULL","NULL","","0","0","NULL","G+1","Active Listings","SINGLE ROW ON PARK | BRAND NEW | MORTGAGE AVAILABLE","Dubai Properties","",""
"10977720","2025-09-10","Mudon","Al Ranim","Al Ranim 2","","","3400000","1881","20238","1808","168","Townhouse","3","","NULL","NULL","","0","0","NULL","G+1","Active Listings","Mortgage Available I Park Facing I Prime Location","Dubai Properties","",""
"12448925","2026-01-13","Mudon","Al Ranim","Al Ranim 2","","","3500000","1579","16990","2217","206","Townhouse","3","Community/Internal Road","","","","1813","168.43","Type: 3B1","G+1","Pending Sales (SPA/MOU)","","Dubai Properties","",""
"11948855","2025-11-18","Mudon","Al Ranim","Al Ranim 3","","","4000000","1570","16893","2548","236.78","Townhouse","4","","","","","3257","302.59","","G+1","Title Deed","","Dubai Properties","","Resale"
"10750890","2025-07-26","Mudon","Al Ranim","Al Ranim 3","","","3099999","1398","15049","2217","206","Townhouse","3","","NULL","NULL","","2054","190.79","NULL","G+1","Active Listings","Multiple Option I Handover Soon I Motivated Seller","Dubai Properties","",""
"10723534","2025-07-18","Mudon","Al Ranim","Al Ranim 3","","","4000000","1569","16893","2549","236.78","Townhouse","4","","NULL","NULL","","3060","284.24","NULL","G+1","Active Listings","Massive plot | Single Row | Viewing Available","Dubai Properties","",""
"9072595","2025-08-19","Mudon","Al Ranim","Al Ranim 3","","","3200000","1247","13414","2567","238.55","Townhouse","3","","","","","1808","168.01","Type 3B2","G+2","Oqood","","Dubai Properties","","Resale"
"8917069","2025-04-03","Mudon","Al Ranim","Al Ranim 3","","","2800000","1091","11738","2567","238.55","Townhouse","3","","","","","1808","168","","G+2","Oqood","","Dubai Properties","","Resale"
"12431898","2026-01-15","Mudon","Al Ranim","Al Ranim 3","","","3325000","1500","16141","2217","206","Townhouse","3","Community,Landscaped Garden,Walkway,Kid's play area","NULL","NULL","","1808","168","NULL","G+1","Active Listings","Motivated Seller | Mortgage Buyer is Welcome","Dubai Properties","",""
"12361656","2026-01-03","Mudon","Al Ranim","Al Ranim 3","","","3490000","1574","16942","2217","206","Townhouse","3","Community, Landscaped Garden","NULL","NULL","","1869","173.6","NULL","G+1","Active Listings","VACANT | PARK FACING | BRAND NEW","Dubai Properties","",""
"12165990","2025-12-06","Mudon","Al Ranim","Al Ranim 3","","","3900000","1519","16349","2567","238.55","Townhouse","3","Community,Landscaped Garden,Distant Play Area","NULL","NULL","","1808","168.01","Type 3B2","G+2","Active Listings","BEST PRICE | G PLUS 2 | PARK VIEWS | MUDON","Dubai Properties","",""
"10319354","2025-05-16","Mudon","Al Ranim","Al Ranim 3","","","3350000","1511","16262","2217","206","Townhouse","3","","NULL","NULL","","0","0","NULL","G+1","Active Listings","Exquisite Townhouse | Nov 2025 Completion","Dubai Properties","",""
"12138202","2025-11-28","Mudon","Al Ranim","Al Ranim 3","","","4980000","1954","21032","2549","236.78","Townhouse","4","","NULL","NULL","","3096","287.62","NULL","G+1","Active Listings","Big Plot I Motivated Seller I Ready To Move In","Dubai Properties","",""
"11917963","2025-11-05","Mudon","Al Ranim","Al Ranim 3","","","3250000","1466","15777","2217","206","Townhouse","3","","NULL","NULL","","1810","168.11","NULL","G+1","Active Listings","Green Belt I Walk In To The Park I Best Deal","Dubai Properties","",""
"11776900","2025-11-04","Mudon","Al Ranim","Al Ranim 3","","","3800000","1480","15930","2567","238.55","Townhouse","3","Community,Landscaped Garden,Distant Play Area","NULL","NULL","","1808","168.01","Type 3B2","G+2","Active Listings","Huge Townhouse |Handover Soon |Close to Amenities","Dubai Properties","",""
"11702360","2025-12-19","Mudon","Al Ranim","Al Ranim 3","","","3650000","1646","17718","2217","206","Townhouse","3","","NULL","NULL","","1808","168","","G+1","Active Listings","Park Facing | Near to Beach Pool | Fitted Kitchen","Dubai Properties","",""
"11672009","2025-11-09","Mudon","Al Ranim","Al Ranim 3","","","2950000","1331","14320","2217","206","Townhouse","3","","NULL","NULL","","1808","168","NULL","G+1","Active Listings","Spacious 3-BR | Big Plot | Good location | On Park","Dubai Properties","",""
"11009092","2025-10-01","Mudon","Al Ranim","Al Ranim 3","","","3900000","1530","16456","2549","237","Townhouse","4","","NULL","NULL","","0","0","NULL","G+1","Active Listings","Stunning Park View | Corner | Viewing Available","Dubai Properties","",""
"10944792","2025-09-08","Mudon","Al Ranim","Al Ranim 3","","","3300000","1488","16019","2217","206","Townhouse","3","Community,Park","NULL","NULL","","1809","168.05","Type 3B1","G+1","Active Listings","PRIME LOCATION | DIRECTLY AT THE PARK |CORNER UNIT","Dubai Properties","",""
"11857876","2025-10-23","Mudon","Al Ranim","Al Ranim 3","","","4950000","1943","20905","2548","236.78","Townhouse","4","Community,Back to Side,Partial Park","","","","3971","368.93","Type: 4B1-Corner unit","G+1","Pending Sales (SPA/MOU)","","Dubai Properties","",""
"12373998","2026-01-09","Mudon","Al Ranim","Al Ranim 3","","","4500000","1766","19005","2548","236.78","Townhouse","4","Community,Landscaped Garden,Kid's Play Area","","","","2770","257.34","Type 4B1","G+1","Title Deed","","Dubai Properties","","Resale"
"12185758","2025-12-10","Mudon","Al Ranim","Al Ranim 3","","","3400000","1534","16505","2217","206","Townhouse","3","Community,Park","","","","1808","168.01","","G+1","Title Deed","","Dubai Properties","","Resale"
"12417390","2026-01-14","Mudon","Al Ranim","Al Ranim 3","","","4000000","1473","15873","2716","252","Townhouse","3","","NULL","NULL","","0","0","NULL","G+1","Active Listings","Genuine Resale | G+2 | On the Park","Dubai Properties","",""
"12221787","2025-12-17","Mudon","Al Ranim","Al Ranim 3","","","4400000","1726","18565","2549","237","Townhouse","4","","NULL","NULL","","0","0","NULL","G+1","Active Listings","On Pool and Park | Premium Corner Unit | Brand New","Dubai Properties","",""
"12163229","2025-12-05","Mudon","Al Ranim","Al Ranim 3","","","3500000","1577","16990","2220","206","Townhouse","3","","NULL","NULL","","0","0","NULL","G+1","Active Listings","3 Bedroom | Opposite Green Belt | Vacant","Dubai Properties","",""
"12081880","2025-11-18","Mudon","Al Ranim","Al Ranim 3","","","3580000","1615","17379","2217","206","Townhouse","3","Community,Park","NULL","NULL","","1809","168.05","Type 3B1","G+1","Active Listings","Spacious 3 Bedroom in Mudon Al Ranim 3","Dubai Properties","",""
"11772261","2025-11-04","Mudon","Al Ranim","Al Ranim 3","","","3350000","1511","16262","2217","206","Townhouse","3","Community,Road","NULL","NULL","","2154","200.07","","G+1","Active Listings","Genuine Listing | Fantastic Plot | Nov Handover","Dubai Properties","",""
"11764289","2025-10-20","Mudon","Al Ranim","Al Ranim 3","","","4300000","1687","18160","2549","236.78","Townhouse","4","","NULL","NULL","","2768","257.15","NULL","G+1","Active Listings","CORNER UNIT 4BR + MAID | HANDOVER SOON","Dubai Properties","",""
"11052431","2025-10-07","Mudon","Al Ranim","Al Ranim 3","","","3500000","1579","16990","2217","206","Townhouse","3","","NULL","NULL","","1808","168.01","","G+1","Active Listings","Green Belt Unit I Walking Distance to Lagoons","Dubai Properties","",""
"11002164","2025-11-05","Mudon","Al Ranim","Al Ranim 3","","","3000000","1353","14563","2217","206","Townhouse","3","","NULL","NULL","","1810","168.11","NULL","G+1","Active Listings","3BR Plus Maid | Handover 2025 | Backing Green Belt","Dubai Properties","",""
"11008662","2025-09-02","Mudon","Al Ranim","Al Ranim 3","","","3200000","1443","15534","2217","206","Townhouse","3","","NULL","NULL","","0","0","NULL","G+1","Active Listings","Opposite to Pool and Park | Prime Location","Dubai Properties","",""
"10983458","2025-09-12","Mudon","Al Ranim","Al Ranim 3","","","3200000","1443","15534","2217","206","Townhouse","3","","NULL","NULL","","1808","168.01","","G+1","Active Listings","Green Belt Unit I Walking Distance to Lagoons","Dubai Properties","",""
"10943650","2025-10-24","Mudon","Al Ranim","Al Ranim 3","","","3300000","1825","19643","1808","168","Townhouse","3","","NULL","NULL","","0","0","NULL","G+1","Active Listings","Exclusive | Family Living | Prime Location","Dubai Properties","",""
"11802369","2025-10-17","Mudon","Al Ranim","Al Ranim 3","","","3700000","1441","15510","2567","238.55","Townhouse","3","Community,Walkway,Landscaped Garden","","","","1808","168","","G+2","Pending Sales (SPA/MOU)","","Dubai Properties","",""
"10905639","2025-08-21","Mudon","Al Ranim","Al Ranim 3","","","2900000","1308","14078","2217","206","Townhouse","3","Community,Partial Play Area,Road","NULL","NULL","","1927","179.06","NULL","G+1","Active Listings","Al-Ranim | For end user/investors | Multiple Units","Dubai Properties","",""
"12367648","2026-01-06","Mudon","Al Ranim","Al Ranim 3","","","3400000","1534","16505","2217","206","Townhouse","3","","","","","1849","171.79","Type 3B1","G+1","Title Deed","","Dubai Properties","","Resale"
"9067522","2025-08-13","Mudon","Al Ranim","Al Ranim 3","","","2950000","1331","14320","2217","206","Townhouse","3","","","","","2120","196.94","","G+1","Oqood","","Dubai Properties","","Resale"
"10810565","2025-08-07","Mudon","Al Ranim","Al Ranim 3","","","3100000","1398","15049","2217","206","Townhouse","3","Community,Road","NULL","NULL","","2060","191.4","Type 3B1","G+1","Active Listings","HOT DEAL | SINGLE ROW | VERY NEAR TO PARK |","Dubai Properties","",""
"12219722","2025-12-17","Mudon","Al Ranim","Al Ranim 3","","","3600000","1624","17476","2217","206","Townhouse","3","","NULL","NULL","","0","0","NULL","G+1","Active Listings","Stylish 3-Bedroom Home | Great Layout | Amazing Location","Dubai Properties","",""
"10341894","2025-05-24","Mudon","Al Ranim","Al Ranim 3","","","3600000","1356","14575","2655","247","Townhouse","4","","NULL","NULL","","0","0","NULL","G+1","Active Listings","Park View | Motivated Seller | Single Row","Dubai Properties","",""
"10892680","2025-09-09","Mudon","Al Ranim","Al Ranim 3","","","4400000","1727","18583","2548","236.78","Townhouse","4","Community,Back to Side,Partial Park","NULL","NULL","","3971","368.93","","G+1","Active Listings","Single Row I Big Plot I Prime Location I H-O Soon","Dubai Properties","",""
"10252275","2025-04-21","Mudon","Al Ranim","Al Ranim 3","","","4000000","1569","16878","2550","237","Townhouse","4","","NULL","NULL","","0","0","NULL","G+1","Active Listings","Next to pool-Single Row-Great Investment","Dubai Properties","",""
"12075753","2025-11-18","Mudon","Al Ranim","Al Ranim 3","","","4700000","1845","19850","2548","236.78","Townhouse","4","Community,Landscaped Garden,Kid's Play Area","NULL","NULL","","2770","257.34","Type 4B1","G+1","Active Listings","CLOSE TO THE MAIN GARDEN | SPACIOUS | END UNIT","Dubai Properties","",""
"11917419","2025-11-05","Mudon","Al Ranim","Al Ranim 3","","","4000000","1569","16878","2549","237","Townhouse","4","","NULL","NULL","","0","0","NULL","G+1","Active Listings","SINGLE ROW | TYPE 4B1 | MULTIPLE OPTIONS","Dubai Properties","",""
"11760244","2025-10-20","Mudon","Al Ranim","Al Ranim 3","","","3300000","1602","17277","2060","191","Townhouse","3","","NULL","NULL","","0","0","NULL","G+1","Active Listings","BIG PLOT | ON PARK | EXTRA ROOM | GENUINE RESALE","Dubai Properties","",""
"11033208","2025-11-09","Mudon","Al Ranim","Al Ranim 3","","","4100000","1608","17316","2549","236.78","Townhouse","4","","NULL","NULL","","2867","266.39","NULL","G+1","Active Listings","4 Bedroom Villa | G+1 | Mudon Al Ranim 3","Dubai Properties","",""
"10981696","2025-09-20","Mudon","Al Ranim","Al Ranim 3","","","2900000","1308","14078","2217","206","Townhouse","3","Community,Partial Play Area,Road","NULL","NULL","","1927","179.06","NULL","G+1","Active Listings","Al-Ranim | For end user/investors | Multiple Units","Dubai Properties","",""
"11769645","2025-10-10","Mudon","Al Ranim","Al Ranim 3","","","3800000","1480","15930","2567","238.55","Townhouse","3","Community,Landscaped walkway,Back to Back","","","","1809","168.04","Mid unit-3B2(M)","G+2","Pending Sales (SPA/MOU)","","Dubai Properties","",""
"12363097","2026-01-05","Mudon","Al Ranim","Al Ranim 3","","","3650000","1646","17718","2217","206","Townhouse","3","","","","","1810","168.11","Type 3B1","G+1","Title Deed","","Dubai Properties","","Resale"
"12168597","2025-12-05","Mudon","Al Ranim","Al Ranim 3","","","3700000","1441","15510","2567","238.55","Townhouse","3","Community,Walkway,Landscaped Garden","","","","1808","168","","G+2","Title Deed","","Dubai Properties","","Resale"
"9066399","2025-08-12","Mudon","Al Ranim","Al Ranim 3","","","3050000","1376","14806","2217","206","Townhouse","3","","","","","1810","168.12","","G+1","Oqood","","Dubai Properties","","Resale"
"10765925","2025-07-31","Mudon","Al Ranim","Al Ranim 3","","","3000000","1353","14563","2217","206","Townhouse","3","","NULL","NULL","","0","0","NULL","G+1","Active Listings","Close to Community | Handover Soon | Single Row","Dubai Properties","",""
"12462931","2026-01-22","Mudon","Al Ranim","Al Ranim 3","","","4375000","1716","18477","2549","236.78","Townhouse","4","Community,Road","NULL","NULL","","2867","266.39","NULL","G+1","Active Listings","Super Corner 4 BR Family Villa | Mudon Al Ranim 3","Dubai Properties","",""
"12213436","2025-12-16","Mudon","Al Ranim","Al Ranim 3","","","3600000","1624","17476","2217","206","Townhouse","3","","NULL","NULL","","1810","168.11","Type 3B1","G+1","Active Listings","Green Belt I Brand New I Motivated Seller","Dubai Properties","",""
"12158173","2025-12-05","Mudon","Al Ranim","Al Ranim 3","","","4750000","1864","20061","2548","236.78","Townhouse","4","Community,Walkway,Landscaped Garden","NULL","NULL","","3874","359.93","Type 4B1","G+1","Active Listings","Exclusive | Green Belt | Large Plot |","Dubai Properties","",""
"10831127","2025-11-21","Mudon","Al Ranim","Al Ranim 3","","","3350000","1511","16262","2217","206","Townhouse","3","","NULL","NULL","","1808","168","NULL","G+1","Active Listings","3 Bed | Single Row | Multiple Options","Dubai Properties","",""
"12122259","2025-12-05","Mudon","Al Ranim","Al Ranim 3","","","3450000","1556","16748","2217","206","Townhouse","3","","NULL","NULL","","1849","171.81","Type 3B1","G+1","Active Listings","Exclusive unit l Single Row l Keys in Hands","Dubai Properties","",""
"10206421","2025-03-20","Mudon","Al Ranim","Al Ranim 3","","","2700000","1218","13107","2217","206","Townhouse","3","","NULL","NULL","","0","0","NULL","G+1","Active Listings","Genuine Resale | Elegant Interior | Spacious 3 BHK","Dubai Properties","",""
"11810206","2025-11-04","Mudon","Al Ranim","Al Ranim 3","","","3500000","1579","16990","2217","206","Townhouse","3","","NULL","NULL","","1808","168.01","","G+1","Active Listings","Park View | Prime Location | Huge with Maids Room","Dubai Properties","",""
"11760533","2025-11-04","Mudon","Al Ranim","Al Ranim 3","","","3500000","1579","16990","2217","206","Townhouse","3","","NULL","NULL","","1808","168.01","","G+1","Active Listings","Green Belt I Middle Unit I Motivated Seller","Dubai Properties","",""
"11810079","2025-10-28","Mudon","Al Ranim","Al Ranim 3","","","3700000","2046","22024","1808","168","Townhouse","3","","NULL","NULL","","0","0","NULL","G+1","Active Listings","Al Ranim 3 | 3BR G plus 1 | Handover Nov 2025","Dubai Properties","",""
"11001242","2025-10-10","Mudon","Al Ranim","Al Ranim 3","","","3099999","1398","15049","2217","206","Townhouse","3","","NULL","NULL","","0","0","NULL","G+1","Active Listings","Family Haven | On the Park | Vastu Unit","Dubai Properties","",""
"12344977","2025-12-30","Mudon","Al Ranim","Al Ranim 3","","","3300000","1488","16019","2217","206","Townhouse","3","Community,Landscaped Garden,Walkway","","","","1808","168.01","Type 3B1","G+1","Title Deed","","Dubai Properties","","Resale"
"9128808","2025-10-14","Mudon","Al Ranim","Al Ranim 3","","","3700000","1441","15510","2567","238.55","Townhouse","3","","","","","1808","168","","G+2","Title Deed","","Dubai Properties","","Resale"
"10880469","2025-09-07","Mudon","Al Ranim","Al Ranim 3","","","4000000","1518","16327","2635","245","Townhouse","4","","NULL","NULL","","0","0","NULL","G+1","Active Listings","Prime location On Pool Park Corner unit Single Row Genuine Seller","Dubai Properties","",""
"9087423","2025-09-03","Mudon","Al Ranim","Al Ranim 3","","","4150000","1629","17527","2548","236.78","Townhouse","4","","","","","4304","399.85","","G+1","Title Deed","","Dubai Properties","","Resale"
"9056221","2025-08-08","Mudon","Al Ranim","Al Ranim 3","","","3550000","1393","14993","2548","236.78","Townhouse","4","","","","","2986","277.43","","G+1","Oqood","","Dubai Properties","","Resale"
"10683925","2025-12-23","Mudon","Al Ranim","Al Ranim 3","","","4350000","1707","18371","2549","236.78","Townhouse","4","","NULL","NULL","","2777","258.02","NULL","G+1","Active Listings","Near Park / Single Row / Corner","Dubai Properties","",""
"9007525","2025-06-19","Mudon","Al Ranim","Al Ranim 3","","","2730000","1231","13252","2217","206","Townhouse","3","","","","","1927","179.06","","G+1","Oqood","","Dubai Properties","","Resale"
"12457828","2026-01-22","Mudon","Al Ranim","Al Ranim 3","","","5500000","2158","23228","2549","236.78","Townhouse","4","","NULL","NULL","","5764","535.47","NULL","G+1","Active Listings","Exceptional | Biggest Plot | Brand New","Dubai Properties","",""
"12347505","2026-01-02","Mudon","Al Ranim","Al Ranim 3","","","4990000","1676","18034","2978","276.7","Townhouse","4","","NULL","NULL","","2614","242.88","NULL","G+2","Active Listings","4BR G+2 | Sun Light | Main Park Access","Dubai Properties","",""
"12113970","2025-11-26","Mudon","Al Ranim","Al Ranim 3","","","3450000","1556","16748","2217","206","Townhouse","3","","NULL","NULL","","1810","168.11","NULL","G+1","Active Listings","On the Park and Courts | Ready | Vastu Unit","Dubai Properties","",""
"12072654","2025-11-12","Mudon","Al Ranim","Al Ranim 3","","","4120000","1617","17400","2548","236.78","Townhouse","4","","NULL","NULL","","2986","277.43","","G+1","Active Listings","Motivated Seller | Prime Location | Brand New","Dubai Properties","",""
"11758721","2025-12-05","Mudon","Al Ranim","Al Ranim 3","","","3450000","1556","16748","2217","206","Townhouse","3","Community,Landscaped Walkway","NULL","NULL","","1808","168","","G+1","Active Listings","On the Park | Spacious | New","Dubai Properties","",""
"11021050","2025-11-04","Mudon","Al Ranim","Al Ranim 3","","","3000000","1659","17857","1808","168","Townhouse","3","","NULL","NULL","","0","0","NULL","G+1","Active Listings","3 BED |  Single Row  | Close to Park","Dubai Properties","",""
"11000976","2025-09-25","Mudon","Al Ranim","Al Ranim 3","","","3300000","1488","16019","2217","206","Townhouse","3","","NULL","NULL","","0","0","NULL","G+1","Active Listings","Prime Location | Family Living | Vastu Unit","Dubai Properties","",""
"10963165","2025-10-13","Mudon","Al Ranim","Al Ranim 3","","","3100000","1690","18235","1834","170","Townhouse","3","","NULL","NULL","","0","0","NULL","G+1","Active Listings","Motivated Seller | Handover Soon | Brand New","Dubai Properties","",""
"12323661","2025-12-25","Mudon","Al Ranim","Al Ranim 3","","","4270000","1676","18034","2548","236.78","Townhouse","4","","","","","2764","256.75","Type 4B1","G+1","Title Deed","","Dubai Properties","","Resale"
"11922495","2025-11-06","Mudon","Al Ranim","Al Ranim 3","","","4200000","1648","17738","2548","236.78","Townhouse","4","","","","","2635","244.82","","G+1","Title Deed","","Dubai Properties","","Resale"
"10707314","2025-07-14","Mudon","Al Ranim","Al Ranim 3","","","4000000","1570","16893","2548","236.78","Townhouse","4","Community,Back to Side,Partial Park","NULL","NULL","","3971","368.93","","G+1","Active Listings","Single Row I Big Plot I Prime Location I H-O Soon","Dubai Properties","",""
"10761980","2025-07-30","Mudon","Al Ranim","Al Ranim 3","","","3680000","2035","21905","1808","168","Townhouse","3","","NULL","NULL","","0","0","NULL","G+1","Active Listings","Handover Soon | Back to Park | Exclusive","Dubai Properties","",""
"12507019","2026-02-01","Mudon","Al Ranim","Al Ranim 3","","","5000000","1962","21117","2549","236.78","Townhouse","4","","NULL","NULL","NULL","3404","316.22","NULL","G+1","Active Listings","Premium Location Ranim 3 Brand New 4 Bedrooms","Dubai Properties","",""
"12401365","2026-01-10","Mudon","Al Ranim","Al Ranim 3","","","4400000","1726","18583","2549","236.78","Townhouse","4","Community,Road","NULL","NULL","","3060","284.24","NULL","G+1","Active Listings","Vacant | Big Plot | Brand New","Dubai Properties","",""
"10328772","2025-05-20","Mudon","Al Ranim","Al Ranim 3","","","3800000","1491","16049","2548","236.78","Townhouse","4","","NULL","NULL","","2740","254.55","","G+1","Active Listings","Prime Location | Single Row | Corner Unit","Dubai Properties","",""
"10312288","2025-05-14","Mudon","Al Ranim","Al Ranim 3","","","3300000","1488","16019","2217","206","Townhouse","3","","NULL","NULL","","0","0","NULL","G+1","Active Listings","3BEDROOM | HANDOVER SOON | HUGE LAYOUT | MODERN|","Dubai Properties","",""
"10204157","2025-03-10","Mudon","Al Ranim","Al Ranim 3","","","4199999","1398","15054","3004","279","Townhouse","4","","NULL","NULL","","0","0","NULL","G+1","Active Listings","Genuine Listing | G+2 | 4 BR+Maids | End unit","Dubai Properties","",""
"11693300","2025-10-29","Mudon","Al Ranim","Al Ranim 3","","","3299999","1488","16019","2217","206","Townhouse","3","","NULL","NULL","","0","0","NULL","G+1","Active Listings","Family Haven | Single Row | Handover Soon","Dubai Properties","",""
"11659345","2025-11-21","Mudon","Al Ranim","Al Ranim 3","","","4200000","1648","17738","2549","236.78","Townhouse","4","","NULL","NULL","","2769","257.27","NULL","G+1","Active Listings","4 BR G+1 | MUDON AL RANIM 3 I GENUINE LISTING","Dubai Properties","",""
"11719634","2025-10-24","Mudon","Al Ranim","Al Ranim 3","","","3200000","1770","19048","1808","168","Townhouse","3","","NULL","NULL","","0","0","NULL","G+1","Active Listings","Ready Soon | Brand New | Modern 3BR Layout","Dubai Properties","",""
"12136867","2025-11-28","Mudon","Al Ranim","Al Ranim 3","","","3775000","1471","15825","2567","238.55","Townhouse","3","","","","","1809","168.07","","G+2","Title Deed","","Dubai Properties","","Resale"
"10854374","2025-09-26","Mudon","Al Ranim","Al Ranim 3","","","4500000","1136","12228","3961","368","Townhouse","4","","NULL","NULL","","0","0","NULL","G+1","Active Listings","Single Row | On the Park | Huge Plot","Dubai Properties","",""
"11911485","2025-11-05","Mudon","Al Ranim","Al Ranim 3","","","3400000","1534","16505","2217","206","Townhouse","3","","","","","1808","168.01","","G+1","Title Deed","","Dubai Properties","","Resale"
"10822124","2025-09-23","Mudon","Al Ranim","Al Ranim 3","","","4200000","1648","17738","2549","236.78","Townhouse","4","","NULL","NULL","","2769","257.27","NULL","G+1","Active Listings","4BR I Maid Room + Attached Bathroom | 2 Parking","Dubai Properties","",""
"10706021","2025-07-14","Mudon","Al Ranim","Al Ranim 3","","","3200000","1443","15534","2217","206","Townhouse","3","","NULL","NULL","","1808","168","NULL","G+1","Active Listings","Prime Location | Handover Soon | Modern Layout 3BR","Dubai Properties","",""
"10414072","2025-06-18","Mudon","Al Ranim","Al Ranim 3","","","4150000","1629","17511","2548","237","Townhouse","4","","NULL","NULL","","0","0","NULL","G+1","Active Listings","Biggest plot | Brand new | Payment plan 60/40","Dubai Properties","",""
"8888433","2025-02-28","Mudon","Al Ranim","Al Ranim 3","","","2640000","1191","12816","2217","206","Townhouse","3","Community,Road","","","","1972","183.22","Type 3B1","G+1","Oqood","","Dubai Properties","","Resale"
"12398412","2026-01-09","Mudon","Al Ranim","Al Ranim 3","","","3800000","1714","18447","2217","206","Townhouse","3","Community,Landscaped Garden,Walkway","NULL","NULL","","1814","168.56","NULL","G+1","Active Listings","Main Park | Close To Pool | Exclusive | Ready","Dubai Properties","",""
"12336040","2025-12-29","Mudon","Al Ranim","Al Ranim 3","","","5200000","2040","21961","2549","236.78","Townhouse","4","Community","NULL","NULL","","3971","368.93","NULL","G+1","Active Listings","Skyline Serenity | Modern Villa | 4 Bedrooms","Dubai Properties","",""
"10327931","2025-05-20","Mudon","Al Ranim","Al Ranim 3","","","3250000","1266","13655","2567","238","Townhouse","3","","NULL","NULL","","0","0","NULL","G+1","Active Listings","3 Bed+Maid+Family | G+2 | Handover Nov 2025 |","Dubai Properties","",""
"12150614","2025-12-02","Mudon","Al Ranim","Al Ranim 3","","","5195000","1744","18775","2978","276.7","Townhouse","4","","NULL","NULL","","2614","242.88","NULL","G+2","Active Listings","PERFECT FAMILY HOME | PARK FACING | BRAND NEW | 4BR + MAID + FAMILY ROOM","Dubai Properties","",""
"10309955","2025-05-13","Mudon","Al Ranim","Al Ranim 3","","","3300000","1825","19643","1808","168","Townhouse","3","","NULL","NULL","","0","0","NULL","G+1","Active Listings","3BR + Family (G+2) / Single Row / Great Location","Dubai Properties","",""
"12102519","2025-11-20","Mudon","Al Ranim","Al Ranim 3","","","4800000","1884","20272","2548","236.78","Townhouse","4","","NULL","NULL","","3257","302.59","","G+1","Active Listings","Big Plot I Ready To Move In I Prime Location","Dubai Properties","",""
"12068040","2025-11-15","Mudon","Al Ranim","Al Ranim 3","","","3400000","1839","19767","1849","172","Townhouse","3","","NULL","NULL","","0","0","NULL","G+1","Active Listings","Single Row | Prime Location | Cheapest Option","Dubai Properties","",""
"11645090","2025-10-13","Mudon","Al Ranim","Al Ranim 3","","","3500000","1579","16990","2217","206","Townhouse","3","","NULL","NULL","","0","0","NULL","G+1","Active Listings","Park Unit | Brand New | Great Location","Dubai Properties","",""
"10997513","2025-08-28","Mudon","Al Ranim","Al Ranim 3","","","3199999","1443","15534","2217","206","Townhouse","3","","NULL","NULL","","0","0","NULL","G+1","Active Listings","Serene Location | On the Park | Vastu Unit","Dubai Properties","",""
"10958170","2025-08-25","Mudon","Al Ranim","Al Ranim 3","","","2800000","1263","13592","2217","206","Townhouse","3","","NULL","NULL","","1831","170.11","NULL","G+1","Active Listings","Single Row | Villas View | Serious Buyer Only","Dubai Properties","",""
"10971287","2025-08-27","Mudon","Al Ranim","Al Ranim 3","","","3050000","1376","14806","2217","206","Townhouse","3","","NULL","NULL","","0","0","NULL","G+1","Active Listings","Prime Location | Family Living | Vastu Unit","Dubai Properties","",""
"10090227","2025-02-25","Mudon","Al Ranim","Al Ranim 3","","","3200000","1769","19048","1809","168","Townhouse","3","","NULL","NULL","","0","0","NULL","G+1","Active Listings","Type G+2 | Park Facing | Motivated Seller","Dubai Properties","",""
"9051486","2025-08-04","Mudon","Al Ranim","Al Ranim 3","","","3310000","1289","13875","2568","238.55","Townhouse","3","","","","","1808","168.01","","G+2","Oqood","","Dubai Properties","","Resale"
"8886729","2025-02-27","Mudon","Al Ranim","Al Ranim 3","","","2950000","1158","12459","2548","236.78","Townhouse","4","","","","","2635","244.82","","G+1","Oqood","","Dubai Properties","","Resale"
"12147476","2025-11-30","Mudon","Al Ranim","Al Ranim 3","","","3600000","1624","17476","2217","206","Townhouse","3","","NULL","NULL","","1808","168","","G+1","Active Listings","Walk In To The Pool I Green Belt I Negotiable","Dubai Properties","",""
"11939117","2025-11-09","Mudon","Al Ranim","Al Ranim 3","","","5999999","2015","21684","2978","276.7","Townhouse","4","","NULL","NULL","","5842","542.77","","G+2","Active Listings","Rare | 4-Bedroom Corner Villa with Biggest Plot","Dubai Properties","",""
"11901739","2025-11-02","Mudon","Al Ranim","Al Ranim 3","","","4900000","1923","20694","2548","236.78","Townhouse","4","Community,Landscaped Walkway","NULL","NULL","","4503","418.35","Type 4B1","G+1","Active Listings","Huge Plot | Corner Unit | Greenbelt","Dubai Properties","",""
"11644307","2025-09-26","Mudon","Al Ranim","Al Ranim 3","","","3300000","1488","16019","2217","206","Townhouse","3","Community,Landscaped Garden,Road","NULL","NULL","","1831","170.14","Type 3B1","G+1","Active Listings","Investor Deal-3BR + Maid-Single Row-Near Handover","Dubai Properties","",""
"10966367","2025-09-01","Mudon","Al Ranim","Al Ranim 3","","","4000000","1569","16878","2549","237","Townhouse","4","","NULL","NULL","","0","0","NULL","G+1","Active Listings","SINGLE ROW | TYPE 4B1 | MULTIPLE OPTIONS","Dubai Properties","",""
"12454677","2026-01-21","Mudon","Al Ranim","Al Ranim 3","","","3100000","1398","15049","2217","206","Townhouse","3","Community,Road","","","","1980","183.98","Type 3B1","G+1","Title Deed","","Dubai Properties","","Resale"
"10891625","2025-08-14","Mudon","Al Ranim","Al Ranim 3","","","3100000","1398","15049","2217","206","Townhouse","3","","NULL","NULL","","1834","170.43","Type 3B1","G+1","Active Listings","Handover Soon | Spacious 3BR | Prime Location","Dubai Properties","",""
"12219000","2025-12-17","Mudon","Al Ranim","Al Ranim 3","","","3500000","1579","16990","2217","206","Townhouse","3","","","","","1808","168.01","","G+1","Title Deed","","Dubai Properties","","Resale"
"12129191","2025-11-26","Mudon","Al Ranim","Al Ranim 3","","","4225000","1658","17844","2548","236.78","Townhouse","4","Community,Road,Landscaped Garden","","","","3344","310.65","","G+1","Title Deed","","Dubai Properties","","Resale"
"9048542","2025-07-31","Mudon","Al Ranim","Al Ranim 3","","","4150000","1394","14998","2978","276.7","Townhouse","4","","","","","2722","252.89","","G+2","Oqood","","Dubai Properties","","Resale"
"10777953","2025-08-03","Mudon","Al Ranim","Al Ranim 3","","","3950000","1550","16667","2549","237","Townhouse","4","","NULL","NULL","","0","0","NULL","G+1","Active Listings","Motivated Seller | Premium Location","Dubai Properties","",""
"12484314","2026-01-27","Mudon","Al Ranim","Al Ranim 3","","","3800000","1714","18447","2217","206","Townhouse","3","","NULL","NULL","NULL","1808","168.01","NULL","G+1","Active Listings","Park Facing I High ROI | Rented","Dubai Properties","",""
"12444879","2026-01-18","Mudon","Al Ranim","Al Ranim 3","","","4400000","1726","18583","2549","236.78","Townhouse","4","Community,Road","NULL","NULL","","2867","266.39","NULL","G+1","Active Listings","Super Corner 4 BR Family Villa | Mudon Al Ranim 3","Dubai Properties","",""
"12144901","2025-11-29","Mudon","Al Ranim","Al Ranim 3","","","5050000","1696","18251","2978","276.7","Townhouse","4","","NULL","NULL","","2614","242.88","NULL","G+2","Active Listings","on green belt |brand new | park facing","Dubai Properties","",""
"10301890","2025-05-09","Mudon","Al Ranim","Al Ranim 3","","","3999999","1569","16893","2549","236.78","Townhouse","4","","NULL","NULL","","3870","359.53","NULL","G+1","Active Listings","Luxury G+1 Villa | Park View | Best Price","Dubai Properties","",""
"12093767","2025-11-18","Mudon","Al Ranim","Al Ranim 3","","","4900000","1923","20694","2548","236.78","Townhouse","4","","NULL","NULL","","2644","245.61","Type 4B1","G+1","Active Listings","ON THE PARK | CORNER UNIT | READY TO MOVE","Dubai Properties","",""
"11895798","2025-11-04","Mudon","Al Ranim","Al Ranim 3","","","4175000","1639","17632","2548","236.78","Townhouse","4","","NULL","NULL","","2986","277.43","","G+1","Active Listings","Single Row I Brand New I Walk In to the Park","Dubai Properties","",""
"10159191","2025-03-09","Mudon","Al Ranim","Al Ranim 3","","","3100000","1398","15049","2217","206","Townhouse","3","","NULL","NULL","","0","0","NULL","G+1","Active Listings","3B1 Layout | Single row | Naturally bright","Dubai Properties","",""
"11687488","2025-11-04","Mudon","Al Ranim","Al Ranim 3","","","4100000","1608","17300","2549","237","Townhouse","4","","NULL","NULL","","0","0","NULL","G+1","Active Listings","Stunning Park View | Corner | Viewing Available","Dubai Properties","",""
"12524491","2026-01-29","Mudon","Al Ranim","Al Ranim 3","","","4990000","1676","18034","2978","276.7","Townhouse","4","Community/Play Area/Walkway","","","","2883","267.85","","G+2","Pending Sales (SPA/MOU)","","Dubai Properties","",""
"10922132","2025-10-24","Mudon","Al Ranim","Al Ranim 3","","","4300000","1405","15141","3060","284","Townhouse","4","","NULL","NULL","","0","0","NULL","G+1","Active Listings","Modern 4Bedroom Villa | Prime Location in Mudon","Dubai Properties","",""
"12435531","2026-01-16","Mudon","Al Ranim","Al Ranim 3","","","4950000","1662","17889","2978","276.7","Townhouse","4","","","","","2866","266.26","Type 4B2","G+2","Title Deed","","Dubai Properties","","Resale"
"12196729","2025-12-12","Mudon","Al Ranim","Al Ranim 3","","","3310000","1493","16068","2217","206","Townhouse","3","Community,Road","","","","2154","200.07","","G+1","Title Deed","","Dubai Properties","","Resale"
"10846660","2025-09-01","Mudon","Al Ranim","Al Ranim 3","","","3300000","1488","16019","2217","206","Townhouse","3","","NULL","NULL","","1808","168.01","","G+1","Active Listings","Handover Soon | 3BR +M [G+1] TH | Meraas","Dubai Properties","",""
"10697655","2025-07-11","Mudon","Al Ranim","Al Ranim 3","","","4100000","1059","11389","3870","360","Townhouse","4","","NULL","NULL","","0","0","NULL","G+1","Active Listings","Premium Corner Unit | Direct Park View | Type 4B1","Dubai Properties","",""
"10771928","2025-08-01","Mudon","Al Ranim","Al Ranim 3","","","3900000","1530","16471","2549","236.78","Townhouse","4","","NULL","NULL","","3870","359.53","NULL","G+1","Active Listings","Stunning Park View | Corner | Viewing Available","Dubai Properties","",""
"12436847","2026-01-16","Mudon","Al Ranim","Al Ranim 3","","","5250000","1763","18974","2978","276.7","Townhouse","4","Community,Landscaped Garden,Walkway","NULL","NULL","","2656","246.74","NULL","G+2","Active Listings","READY TO MOVE IN I CORNER UNIT I BRAND NEW","Dubai Properties","",""
"8869300","2025-02-16","Mudon","Al Ranim","Al Ranim 3","","","2086000","941","10126","2217","206","Townhouse","3","","","","","1834","170.42","","G+1","Oqood","","Dubai Properties","","Resale"
"12307490","2025-12-23","Mudon","Al Ranim","Al Ranim 3","","","5050000","1696","18251","2978","276.7","Townhouse","4","Community,Park","NULL","NULL","","2883","267.85","NULL","G+2","Active Listings","Direct on Park | Rare Unit | 4BR plus Maids","Dubai Properties","",""
"12187241","2025-12-11","Mudon","Al Ranim","Al Ranim 3","","","3425000","1557","16789","2200","204","Townhouse","3","","NULL","NULL","","0","0","NULL","G+1","Active Listings","Motivated Seller | Single Row | Vacant","Dubai Properties","",""
"12092089","2025-11-18","Mudon","Al Ranim","Al Ranim 3","","","3500000","1579","16990","2217","206","Townhouse","3","","NULL","NULL","","1808","168.01","","G+1","Active Listings","Green Belt I Middle Unit I Motivated Seller","Dubai Properties","",""
"11928878","2025-11-07","Mudon","Al Ranim","Al Ranim 3","","","3500000","1579","16990","2217","206","Townhouse","3","","NULL","NULL","","1831","170.15","Type 3B1","G+1","Active Listings","Handover Nov |Single Row| Genuine Listing","Dubai Properties","",""
"10202297","2025-03-11","Mudon","Al Ranim","Al Ranim 3","","","2999999","1353","14563","2218","206","Townhouse","3","","NULL","NULL","","0","0","NULL","G+1","Active Listings","Hot Deal | Full park view | Excellent Location","Dubai Properties","",""
"11791724","2026-01-03","Mudon","Al Ranim","Al Ranim 3","","","3500000","1579","16990","2217","206","Townhouse","3","","NULL","NULL","","1841","171.06","NULL","G+1","Active Listings","Spacious 3BR|Elegant Layout| Prime Location","Dubai Properties","",""
"12196586","2025-12-12","Mudon","Al Ranim","Al Ranim 3","","","4275000","1678","18055","2548","236.78","Townhouse","4","","","","","3253","302.18","Type 4B1","G+1","Title Deed","","Dubai Properties","","Resale"
"12112139","2025-11-21","Mudon","Al Ranim","Al Ranim 3","","","3350000","1511","16262","2217","206","Townhouse","3","Community,Landscaped Garden,Walkway","","","","1814","168.56","","G+1","Title Deed","","Dubai Properties","","Resale"
"10724442","2025-07-19","Mudon","Al Ranim","Al Ranim 3","","","2950000","1331","14320","2217","206","Townhouse","3","","NULL","NULL","","0","0","NULL","G+1","Active Listings","Park Facing | Bigger plot size | Single Row","Dubai Properties","",""
"10410170","2025-06-17","Mudon","Al Ranim","Al Ranim 3","","","2900000","1128","12134","2570","239","Townhouse","3","","NULL","NULL","","0","0","NULL","G+1","Active Listings","G+2 | Single Row | Handover Nov 2025","Dubai Properties","",""
"8854310","2025-02-07","Mudon","Al Ranim","Al Ranim 3","","","3300000","1295","13937","2548","236.78","Townhouse","4","","","","","3112","289.11","","G+1","Oqood","","Dubai Properties","","Resale"
"12385836","2026-01-07","Mudon","Al Ranim","Al Ranim 3","","","4500000","1765","18987","2549","237","Townhouse","4","","NULL","NULL","","0","0","NULL","G+1","Active Listings","SINGLE ROW | TYPE 4B1 | MULTIPLE OPTIONS","Dubai Properties","",""
"12306329","2025-12-23","Mudon","Al Ranim","Al Ranim 3","","","4950000","1662","17889","2978","276.7","Townhouse","4","","NULL","NULL","","2866","266.26","Type 4B2","G+2","Active Listings","Exclusive Opportunity - Cash Buyers Only","Dubai Properties","",""
"12183768","2025-12-10","Mudon","Al Ranim","Al Ranim 3","","","3350000","1511","16262","2217","206","Townhouse","3","Community,Road","NULL","NULL","","1972","183.22","Type 3B1","G+1","Active Listings","Single Row I Brand New I Close to Park","Dubai Properties","",""
"11835613","2025-11-04","Mudon","Al Ranim","Al Ranim 3","","","4000000","1569","16893","2549","236.78","Townhouse","4","","NULL","NULL","","2769","257.27","NULL","G+1","Active Listings","Well Maintained Unit | Vacant | Park Backing","Dubai Properties","",""
"10402254","2025-11-27","Mudon","Al Ranim","Al Ranim 3","","","4150000","1616","17364","2568","239","Townhouse","3","","NULL","NULL","","0","0","NULL","G+1","Active Listings","Exclusive |Newly Handover |G+2 |Cash Buyer Only","Dubai Properties","",""
"11791179","2025-11-05","Mudon","Al Ranim","Al Ranim 3","","","4300000","1688","18160","2548","236.78","Townhouse","4","","NULL","NULL","","2764","256.75","Type 4B1","G+1","Active Listings","4BR Villa | Mudon Al Ranim 3 | Handover Dec 2025","Dubai Properties","",""
"11706067","2025-11-05","Mudon","Al Ranim","Al Ranim 3","","","3490000","1574","16942","2217","206","Townhouse","3","","NULL","NULL","","1869","173.6","","G+1","Active Listings","VACANT | PARK FACING | BRAND NEW","Dubai Properties","",""
"10157343","2025-03-17","Mudon","Al Ranim","Al Ranim 3","","","3700000","1415","15226","2614","243","Townhouse","4","","NULL","NULL","","0","0","NULL","G+1","Active Listings","On the Park / Single Row / Genuine Sale","Dubai Properties","",""
"11049175","2025-12-09","Mudon","Al Ranim","Al Ranim 3","","","4800000","1612","17347","2978","276.7","Townhouse","4","","NULL","NULL","","2614","242.88","NULL","G+2","Active Listings","G+2 Triplex on Park | SMEG Appliances | Handover in 60 Days","Dubai Properties","",""
"12191089","2025-12-11","Mudon","Al Ranim","Al Ranim 3","","","3500000","1579","16990","2217","206","Townhouse","3","","","","","1808","168.01","","G+1","Title Deed","","Dubai Properties","","Resale"
"12103734","2025-11-20","Mudon","Al Ranim","Al Ranim 3","","","3680000","1434","15427","2567","238.55","Townhouse","3","","","","","1808","168.01","","G+2","Title Deed","","Dubai Properties","","Resale"
"9075528","2025-08-21","Mudon","Al Ranim","Al Ranim 3","","","2550000","1150","12379","2217","206","Townhouse","3","","","","","1831","170.11","","G+1","Oqood","","Dubai Properties","","Resale"
"9025789","2025-07-08","Mudon","Al Ranim","Al Ranim 3","","","4250000","1427","15360","2978","276.7","Townhouse","4","","","","","3367","312.77","","G+2","Oqood","","Dubai Properties","","Resale"
"12471291","2026-01-24","Mudon","Al Ranim","Al Ranim 3","","","3390000","1529","16456","2217","206","Townhouse","3","","NULL","NULL","NULL","0","0","NULL","G+1","Active Listings","On Greenbelt | Close to Pool and Park | Brand New","Dubai Properties","",""
"12432325","2026-01-15","Mudon","Al Ranim","Al Ranim 3","","","3550000","1601","17233","2217","206","Townhouse","3","Community,Landscaped Garden,Road","NULL","NULL","","1830","170.03","NULL","G+1","Active Listings","On the Park | Motivated Seller | Best Market Deal","Dubai Properties","",""
"10382089","2025-06-09","Mudon","Al Ranim","Al Ranim 3","","","3300000","1825","19643","1808","168","Townhouse","3","","NULL","NULL","","0","0","NULL","G+1","Active Listings","Direct Access to Park/Huge Layout/G+2","Dubai Properties","",""
"10319872","2025-05-16","Mudon","Al Ranim","Al Ranim 3","","","2700000","1218","13107","2217","206","Townhouse","3","","NULL","NULL","","0","0","NULL","G+1","Active Listings","Prime Location |Sign MOU Today |Flip Opportunity","Dubai Properties","",""
"12139652","2025-11-29","Mudon","Al Ranim","Al Ranim 3","","","3525000","1590","17112","2217","206","Townhouse","3","Community, Landscaped Garden","NULL","NULL","","1856","172.47","Type 3B1","G+1","Active Listings","Handover Soon | Pack Backing | Single Row","Dubai Properties","",""
"10290692","2025-05-05","Mudon","Al Ranim","Al Ranim 3","","","4500000","1471","15845","3060","284","Townhouse","4","","NULL","NULL","","0","0","NULL","G+1","Active Listings","Single Row | Payment Plan | Close to Pool and Park","Dubai Properties","",""
"12086420","2025-11-15","Mudon","Al Ranim","Al Ranim 3","","","4000000","1473","15873","2716","252","Townhouse","3","","NULL","NULL","","0","0","NULL","G+1","Active Listings","Genuine resale | G+2 | On the Park","Dubai Properties","",""
"10235570","2025-04-14","Mudon","Al Ranim","Al Ranim 3","","","2650000","1418","15230","1869","174","Townhouse","3","","NULL","NULL","","0","0","NULL","G+1","Active Listings","Modern Design | Ready soon | Single row","Dubai Properties","",""
"11920507","2025-11-05","Mudon","Al Ranim","Al Ranim 3","","","3550000","1601","17233","2217","206","Townhouse","3","Community, Landscaped Garden","NULL","NULL","","1856","172.47","Type 3B1","G+1","Active Listings","PARK VIEW | VACANT | VIEWING POSSIBLE","Dubai Properties","",""
"11834292","2025-11-05","Mudon","Al Ranim","Al Ranim 3","","","4200000","1648","17738","2549","236.78","Townhouse","4","","NULL","NULL","","2867","266.39","NULL","G+1","Active Listings","Luxury Villa | 4BR + Maid | Prime Location","Dubai Properties","",""
"11780593","2025-11-04","Mudon","Al Ranim","Al Ranim 3","","","3900000","1519","16349","2567","238.55","Townhouse","3","Community,Landscaped Garden,Distant Play Area","NULL","NULL","","1808","168.01","Type 3B2","G+2","Active Listings","BEST PRICE | G PLUS 2 | PARK VIEWS | MUDON","Dubai Properties","",""
"11703674","2025-11-04","Mudon","Al Ranim","Al Ranim 3","","","4970000","1669","17962","2978","276.7","Townhouse","4","","NULL","NULL","","2883","267.85","NULL","G+2","Active Listings","DIRECT PARK VIEW I BIG PLOT I RARE UNIT","Dubai Properties","",""
"11648435","2025-10-30","Mudon","Al Ranim","Al Ranim 3","","","4000000","1570","16893","2548","236.78","Townhouse","4","","NULL","NULL","","2635","244.82","","G+1","Active Listings","Brand New ll On Pool & Park ll Single Row ll  Motivated Seller","Dubai Properties","",""
"11048710","2025-10-30","Mudon","Al Ranim","Al Ranim 3","","","3350000","1853","19940","1808","168","Townhouse","3","","NULL","NULL","","0","0","NULL","G+1","Active Listings","Single row Park Facing | Handover Soon","Dubai Properties","",""
"11670541","2025-09-28","Mudon","Al Ranim","Al Ranim 3","","","4200000","1648","17738","2548","236.78","Townhouse","4","","NULL","NULL","","2740","254.55","","G+1","Active Listings","Prime Location | Single Row | Corner Unit","Dubai Properties","",""
"10945534","2025-10-03","Mudon","Al Ranim","Al Ranim 3","","","3000000","1353","14563","2217","206","Townhouse","3","Community,Landscaped Walkway","NULL","NULL","","1808","168","","G+1","Active Listings","3 Beds | G+1 | Ready Nov 2025 | Cash Buyer Only","Dubai Properties","",""
"10914080","2025-08-29","Mudon","Al Ranim","Al Ranim 3","","","4000000","1569","16878","2549","237","Townhouse","4","","NULL","NULL","","0","0","NULL","G+1","Active Listings","4 Beds | G+1 |  Handover Nov 2025","Dubai Properties","",""
"10812516","2025-08-08","Mudon","Al Ranim","Al Ranim 3","","","3000000","1353","14563","2217","206","Townhouse","3","Community,Landscaped Walkway","NULL","NULL","","1808","168","","G+1","Active Listings","3 Beds | G+1 | Ready Nov 2025 | Cash Buyer Only","Dubai Properties","",""
"12359885","2026-01-03","Mudon","Al Ranim","Al Ranim 3","","","3700000","1817","19577","2036","189","Townhouse","3","","NULL","NULL","","0","0","NULL","G+1","Active Listings","Ready | Direct on Park | Close to pool","Dubai Properties","",""
"10346436","2025-05-26","Mudon","Al Ranim","Al Ranim 3","","","3100000","1208","12995","2567","238.55","Townhouse","3","","NULL","NULL","","1808","168.01","Type 3B2","G+2","Active Listings","2025 | 3BR Single G plus 2 B2 | Genuine Resale","Dubai Properties","",""
"12165804","2025-12-06","Mudon","Al Ranim","Al Ranim 3","","","3700000","1817","19577","2036","189","Townhouse","3","","NULL","NULL","","0","0","NULL","G+1","Active Listings","Ready | Direct on Park | Close to pool","Dubai Properties","",""
"10319342","2025-05-16","Mudon","Al Ranim","Al Ranim 3","","","3300000","1488","16019","2217","206","Townhouse","3","","NULL","NULL","","0","0","NULL","G+1","Active Listings","3 Bedrooms | Single Row | Park Backing","Dubai Properties","",""
"10866303","2025-11-04","Mudon","Al Ranim","Al Ranim 3","","","3000000","1628","17544","1843","171","Townhouse","3","","NULL","NULL","","0","0","NULL","G+1","Active Listings","Single Row | G+1 | 40% Mortgage at Handover","Dubai Properties","",""
"12082201","2025-11-17","Mudon","Al Ranim","Al Ranim 3","","","5000000","1962","21117","2548","236.78","Townhouse","4","Community,Walkway,Landscaped Garden","NULL","NULL","","3874","359.93","Type 4B1","G+1","Active Listings","Single Row | Green Belt | Large Plot","Dubai Properties","",""
"11917914","2025-11-05","Mudon","Al Ranim","Al Ranim 3","","","3099999","1398","15049","2217","206","Townhouse","3","","NULL","NULL","","2054","190.79","NULL","G+1","Active Listings","Hot Deal I Cash Buyer I Walk In To The Park","Dubai Properties","",""
"11828478","2025-11-04","Mudon","Al Ranim","Al Ranim 3","","","3400000","1534","16505","2217","206","Townhouse","3","","NULL","NULL","","1808","168.01","NULL","G+1","Active Listings","Parking Facing | Prime Location | Spacious Layout","Dubai Properties","",""
"11671978","2025-11-18","Mudon","Al Ranim","Al Ranim 3","","","3350000","1511","16262","2217","206","Townhouse","3","Community,Landscaped Garden,Road","NULL","NULL","","1831","170.14","Type 3B1","G+1","Active Listings","Investor Deal-3BR + Maid-Single Row-Near Handover","Dubai Properties","",""
"11528524","2025-10-10","Mudon","Al Ranim","Al Ranim 3","","","4150000","1241","13344","3343","311","Townhouse","4","","NULL","NULL","","0","0","NULL","G+1","Active Listings","Spacious Plot | Prime Location Near Amenities | Mortgage Welcome","Dubai Properties","",""
"10886745","2025-08-18","Mudon","Al Ranim","Al Ranim 3","","","3050000","1376","14806","2217","206","Townhouse","3","","NULL","NULL","","0","0","NULL","G+1","Active Listings","Prime Location | Family Living | Vastu Unit","Dubai Properties","",""
"12179756","2025-12-09","Mudon","Al Ranim","Al Ranim 3","","","3800000","1480","15930","2567","238.55","Townhouse","3","","","","","1808","168.01","","G+2","Title Deed","","Dubai Properties","","Resale"
"12464238","2026-01-22","Mudon","Al Ranim","Al Ranim 3","","","3460000","1915","20595","1807","168","Townhouse","3","","NULL","NULL","","0","0","NULL","G+1","Active Listings","3bed+Maid | G+1 | Single Row | Best For Investment","Dubai Properties","",""
"8910823","2025-03-24","Mudon","Al Ranim","Al Ranim 3","","","3850000","1293","13914","2978","276.7","Townhouse","4","","","","","2614","242.88","","G+2","Oqood","","Dubai Properties","","Resale"
"10287377","2025-05-04","Mudon","Al Ranim","Al Ranim 3","","","2950000","1331","14320","2217","206","Townhouse","3","","NULL","NULL","","0","0","NULL","G+1","Active Listings","SINGLE ROW | SPACIOUS LAYOUT | READY SOON","Dubai Properties","",""
"12078612","2025-11-18","Mudon","Al Ranim","Al Ranim 3","","","3750000","1691","18204","2217","206","Townhouse","3","","NULL","NULL","","1823","169.34","NULL","G+1","Active Listings","Investor Deal | Handover Soon | Prime Location","Dubai Properties","",""
"11917750","2025-11-05","Mudon","Al Ranim","Al Ranim 3","","","3200000","1443","15534","2217","206","Townhouse","3","","NULL","NULL","","0","0","NULL","G+1","Active Listings","Opposite to Pool and Park | Prime Location","Dubai Properties","",""
"11826704","2025-11-04","Mudon","Al Ranim","Al Ranim 3","","","3200000","1443","15534","2217","206","Townhouse","3","Community,Road","NULL","NULL","","2060","191.4","Type 3B1","G+1","Active Listings","Near Entrance | Vastu | Opposite Pool and Park","Dubai Properties","",""
"11052358","2025-09-27","Mudon","Al Ranim","Al Ranim 3","","","4250000","1389","14965","3060","284","Townhouse","4","","NULL","NULL","","0","0","NULL","G+1","Active Listings","Large Plot| Great Location |Handover Soon","Dubai Properties","",""
"11783963","2025-10-14","Mudon","Al Ranim","Al Ranim 3","","","3400000","1534","16505","2217","206","Townhouse","3","Community,Landscaped Garden,Walkway","","","","1814","168.56","Type 3B1(M)","G+1","Pending Sales (SPA/MOU)","","Dubai Properties","",""
"12367550","2026-01-06","Mudon","Al Ranim","Al Ranim 3","","","5200000","1746","18793","2978","276.7","Townhouse","4","","","","","4569","424.47","Type 4B2","G+2","Title Deed","","Dubai Properties","","Resale"
"12174880","2025-12-08","Mudon","Al Ranim","Al Ranim 3","","","3475000","1567","16869","2217","206","Townhouse","3","","","","","1809","168.02","","G+1","Title Deed","","Dubai Properties","","Resale"
"11944603","2025-11-13","Mudon","Al Ranim","Al Ranim 3","","","4100000","1617","17405","2536","235.56","Townhouse","4","","","","","3269","303.68","","G+1","Title Deed","","Dubai Properties","","Resale"
"10748252","2025-07-25","Mudon","Al Ranim","Al Ranim 3","","","3000000","1323","14218","2267","211","Townhouse","3","","NULL","NULL","","0","0","NULL","G+1","Active Listings","Prime Location/ Typen 3B1(M)/ Multiple Options","Dubai Properties","",""
"9014370","2025-06-25","Mudon","Al Ranim","Al Ranim 3","","","2800000","1263","13592","2217","206","Townhouse","3","Community,Park","","","","1809","168.05","Type 3B1","G+1","Oqood","","Dubai Properties","","Resale"
"12411015","2026-01-13","Mudon","Al Ranim","Al Ranim 3","","","4399999","1726","18583","2549","236.78","Townhouse","4","Community,Road","NULL","NULL","","3060","284.24","NULL","G+1","Active Listings","Single Row | Large Plot | Close to Park","Dubai Properties","",""
"10923104","2025-11-04","Mudon","Al Ranim","Al Ranim 3","","","4000000","1342","14440","2981","277","Townhouse","4","","NULL","NULL","","0","0","NULL","G+1","Active Listings","Spacious 4 Bed + Maid’s | Brand New | Al Ranim 3","Dubai Properties","",""
"10317819","2025-05-16","Mudon","Al Ranim","Al Ranim 3","","","3200000","1443","15534","2217","206","Townhouse","3","","NULL","NULL","","1808","168","","G+1","Active Listings","Single Row / On the Green patch / Genuine Seller","Dubai Properties","",""
"12125738","2025-11-27","Mudon","Al Ranim","Al Ranim 3","","","4800000","1883","20272","2549","236.78","Townhouse","4","","NULL","NULL","","3257","302.59","NULL","G+1","Active Listings","Big Plot I Ready To Move In I Prime Location","Dubai Properties","",""
"10283091","2025-05-02","Mudon","Al Ranim","Al Ranim 3","","","4500000","1765","19005","2549","236.78","Townhouse","4","","NULL","NULL","","3060","284.24","NULL","G+1","Active Listings","Single Row | Payment Plan | Close to Pool and Park","Dubai Properties","",""
"12073778","2025-11-18","Mudon","Al Ranim","Al Ranim 3","","","3500000","1579","16990","2217","206","Townhouse","3","","NULL","NULL","","1831","170.15","Type 3B1","G+1","Active Listings","Prime Location | Close to Amenities | Brand New","Dubai Properties","",""
"11917389","2025-11-05","Mudon","Al Ranim","Al Ranim 3","","","4100000","1608","17300","2549","237","Townhouse","4","","NULL","NULL","","0","0","NULL","G+1","Active Listings","Stunning Park View | Corner | Viewing Available","Dubai Properties","",""
"11812333","2025-12-11","Mudon","Al Ranim","Al Ranim 3","","","4500000","1765","19005","2549","236.78","Townhouse","4","","NULL","NULL","","2661","247.18","NULL","G+1","Active Listings","Corner 4BR Townhouse | Park View | Al Ranim 3","Dubai Properties","",""
"10195079","2025-03-14","Mudon","Al Ranim","Al Ranim 3","","","3200000","1770","19048","1808","168","Townhouse","3","","NULL","NULL","","0","0","NULL","G+1","Active Listings","Enchanting; Exquisite 3BR Villa for Sale","Dubai Properties","",""
"11766143","2025-11-05","Mudon","Al Ranim","Al Ranim 3","","","3400000","1534","16505","2217","206","Townhouse","3","","NULL","NULL","","1808","168.01","Type 3B1","G+1","Active Listings","ON THE PARK | HANDOVER SOON | MULTIPLE OPTIONS","Dubai Properties","",""
"11663209","2025-10-13","Mudon","Al Ranim","Al Ranim 3","","","3550000","1956","21006","1815","169","Townhouse","3","","NULL","NULL","","0","0","NULL","G+1","Active Listings","OPEN HOUSE THIS SATURDAY|FROM 10AM TO 2PM","Dubai Properties","",""
"11769636","2025-10-10","Mudon","Al Ranim","Al Ranim 3","","","3900000","1519","16349","2567","238.55","Townhouse","3","Community,Landscaped Garden,Walkway,Kid's play area","","","","1808","168","Type 3B2","G+2","Pending Sales (SPA/MOU)","","Dubai Properties","",""
"10904188","2025-10-21","Mudon","Al Ranim","Al Ranim 3","","","3500000","1829","19663","1914","178","Townhouse","3","","NULL","NULL","","0","0","NULL","G+1","Active Listings","Spacious 3BR|Elegant Layout| Prime Location","Dubai Properties","",""
"12346282","2026-01-02","Mudon","Al Ranim","Al Ranim 3","","","3990000","1554","16726","2567","238.55","Townhouse","3","Community,Landscaped Garden,Distant Play Area","","","","1808","168.01","Type 3B2","G+2","Title Deed","","Dubai Properties","","Resale"
"10883842","2025-09-10","Mudon","Al Ranim","Al Ranim 3","","","3800000","1325","14286","2867","266","Townhouse","4","","NULL","NULL","","0","0","NULL","G+1","Active Listings","4 Bedroom + Maids | Single Row | Type G+1","Dubai Properties","",""
"10828417","2025-10-07","Mudon","Al Ranim","Al Ranim 3","","","2850000","1525","16379","1869","174","Townhouse","3","","NULL","NULL","","0","0","","G+1","Active Listings","Modern Design | Ready soon | Single row","Dubai Properties","",""
"11750883","2025-10-14","Mudon","Al Ranim","Al Ranim 3","","","3200000","1443","15534","2217","206","Townhouse","3","","","","","1808","168","","G+1","Title Deed","","Dubai Properties","","Resale"
"12459550","2026-01-21","Mudon","Al Ranim","Al Ranim 3","","","3450000","1556","16748","2217","206","Townhouse","3","","NULL","NULL","","1872","173.95","NULL","G+1","Active Listings","Single Row | Brand New | Prime Location","Dubai Properties","",""
"12204920","2025-12-16","Mudon","Al Ranim","Al Ranim 3","","","3450000","1556","16748","2217","206","Townhouse","3","","NULL","NULL","","1808","168","NULL","G+1","Active Listings","3 Bed+Maid | Vacant Unit | G+1 | Prime Location","Dubai Properties","",""
"10225397","2025-04-09","Mudon","Al Ranim","Al Ranim 3","","","3800000","1491","16049","2548","236.78","Townhouse","4","","NULL","NULL","","2740","254.55","","G+1","Active Listings","Prime Location | Single Row | Corner Unit","Dubai Properties","",""
"11808723","2025-11-04","Mudon","Al Ranim","Al Ranim 3","","","3325000","1500","16141","2217","206","Townhouse","3","","NULL","NULL","","1808","168","NULL","G+1","Active Listings","Motivated Seller | Mortgage Buyer is Welcome","Dubai Properties","",""
"11658117","2025-10-23","Mudon","Al Ranim","Al Ranim 3","","","3200000","1443","15534","2217","206","Townhouse","3","Community,Road","NULL","NULL","","2060","191.4","Type 3B1","G+1","Active Listings","Opposite Pool and Park | Near Entrance | Vastu","Dubai Properties","",""
"11687888","2025-10-06","Mudon","Al Ranim","Al Ranim 3","","","3200000","1443","15534","2217","206","Townhouse","3","","NULL","NULL","","0","0","NULL","G+1","Active Listings","Opposite to Pool and Park | Prime Location","Dubai Properties","",""
"11001114","2025-10-03","Mudon","Al Ranim","Al Ranim 3","","","3199999","1443","15534","2217","206","Townhouse","3","","NULL","NULL","","0","0","NULL","G+1","Active Listings","Serene Location | On the Park | Vastu Unit","Dubai Properties","",""
"10978033","2025-10-06","Mudon","Al Ranim","Al Ranim 3","","","3700000","2046","22024","1808","168","Townhouse","3","","NULL","NULL","","0","0","NULL","G+1","Active Listings","Single Row | G + 2 | Park Facing | Modern Elegance","Dubai Properties","",""
"12510029","2026-02-02","Mudon","Al Ranim","Al Ranim 3","","","3700000","1669","17961","2217","206","Townhouse","3","","","","","1810","168.2","Type 3B1","G+1","Title Deed","","Dubai Properties","","Resale"
"12343601","2025-12-29","Mudon","Al Ranim","Al Ranim 3","","","3375000","1522","16383","2217","206","Townhouse","3","Community,Road,Landscaped Garden","","","","2131","197.99","Type 3B1","G+1","Title Deed","","Dubai Properties","","Resale"
"12153995","2025-12-03","Mudon","Al Ranim","Al Ranim 3","","","4150000","1629","17527","2548","236.78","Townhouse","4","","","","","2986","277.43","","G+1","Title Deed","","Dubai Properties","","Resale"
"10741510","2025-07-24","Mudon","Al Ranim","Al Ranim 3","","","3200000","1770","19048","1808","168","Townhouse","3","","NULL","NULL","","0","0","NULL","G+1","Active Listings","2025 | 3BR Single G plus 2 B2 | Genuine Resale","Dubai Properties","",""
"9007332","2025-06-19","Mudon","Al Ranim","Al Ranim 3","","","3520000","1381","14866","2548","236.78","Townhouse","4","","","","","2656","246.71","","G+1","Oqood","","Dubai Properties","","Resale"
"12340885","2025-12-29","Mudon","Al Ranim","Al Ranim 3","","","3435000","1549","16675","2217","206","Townhouse","3","","NULL","NULL","","1843","171.26","NULL","G+1","Active Listings","Walk To Park| Motivated Seller| Vastu Unit","Dubai Properties","",""
"10278743","2025-04-30","Mudon","Al Ranim","Al Ranim 3","","","3300000","1488","16019","2217","206","Townhouse","3","Community,Park","NULL","NULL","","1808","168.01","","G+1","Active Listings","3 Bedrooms | Single Row | Park Backing","Dubai Properties","",""
"11758580","2025-10-29","Mudon","Al Ranim","Al Ranim 3","","","3800000","1480","15900","2568","239","Townhouse","3","","NULL","NULL","","0","0","NULL","G+1","Active Listings","On the Park | G+2 | 3 Bedroom + Maid | Brand New","Dubai Properties","",""
"11694818","2025-11-05","Mudon","Al Ranim","Al Ranim 3","","","3449999","1556","16748","2217","206","Townhouse","3","","NULL","NULL","","1808","168.01","","G+1","Active Listings","Prime Location | Family Living | Vastu Unit","Dubai Properties","",""
"11661367","2025-12-26","Mudon","Al Ranim","Al Ranim 3","","","3300000","1488","16019","2217","206","Townhouse","3","Community,Landscaped Garden,Sports court","NULL","NULL","","1823","169.34","NULL","G+1","Active Listings","Great Location | Big Lay out | Near Pool And Park","Dubai Properties","",""
"11687430","2025-10-07","Mudon","Al Ranim","Al Ranim 3","","","3099999","1398","15049","2217","206","Townhouse","3","","NULL","NULL","","2054","190.79","NULL","G+1","Active Listings","Hot Deal I Handover Soon I Motivated Seller","Dubai Properties","",""
"10929248","2025-09-01","Mudon","Al Ranim","Al Ranim 3","","","3900000","1530","16456","2549","237","Townhouse","4","","NULL","NULL","","0","0","NULL","G+1","Active Listings","Stunning Park View | Corner | Viewing Available","Dubai Properties","",""
"10895085","2025-09-17","Mudon","Al Ranim","Al Ranim 3","","","4000000","1570","16893","2548","236.78","Townhouse","4","","NULL","NULL","","2740","254.55","","G+1","Active Listings","Prime Location | Single Row | Corner Unit","Dubai Properties","",""
"12303136","2025-12-23","Mudon","Al Ranim","Al Ranim 3","","","4550000","1528","16444","2978","276.7","Townhouse","4","Community,Landscaped Garden","","","","2599","241.41","Type 4B2","G+2","Title Deed","","Dubai Properties","","Resale"
"12142099","2025-11-28","Mudon","Al Ranim","Al Ranim 3","","","4800000","1884","20272","2548","236.78","Townhouse","4","Community,Back to Side,Partial Park","","","","3971","368.93","","G+1","Title Deed","","Dubai Properties","","Resale"
"10854977","2025-10-02","Mudon","Al Ranim","Al Ranim 3","","","3250000","1775","19118","1831","170","Townhouse","3","","NULL","NULL","","0","0","NULL","G+1","Active Listings","Single Row | On the Green Patch | Genuine Seller","Dubai Properties","",""
"11922220","2025-11-06","Mudon","Al Ranim","Al Ranim 3","","","3300000","1488","16019","2217","206","Townhouse","3","Community,Landscaped Garden","","","","1808","168","","G+1","Title Deed","","Dubai Properties","","Resale"
"12505370","2026-01-31","Mudon","Al Ranim","Al Ranim 3","","","3200000","1770","19048","1808","168","Townhouse","3","","NULL","NULL","NULL","0","0","NULL","G+1","Active Listings","Best Deal | Spacious Villa | Best Amenities","Dubai Properties","",""
"12456267","2026-01-22","Mudon","Al Ranim","Al Ranim 3","","","5199999","2040","21961","2549","236.78","Townhouse","4","","NULL","NULL","","5764","535.47","NULL","G+1","Active Listings","Close to Park | Huge Plot for Pool | G+1 | Ready","Dubai Properties","",""
"10415311","2025-06-18","Mudon","Al Ranim","Al Ranim 3","","","2850000","1576","16964","1808","168","Townhouse","3","","NULL","NULL","","0","0","NULL","G+1","Active Listings","Prime Location | Spacious Layout | Ready Soon","Dubai Properties","",""
"12400950","2026-01-10","Mudon","Al Ranim","Al Ranim 3","","","3699999","1669","17961","2217","206","Townhouse","3","Community,Landscaped Garden,Sports court","NULL","NULL","","1823","169.34","NULL","G+1","Active Listings","Single Row | Best Location | Exclusive","Dubai Properties","",""
"12340296","2025-12-29","Mudon","Al Ranim","Al Ranim 3","","","4800000","1883","20272","2549","236.78","Townhouse","4","Community,Road,Landscaped Garden","NULL","NULL","","3257","302.59","NULL","G+1","Active Listings","Big Plot I Ready To Move In I Prime Location","Dubai Properties","",""
"12110788","2025-11-22","Mudon","Al Ranim","Al Ranim 3","","","3700000","1669","17961","2217","206","Townhouse","3","","NULL","NULL","","0","0","NULL","G+1","Active Listings","Single row | Perfect location | Handed over","Dubai Properties","",""
"10222268","2025-04-07","Mudon","Al Ranim","Al Ranim 3","","","3000000","1353","14563","2217","206","Townhouse","3","","NULL","NULL","","1808","168","NULL","G+1","Active Listings","Mudon Al Ranim 3Beds | Multiple Deals Available","Dubai Properties","",""
"11912731","2025-11-04","Mudon","Al Ranim","Al Ranim 3","","","3550000","1609","17317","2207","205","Townhouse","3","","NULL","NULL","","0","0","NULL","G+1","Active Listings","Park View | Single Row | Brand New","Dubai Properties","",""
"11804711","2025-11-04","Mudon","Al Ranim","Al Ranim 3","","","3500000","1579","16990","2217","206","Townhouse","3","","NULL","NULL","","1808","168","NULL","G+1","Active Listings","Elegant 3Bed + Maid Villa | Prime Location | For Sale","Dubai Properties","",""
"10137088","2025-10-29","Mudon","Al Ranim","Al Ranim 3","","","4300000","1553","16732","2769","257","Townhouse","4","","NULL","NULL","","0","0","NULL","G+1","Active Listings","Genuine Resale |  4 Bed+Maid |  Spacious End Unit","Dubai Properties","",""
"10162878","2025-03-26","Mudon","Al Ranim","Al Ranim 3","","","3100000","1208","12995","2567","238.55","Townhouse","3","","NULL","NULL","","1808","168.01","Type 3B2","G+2","Active Listings","2025 | 3BR Single G plus 2 B2 | Genuine Resale","Dubai Properties","",""
"11530594","2025-11-05","Mudon","Al Ranim","Al Ranim 3","","","4100000","1609","17316","2548","236.78","Townhouse","4","","NULL","NULL","","3269","303.68","","G+1","Active Listings","BRAND NEW| PRIME LOCATION| MOTIVATED SELLER","Dubai Properties","",""
"11648514","2025-10-13","Mudon","Al Ranim","Al Ranim 3","","","3300000","1488","16019","2217","206","Townhouse","3","Community,Road","NULL","NULL","","2060","191.4","Type 3B1","G+1","Active Listings","BIG PLOT | ON PARK | EXTRA ROOM | GENUINE RESALE","Dubai Properties","",""
"10929216","2025-08-20","Mudon","Al Ranim","Al Ranim 3","","","4000000","1569","16878","2549","237","Townhouse","4","","NULL","NULL","","0","0","NULL","G+1","Active Listings","Massive plot | Single Row | Viewing Available","Dubai Properties","",""
"12465517","2026-01-23","Mudon","Al Ranim","Al Ranim 3","","","3560000","1606","17282","2217","206","Townhouse","3","Community,Landscaped Garden,Sports Area","","","","1808","168","Type 3B1","G+1","Title Deed","","Dubai Properties","","Resale"
"10822096","2025-10-23","Mudon","Al Ranim","Al Ranim 3","","","4350000","1509","16231","2883","268","Townhouse","4","","NULL","NULL","","0","0","NULL","G+1","Active Listings","Genuine Resale | Single Row | Park View","Dubai Properties","",""
"10705944","2025-07-14","Mudon","Al Ranim","Al Ranim 3","","","4000000","1569","16893","2549","236.78","Townhouse","4","","NULL","NULL","","2769","257.27","NULL","G+1","Active Listings","Motivated Seller | Prime Location | Handover Soon","Dubai Properties","",""
"10781307","2025-08-04","Mudon","Al Ranim","Al Ranim 3","","","3200000","1770","19048","1808","168","Townhouse","3","","NULL","NULL","","0","0","NULL","G+1","Active Listings","Prime Location | Handover Soon | Modern Layout 3BR","Dubai Properties","",""
"12490089","2026-01-28","Mudon","Al Ranim","Al Ranim 3","","","4699999","1844","19850","2549","236.78","Townhouse","4","","NULL","NULL","NULL","2866","266.26","NULL","G+1","Active Listings","On Park | Vastu | Brand New | Mortgageable","Dubai Properties","",""
"10646067","2025-06-24","Mudon","Al Ranim","Al Ranim 3","","","3800000","1491","16034","2549","237","Townhouse","4","","NULL","NULL","","0","0","NULL","G+1","Active Listings","Mudon - 4 Bedroom + Maids | Single Row | Type G+1","Dubai Properties","",""
"12393223","2026-01-08","Mudon","Al Ranim","Al Ranim 3","","","3550000","1601","17233","2217","206","Townhouse","3","","NULL","NULL","","0","0","NULL","G+1","Active Listings","Brand New, Spacious, Gated Community and vacant","Dubai Properties","",""
"10915238","2025-08-25","Mudon","Al Ranim","Al Ranim 3","","","3099999","1398","15049","2217","206","Townhouse","3","","NULL","NULL","","2054","190.79","NULL","G+1","Active Listings","Multiple Option I Handover Soon I Motivated Seller","Dubai Properties","",""
"10327371","2025-05-19","Mudon","Al Ranim","Al Ranim 3","","","3200000","1443","15534","2217","206","Townhouse","3","Community,Park","NULL","NULL","","1808","168.01","","G+1","Active Listings","Park View | 3 Bed Townhouse | Handover Q4 2025","Dubai Properties","",""
"12150436","2025-12-02","Mudon","Al Ranim","Al Ranim 3","","","3575000","1613","17354","2217","206","Townhouse","3","","NULL","NULL","","1810","168.11","Type 3B1","G+1","Active Listings","Park facing | 3 Bed | Brand New","Dubai Properties","",""
"12101408","2025-12-29","Mudon","Al Ranim","Al Ranim 3","","","3300000","1488","16019","2217","206","Townhouse","3","Community","NULL","NULL","","1808","168","","G+1","Active Listings","Single Row | Handover Soon | Primary Location","Dubai Properties","",""
"11644516","2025-09-26","Mudon","Al Ranim","Al Ranim 3","","","4200000","1648","17738","2548","236.78","Townhouse","4","","NULL","NULL","","2740","254.55","","G+1","Active Listings","Prime Location | Single Row | Corner Unit","Dubai Properties","",""
"11012266","2025-11-04","Mudon","Al Ranim","Al Ranim 3","","","4100000","1609","17300","2548","237","Townhouse","4","","NULL","NULL","","0","0","NULL","G+1","Active Listings","Where Comfort Meets Convenience | 4-Bedroom Villa in Mudon","Dubai Properties","",""
"11019278","2025-09-30","Mudon","Al Ranim","Al Ranim 3","","","3200000","1748","18824","1831","170","Townhouse","3","","NULL","NULL","","0","0","NULL","G+1","Active Listings","Opposite to PARK | Single Row | Brand New","Dubai Properties","",""
"10997470","2025-08-28","Mudon","Al Ranim","Al Ranim 3","","","3050000","1376","14806","2217","206","Townhouse","3","","NULL","NULL","","0","0","NULL","G+1","Active Listings","Prime Location | Family Living | Vastu Unit","Dubai Properties","",""
"10970753","2025-10-26","Mudon","Al Ranim","Al Ranim 3","","","3599999","1991","21429","1808","168","Apartment","3","","NULL","NULL","","0","0","NULL","","Active Listings","Mudon Al Ranim 3BR | G+2 | Prime Location","Dubai Properties","",""
"12455903","2026-01-22","Mudon","Al Ranim","Al Ranim 3","","","3580000","1615","17379","2217","206","Townhouse","3","Community,Park","","","","1808","168.05","Type 3B1","G+1","Title Deed","","Dubai Properties","","Resale"
"12237694","2025-12-19","Mudon","Al Ranim","Al Ranim 3","","","3650000","1646","17718","2217","206","Townhouse","3","","","","","1808","168","","G+1","Title Deed","","Dubai Properties","","Resale"
"10850266","2025-08-28","Mudon","Al Ranim","Al Ranim 3","","","3800000","1491","16034","2549","237","Townhouse","4","","NULL","NULL","","0","0","NULL","G+1","Active Listings","Family Haven | On the Park | Single row | 4B G+1","Dubai Properties","",""
"9050608","2025-08-01","Mudon","Al Ranim","Al Ranim 3","","","2850000","1286","13835","2217","206","Townhouse","3","Community,Park","","","","1808","168.01","","G+1","Oqood","","Dubai Properties","","Resale"
"10644869","2025-06-23","Mudon","Al Ranim","Al Ranim 3","","","3000000","1353","14563","2217","206","Townhouse","3","","NULL","NULL","","1843","171.26","NULL","G+1","Active Listings","Single Row | G+1 | 40% Mortgage at Handover","Dubai Properties","",""
"12449884","2026-01-20","Mudon","Al Ranim","Al Ranim 3","","","3700000","1669","17961","2217","206","Townhouse","3","","NULL","NULL","","1851","171.95","NULL","G+1","Active Listings","Direct Park Access | Brand New | Vacant","Dubai Properties","",""
"8885972","2025-02-27","Mudon","Al Ranim","Al Ranim 3","","","3150000","1227","13205","2567","238.55","Townhouse","3","","","","","1808","168","","G+2","Oqood","","Dubai Properties","","Resale"
"12392031","2026-01-08","Mudon","Al Ranim","Al Ranim 3","","","3800000","1714","18447","2217","206","Townhouse","3","Community","NULL","NULL","","1808","168","NULL","G+1","Active Listings","3 bed G+1 | Park Backing | Amazing Location","Dubai Properties","",""
"12193558","2025-12-12","Mudon","Al Ranim","Al Ranim 3","","","3500000","1579","16990","2217","206","Townhouse","3","","NULL","NULL","","1831","170.15","Type 3B1","G+1","Active Listings","Mortgageable | Park Facing | 3B1 | Genuine Listing","Dubai Properties","",""
"12147312","2025-11-30","Mudon","Al Ranim","Al Ranim 3","","","4980000","1954","21032","2549","236.78","Townhouse","4","","NULL","NULL","","3096","287.62","NULL","G+1","Active Listings","Bright & Spacious 4br In Ranim 1 | Great Investmen","Dubai Properties","",""
"10243369","2025-04-17","Mudon","Al Ranim","Al Ranim 3","","","3300000","1286","13834","2567","238.55","Townhouse","3","","NULL","NULL","","1809","168.07","","G+2","Active Listings","G+ 2 Townhouse | Pocket Park View – SINGLE ROW","Dubai Properties","",""
"11800712","2025-11-04","Mudon","Al Ranim","Al Ranim 3","","","3400000","1534","16505","2217","206","Townhouse","3","Community,Road","NULL","NULL","","2154","200.07","","G+1","Active Listings","Brand New | Single Row | Multiple Options","Dubai Properties","",""
"11643682","2025-09-24","Mudon","Al Ranim","Al Ranim 3","","","3500000","1579","16990","2217","206","Townhouse","3","","NULL","NULL","","1808","168.01","","G+1","Active Listings","Prime Location |Brand New  | Modern Layout 3BR","Dubai Properties","",""
"10994781","2025-09-29","Mudon","Al Ranim","Al Ranim 3","","","3700000","1441","15510","2567","238.55","Townhouse","3","","NULL","NULL","","1808","168.01","","G+2","Active Listings","Park Backing | G +2 | Best Location | Payment Plan","Dubai Properties","",""
"10923359","2025-10-13","Mudon","Al Ranim","Al Ranim 3","","","3150000","1421","15291","2217","206","Townhouse","3","Community,Road","NULL","NULL","","1980","183.98","Type 3B1","G+1","Active Listings","Genuine Resale | Prime Location | Best Deal","Dubai Properties","",""
"12448892","2026-01-20","Mudon","Al Ranim","Al Ranim 3","","","3510000","1583","17039","2217","206","Townhouse","3","Community, Landscaped Garden","","","","1856","172.47","Type 3B1","G+1","Title Deed","","Dubai Properties","","Resale"
"10891600","2025-09-12","Mudon","Al Ranim","Al Ranim 3","","","4000000","1569","16893","2549","236.78","Townhouse","4","","NULL","NULL","","2769","257.27","NULL","G+1","Active Listings","Well Maintained Unit | Vacant | Handover Soon","Dubai Properties","",""
"12211821","2025-12-16","Mudon","Al Ranim","Al Ranim 3","","","2408694","1086","11693","2217","206","Townhouse","3","","","","","1808","168","","G+1","Title Deed","","Dubai Properties","","Resale"
"12129057","2025-11-26","Mudon","Al Ranim","Al Ranim 3","","","4800000","1612","17347","2978","276.7","Townhouse","4","","","","","2768","257.16","","G+2","Title Deed","","Dubai Properties","","Resale"
"10702122","2025-07-13","Mudon","Al Ranim","Al Ranim 3","","","4250000","1262","13578","3367","313","Townhouse","4","","NULL","NULL","","0","0","NULL","G+1","Active Listings","Single Row I Corner Unit I G Plus 2 I Call Now","Dubai Properties","",""
"9044089","2025-07-27","Mudon","Al Ranim","Al Ranim 3","","","3900000","1310","14095","2978","276.7","Townhouse","4","","","","","2768","257.13","","G+2","Oqood","","Dubai Properties","","Resale"
"10777827","2025-08-03","Mudon","Al Ranim","Al Ranim 3","","","3000000","1348","14493","2225","207","Apartment","3","","NULL","NULL","","0","0","NULL","","Active Listings","MULTIPLE OPTION | VASTU UNIT |  ON THE PARK","Dubai Properties","",""
"10669007","2025-12-29","Mudon","Al Ranim","Al Ranim 3","","","4700000","1844","19850","2549","236.78","Townhouse","4","Community,Landscaped Garden,Distant Play Area","NULL","NULL","","2599","241.44","NULL","G+1","Active Listings","Mudon Al Ranim3 |Elegant |Good View","Dubai Properties","",""
"12483621","2026-01-27","Mudon","Al Ranim","Al Ranim 3","","","3800000","1714","18447","2217","206","Townhouse","3","","NULL","NULL","NULL","1808","168.01","NULL","G+1","Active Listings","At The Park | Prime Location | Spacious Layout","Dubai Properties","",""
"12439090","2026-01-16","Mudon","Al Ranim","Al Ranim 3","","","3499000","1578","16985","2217","206","Townhouse","3","","NULL","NULL","","1808","168.01","NULL","G+1","Active Listings","Brand New | Ready to move in | Next to pool","Dubai Properties","",""
"10388402","2025-06-10","Mudon","Al Ranim","Al Ranim 3","","","3200000","1443","15534","2217","206","Townhouse","3","Community,Park","NULL","NULL","","1808","168.01","","G+1","Active Listings","Luxury Living | Premium Amenities | Prime Location","Dubai Properties","",""
"12319910","2025-12-26","Mudon","Al Ranim","Al Ranim 3","","","3700000","1669","17961","2217","206","Townhouse","3","Community,Landscaped Garden,Sports Area","NULL","NULL","","1808","168","Type 3B1","G+1","Active Listings","Facing Park I Single Row I Prime Location","Dubai Properties","",""
"10354182","2025-05-28","Mudon","Al Ranim","Al Ranim 3","","","3050000","1376","14806","2217","206","Townhouse","3","","NULL","NULL","","0","0","NULL","G+1","Active Listings","Modern Design | Ready soon | Single row","Dubai Properties","",""
"12092937","2025-11-18","Mudon","Al Ranim","Al Ranim 3","","","4880000","1915","20610","2548","236.78","Townhouse","4","","NULL","NULL","","2635","244.82","","G+1","Active Listings","Motivates Seller | Brand New | Prime Location","Dubai Properties","",""
"11931762","2025-11-07","Mudon","Al Ranim","Al Ranim 3","","","3700000","1817","19577","2036","189","Townhouse","3","","NULL","NULL","","0","0","NULL","G+1","Active Listings","Ready | Direct on Park | Close to pool","Dubai Properties","",""
"10215754","2025-04-04","Mudon","Al Ranim","Al Ranim 3","","","3450000","1353","14557","2549","237","Townhouse","4","","NULL","NULL","","0","0","NULL","G+1","Active Listings","Direct Park Access | Best Location | High-End Unit","Dubai Properties","",""
"11895688","2025-11-04","Mudon","Al Ranim","Al Ranim 3","","","3700000","1669","17961","2217","206","Townhouse","3","","NULL","NULL","","0","0","NULL","G+1","Active Listings","Brand New | Vacant | Backing Central Park","Dubai Properties","",""
"11793990","2025-11-04","Mudon","Al Ranim","Al Ranim 3","","","3700000","1669","17961","2217","206","Townhouse","3","Community,Road,Landscaped Garden","NULL","NULL","","2131","197.99","Type 3B1","G+1","Active Listings","Brand New | Single Row | Handover Soon","Dubai Properties","",""
"10317353","2025-05-16","Mudon","Al Ranim","Al Ranim 3","","","4200000","1648","17738","2548","236.78","Townhouse","4","Community,Back to Side,Partial Park","NULL","NULL","","3971","368.93","","G+1","Active Listings","Single Row/ On the Park / Huge Plot","Dubai Properties","",""
"12512471","2026-01-27","Mudon","Al Ranim","Al Ranim 3","","","4100000","1608","17316","2549","236.78","Townhouse","4","Community,Internal Road","","","","2768","257.15","Type 4B1","G+1","Pending Sales (SPA/MOU)","","Dubai Properties","",""
"12435272","2026-01-15","Mudon","Al Ranim","Al Ranim 3","","","4995000","1677","18052","2978","276.7","Townhouse","4","","","","","3604","334.8","Type 4B2","G+2","Title Deed","","Dubai Properties","","Resale"
"12196681","2025-12-12","Mudon","Al Ranim","Al Ranim 3","","","3400000","1534","16505","2217","206","Townhouse","3","","","","","1808","168.01","","G+1","Title Deed","","Dubai Properties","","Resale"
"12123078","2025-11-25","Mudon","Al Ranim","Al Ranim 3","","","4000000","1570","16893","2548","236.78","Townhouse","4","","","","","2740","254.55","","G+1","Title Deed","","Dubai Properties","","Resale"
"10845600","2025-08-12","Mudon","Al Ranim","Al Ranim 3","","","3100000","1405","15122","2207","205","Townhouse","3","","NULL","NULL","","0","0","NULL","G+1","Active Listings","Park Facing | Bigger plot size | Single Row","Dubai Properties","",""
"12481822","2026-01-27","Mudon","Al Ranim","Al Ranim 3","","","4675000","1834","19744","2549","236.78","Townhouse","4","","NULL","NULL","NULL","2630","244.33","NULL","G+1","Active Listings","Single Row | Park Backing | Motivated Seller","Dubai Properties","",""
"10641502","2025-06-22","Mudon","Al Ranim","Al Ranim 3","","","4250000","1263","13578","3366","313","Townhouse","4","","NULL","NULL","","0","0","NULL","G+1","Active Listings","Rare Series | Corner Plot On Park | Spacious G+2 Villa","Dubai Properties","",""
"12436565","2026-01-16","Mudon","Al Ranim","Al Ranim 3","","","4750000","1864","20061","2548","236.78","Townhouse","4","Community,Walkway,Landscaped Garden","NULL","NULL","","3874","359.93","Type 4B1","G+1","Active Listings","Exclusive | Green Belt | Large Plot |","Dubai Properties","",""
"10411400","2025-06-17","Mudon","Al Ranim","Al Ranim 3","","","3200000","1443","15534","2217","206","Townhouse","3","Community,Park","NULL","NULL","","1808","168.01","","G+1","Active Listings","Park View | 3 Bed Townhouse | Handover Q4 2025","Dubai Properties","",""
"12386104","2026-01-07","Mudon","Al Ranim","Al Ranim 3","","","4500000","1765","18987","2549","237","Townhouse","4","","NULL","NULL","","0","0","NULL","G+1","Active Listings","On Greenbelt | Park View | Genuine Resale","Dubai Properties","",""
"12306542","2025-12-23","Mudon","Al Ranim","Al Ranim 3","","","4880000","1914","20610","2549","236.78","Townhouse","4","","NULL","NULL","","2635","244.82","NULL","G+1","Active Listings","Motivated Seller | Brand New | Prime Location","Dubai Properties","",""
"12186559","2025-12-11","Mudon","Al Ranim","Al Ranim 3","","","3400000","1534","16505","2217","206","Townhouse","3","","NULL","NULL","","1830","170.03","NULL","G+1","Active Listings","Facing Park | Bright Unit | Multiple Options","Dubai Properties","",""
"10321770","2025-05-17","Mudon","Al Ranim","Al Ranim 3","","","2900000","1308","14078","2217","206","Townhouse","3","","NULL","NULL","","0","0","NULL","G+1","Active Listings","SINGLE ROW | SPACIOUS LAYOUT | READY SOON","Dubai Properties","",""
"12142789","2025-11-29","Mudon","Al Ranim","Al Ranim 3","","","3599999","1624","17476","2217","206","Townhouse","3","","NULL","NULL","","0","0","NULL","G+1","Active Listings","Parkside Harmony | Handover & Mortgage Ready","Dubai Properties","",""
"10297789","2025-05-08","Mudon","Al Ranim","Al Ranim 3","","","2900000","1308","14078","2217","206","Townhouse","3","","NULL","NULL","","0","0","NULL","G+1","Active Listings","3BR Plus Maid | Handover 2025 | Backing Green Belt","Dubai Properties","",""
"11926294","2025-11-06","Mudon","Al Ranim","Al Ranim 3","","","4550000","1785","19216","2549","236.78","Townhouse","4","","NULL","NULL","","2643","245.54","NULL","G+1","Active Listings","Main Park | Close to Pool | 4 BR G+1","Dubai Properties","",""
"11791584","2025-11-04","Mudon","Al Ranim","Al Ranim 3","","","3600000","1402","15091","2567","238.55","Townhouse","3","Community,Landscaped walkway,Back to Back","NULL","NULL","","1809","168.04","","G+2","Active Listings","Elegant 3 bedrooms Villa | Handover soon | Vacant","Dubai Properties","",""
"11705272","2025-10-22","Mudon","Al Ranim","Al Ranim 3","","","4200000","1648","17738","2548","236.78","Townhouse","4","","NULL","NULL","","2986","277.43","","G+1","Active Listings","Single Row I Brand New I Walk In to the Park","Dubai Properties","",""
"10115394","2025-02-18","Mudon","Al Ranim","Al Ranim 3","","","3300000","1286","13834","2567","238.55","Townhouse","3","","NULL","NULL","","1809","168.07","","G+2","Active Listings","G+ 2 (Practical 4 Bed) Pocket Park View – SINGLE ROW","Dubai Properties","",""
"10888281","2025-08-11","Mudon","Al Ranim","Al Ranim 3","","","3100000","1398","15049","2217","206","Townhouse","3","","NULL","NULL","","1808","168","","G+1","Active Listings","Prime Location | Mortgage eligible | On The Park","Dubai Properties","",""
"10723982","2025-07-18","Mudon","Al Ranim","Al Ranim 3","","","3900000","1530","16471","2549","236.78","Townhouse","4","","NULL","NULL","","3870","359.53","NULL","G+1","Active Listings","On the Park | Genuine Resale | Viewing Available","Dubai Properties","",""
"9077741","2025-08-25","Mudon","Al Ranim","Al Ranim 3","","","3000000","1353","14563","2217","206","Townhouse","3","","","","","1808","168","","G+1","Oqood","","Dubai Properties","","Resale"
"10771628","2025-08-01","Mudon","Al Ranim","Al Ranim 3","","","4000000","1569","16893","2549","236.78","Townhouse","4","","NULL","NULL","","3060","284.24","NULL","G+1","Active Listings","Massive plot | Single Row | Viewing Available","Dubai Properties","",""
"12473037","2026-01-24","Mudon","Al Ranim","Al Ranim 3","","","4100000","1608","17316","2549","236.78","Townhouse","4","","NULL","NULL","NULL","2768","257.15","NULL","G+1","Active Listings","4BR + M | Best Deal | Corner Unit","Dubai Properties","",""
"12381751","2026-01-06","Mudon","Al Ranim","Al Ranim 3","","","4000000","1569","16893","2549","236.78","Townhouse","4","","NULL","NULL","","2769","257.27","NULL","G+1","Active Listings","Well Maintained Unit | Vacant | Park Backing","Dubai Properties","",""
"12305551","2025-12-23","Mudon","Al Ranim","Al Ranim 3","","","3390000","1529","16456","2217","206","Townhouse","3","","NULL","NULL","","0","0","NULL","G+1","Active Listings","On Greenbelt | Close to Pool and Park | Brand New","Dubai Properties","",""
"12182285","2025-12-10","Mudon","Al Ranim","Al Ranim 3","","","3550000","1601","17233","2217","206","Townhouse","3","","NULL","NULL","","1830","170.03","NULL","G+1","Active Listings","On the Park | Motivated Seller | Best Market Deal","Dubai Properties","",""
"10320413","2025-05-17","Mudon","Al Ranim","Al Ranim 3","","","3000000","1354","14563","2216","206","Townhouse","3","","NULL","NULL","","0","0","NULL","G+1","Active Listings","Family-Friendly | Prime Location | Modern Home","Dubai Properties","",""
"12140814","2025-11-29","Mudon","Al Ranim","Al Ranim 3","","","4700000","1845","19850","2548","236.78","Townhouse","4","Community,Walkway,Landscaped Garden","NULL","NULL","","3874","359.93","Type 4B1","G+1","Active Listings","Spacious 4BR | On the Park | Corner Unit","Dubai Properties","",""
"12091156","2025-11-18","Mudon","Al Ranim","Al Ranim 3","","","5000000","1962","21117","2548","236.78","Townhouse","4","Community,Walkway,Landscaped Garden","NULL","NULL","","3874","359.93","Type 4B1","G+1","Active Listings","Single Row | Green Belt | Large Plot","Dubai Properties","",""
"10238952","2025-04-15","Mudon","Al Ranim","Al Ranim 3","","","4250000","1263","13578","3366","313","Townhouse","4","","NULL","NULL","","0","0","NULL","G+1","Active Listings","Luxurious 4 BR with Family Room | High ROI","Dubai Properties","",""
"11835496","2025-11-01","Mudon","Al Ranim","Al Ranim 3","","","3450000","1908","20536","1808","168","Townhouse","3","","NULL","NULL","","0","0","NULL","G+1","Active Listings","Handover Soon | Pack Backing | Single Row","Dubai Properties","",""
"10199405","2025-03-14","Mudon","Al Ranim","Al Ranim 3","","","3200000","1443","15534","2217","206","Townhouse","3","Community,Park","NULL","NULL","","1808","168.01","","G+1","Active Listings","Enchanting; Exquisite 3BR Townhouse for Sale","Dubai Properties","",""
"11785309","2025-11-04","Mudon","Al Ranim","Al Ranim 3","","","4190000","1644","17696","2548","236.78","Townhouse","4","","NULL","NULL","","2986","277.43","","G+1","Active Listings","Big Plot | Single Row | Lowest PSF","Dubai Properties","",""
"11706049","2025-11-04","Mudon","Al Ranim","Al Ranim 3","","","3350000","1511","16262","2217","206","Townhouse","3","Community,Landscaped Walkway","NULL","NULL","","1808","168","","G+1","Active Listings","PRIME LOCATION | MULTIPLE UNIT OPTIONS","Dubai Properties","",""
"10156594","2025-03-10","Mudon","Al Ranim","Al Ranim 3","","","3300000","1286","13834","2567","238.55","Townhouse","3","Community,Walkway,Landscaped Garden","NULL","NULL","","1808","168","","G+2","Active Listings","3 Bedroom | Single Row | G+2 | Gated Community","Dubai Properties","",""
"11775961","2025-10-23","Mudon","Al Ranim","Al Ranim 3","","","4800000","1539","16552","3118","290","Townhouse","4","","NULL","NULL","","0","0","NULL","G+1","Active Listings","Brand New  | Corner Plot | Green Belt","Dubai Properties","",""
"11648712","2025-12-17","Mudon","Al Ranim","Al Ranim 3","","","3300000","1488","16019","2217","206","Townhouse","3","Community,Road","NULL","NULL","","2060","191.4","Type 3B1","G+1","Active Listings","Single Row | Brand New | Park View","Dubai Properties","",""
"11702050","2025-10-07","Mudon","Al Ranim","Al Ranim 3","","","3750000","1461","15720","2567","238.55","Townhouse","3","Community,Landscaped walkway,Back to Back","NULL","NULL","","1809","168.04","","G+2","Active Listings","G+2 I Green Belt I Brand New I Prime Location","Dubai Properties","",""
"11011404","2025-10-01","Mudon","Al Ranim","Al Ranim 3","","","3200000","1443","15534","2217","206","Townhouse","3","","NULL","NULL","","0","0","NULL","G+1","Active Listings","Opposite to Pool and Park | Prime Location","Dubai Properties","",""
"10989673","2025-10-01","Mudon","Al Ranim","Al Ranim 3","","","3099999","1398","15049","2217","206","Townhouse","3","","NULL","NULL","","2054","190.79","NULL","G+1","Active Listings","Hot Deal I Handover Soon I Motivated Seller","Dubai Properties","",""
"12477824","2026-01-19","Mudon","Al Ranim","Al Ranim 3","","","3600000","1624","17476","2217","206","Townhouse","3","Community/Play area/Landscaped Garden","","","","1809","168.02","Type: 3B1","G+1","Pending Sales (SPA/MOU)","","Dubai Properties","",""
"11948989","2025-11-18","Mudon","Al Ranim","Al Ranim 3","","","3700000","1441","15510","2567","238.55","Townhouse","3","","","","","1808","168.01","Type 3B2","G+2","Title Deed","","Dubai Properties","","Resale"
"10837032","2025-08-30","Mudon","Al Ranim","Al Ranim 3","","","3100000","1398","15049","2217","206","Townhouse","3","","NULL","NULL","","0","0","NULL","G+1","Active Listings","Modern Design | Ready soon | Single row","Dubai Properties","",""
"9024319","2025-07-07","Mudon","Al Ranim","Al Ranim 3","","","3950000","1550","16682","2548","236.78","Townhouse","4","","","","","3870","359.52","","G+1","Oqood","","Dubai Properties","","Resale"
"12468843","2026-01-23","Mudon","Al Ranim","Al Ranim 3","","","4400000","1726","18583","2549","236.78","Townhouse","4","Community,Road","NULL","NULL","NULL","2867","266.39","NULL","G+1","Active Listings","MIDDLE CORNER ||READY TO MOVE || REASONABLE PRICE","Dubai Properties","",""
"12374536","2026-01-04","Mudon","Al Ranim","Al Ranim 3","","","4500000","1765","19005","2549","236.78","Townhouse","4","Community,Landscaped Garden","NULL","NULL","","2661","247.18","NULL","G+1","Active Listings","Corner 4 BR Townhouse | Park View | Luxury Home","Dubai Properties","",""
"12241296","2025-12-19","Mudon","Al Ranim","Al Ranim 3","","","4000000","1473","15873","2716","252","Townhouse","3","","NULL","NULL","","0","0","NULL","G+1","Active Listings","Genuine Resale | G+2 | On the Park","Dubai Properties","",""
"10903607","2025-11-21","Mudon","Al Ranim","Al Ranim 3","","","4700000","1844","19850","2549","236.78","Townhouse","4","","NULL","NULL","","2599","241.44","NULL","G+1","Active Listings","Mudon Al Ranim3 |Elegant |Good View","Dubai Properties","",""
"12166040","2025-12-06","Mudon","Al Ranim","Al Ranim 3","","","3800000","1714","18447","2217","206","Townhouse","3","","NULL","NULL","","0","0","NULL","G+1","Active Listings","3 BR | Opposite Green Belt | Handed Over","Dubai Properties","",""
"12086370","2025-11-18","Mudon","Al Ranim","Al Ranim 3","","","4700000","1845","19850","2548","236.78","Townhouse","4","","NULL","NULL","","2644","245.61","Type 4B1","G+1","Active Listings","G+1 Type | Park Backing | Ready to Move In","Dubai Properties","",""
"10235411","2025-04-13","Mudon","Al Ranim","Al Ranim 3","","","3300000","1286","13834","2567","238.55","Townhouse","3","","NULL","NULL","","1809","168.07","","G+2","Active Listings","G+ 2 (Practical 4 Bed) Pocket Park View – SINGLE ROW","Dubai Properties","",""
"11777166","2025-11-04","Mudon","Al Ranim","Al Ranim 3","","","3900000","1519","16349","2567","238.55","Townhouse","3","Community,Landscaped Garden,Distant Play Area","NULL","NULL","","1808","168.01","Type 3B2","G+2","Active Listings","Single Row | Family Haven | Overlooking the Park","Dubai Properties","",""
"11701195","2025-10-23","Mudon","Al Ranim","Al Ranim 3","","","3200000","1443","15534","2217","206","Townhouse","3","","NULL","NULL","","0","0","NULL","G+1","Active Listings","Opposite to Pool and Park | Prime Location","Dubai Properties","",""
"11530314","2025-09-22","Mudon","Al Ranim","Al Ranim 3","","","3775000","1471","15825","2567","238.55","Townhouse","3","","NULL","NULL","","1809","168.07","","G+2","Active Listings","Brand New Villa | Park View | Elegant Layout","Dubai Properties","",""
"11009098","2025-10-01","Mudon","Al Ranim","Al Ranim 3","","","4000000","1569","16878","2549","237","Townhouse","4","","NULL","NULL","","0","0","NULL","G+1","Active Listings","SINGLE ROW | TYPE 4B1 | MULTIPLE OPTIONS","Dubai Properties","",""
"11906040","2025-10-27","Mudon","Al Ranim","Al Ranim 3","","","3400000","1534","16505","2217","206","Townhouse","3","Community,Road","","","","2154","200.07","Type 3B(M)","G+1","Pending Sales (SPA/MOU)","","Dubai Properties","",""
"9068151","2025-08-14","Mudon","Al Ranim","Al Ranim 3","","","3700000","1452","15626","2548","236.78","Townhouse","4","","","","","2860","265.72","","G+1","Oqood","","Dubai Properties","","Resale"
"12468380","2026-01-23","Mudon","Al Ranim","Al Ranim 3","","","4690000","1840","19807","2549","236.78","Townhouse","4","","NULL","NULL","NULL","3253","302.18","NULL","G+1","Active Listings","Ready to Move In| Motivated Seller| Brand New","Dubai Properties","",""
"12419089","2026-01-14","Mudon","Al Ranim","Al Ranim 3","","","3500000","1580","16990","2215","206","Townhouse","3","","NULL","NULL","","0","0","NULL","G+1","Active Listings","Ready to move in | Brand New | Next to pool","Dubai Properties","",""
"12355179","2026-01-01","Mudon","Al Ranim","Al Ranim 3","","","3500000","1912","20588","1831","170","Townhouse","3","","NULL","NULL","","0","0","NULL","G+1","Active Listings","Quite Location | Ready To Move In | Call Now","Dubai Properties","",""
"12133087","2025-11-27","Mudon","Al Ranim","Al Ranim 3","","","4500000","1765","18987","2549","237","Townhouse","4","","NULL","NULL","","0","0","NULL","G+1","Active Listings","On Greenbelt | Park View | Genuine Resale","Dubai Properties","",""
"11828472","2025-11-05","Mudon","Al Ranim","Al Ranim 3","","","3700000","1669","17961","2217","206","Townhouse","3","","NULL","NULL","","0","0","NULL","G+1","Active Listings","Single row | Opposite park | Handover soon","Dubai Properties","",""
"10155381","2025-03-14","Mudon","Al Ranim","Al Ranim 3","","","4100000","1609","17300","2548","237","Townhouse","4","","NULL","NULL","","0","0","NULL","G+1","Active Listings","Exclusive I Genuine Resale I Best Price","Dubai Properties","",""
"11052586","2025-10-28","Mudon","Al Ranim","Al Ranim 3","","","4000000","1569","16893","2549","236.78","Townhouse","4","","NULL","NULL","","2769","257.27","NULL","G+1","Active Listings","Well Maintained Unit | Vacant | Handover Soon","Dubai Properties","",""
"10983859","2025-09-22","Mudon","Al Ranim","Al Ranim 3","","","3200000","1443","15534","2217","206","Townhouse","3","Community,Road","NULL","NULL","","2060","191.4","Type 3B1","G+1","Active Listings","Opposite Pool and Park | Near Entrance | Vastu","Dubai Properties","",""
"10908134","2025-08-29","Mudon","Al Ranim","Al Ranim 3","","","3700000","1441","15481","2568","239","Townhouse","3","","NULL","NULL","","0","0","NULL","G+1","Active Listings","3BR + Family (G+2) |  Single Row | Great Location","Dubai Properties","",""
"12373197","2026-01-08","Mudon","Al Ranim","Al Ranim 3","","","3430000","1547","16650","2217","206","Townhouse","3","","","","","1834","170.43","Type 3B1","G+1","Title Deed","","Dubai Properties","","Resale"
"10886702","2025-09-11","Mudon","Al Ranim","Al Ranim 3","","","3500000","1579","16990","2217","206","Townhouse","3","","NULL","NULL","","0","0","NULL","G+1","Active Listings","Single Row | Maids Room | Contact Expert","Dubai Properties","",""
"12179753","2025-12-09","Mudon","Al Ranim","Al Ranim 3","","","3435000","1549","16675","2217","206","Townhouse","3","Community,Landscaped Walkway","","","","1808","168","","G+1","Title Deed","","Dubai Properties","","Resale"
"12412712","2026-01-13","Mudon","Al Ranim","Al Ranim 3","","","3700000","1669","17961","2217","206","Townhouse","3","Community,Landscaped Garden,Sports Area","NULL","NULL","","1808","168","Type 3B1","G+1","Active Listings","Facing Park I Single Row I Prime Location","Dubai Properties","",""
"10373216","2025-06-04","Mudon","Al Ranim","Al Ranim 3","","","4250000","1427","15360","2978","276.7","Townhouse","4","Community,Landscaped Garden,Distant play area","NULL","NULL","","3367","312.77","NULL","G+2","Active Listings","Single Row I Corner Unit I G Plus 2 I Call Now","Dubai Properties","",""
"12219746","2025-12-17","Mudon","Al Ranim","Al Ranim 3","","","3350000","1553","16750","2157","200","Townhouse","3","","NULL","NULL","","0","0","NULL","G+1","Active Listings","Brandnew | Prime Location | Exclusive","Dubai Properties","",""
"10342151","2025-05-24","Mudon","Al Ranim","Al Ranim 3","","","2900000","1584","17059","1831","170","Townhouse","3","","NULL","NULL","","0","0","NULL","G+1","Active Listings","Single Row | Park View | Serious Buyer Only","Dubai Properties","",""
"12160666","2025-12-05","Mudon","Al Ranim","Al Ranim 3","","","3600000","1624","17476","2217","206","Townhouse","3","","NULL","NULL","","1810","168.11","Type 3B1","G+1","Active Listings","Single row | Backing main park | Vacant","Dubai Properties","",""
"10845074","2025-11-04","Mudon","Al Ranim","Al Ranim 3","","","3200000","1748","18824","1831","170","Townhouse","3","","NULL","NULL","","0","0","NULL","G+1","Active Listings","Single Row / On the Green patch / Genuine Seller","Dubai Properties","",""
"12127386","2025-11-26","Mudon","Al Ranim","Al Ranim 3","","","4900000","1853","19919","2644","246","Townhouse","4","","NULL","NULL","","0","0","NULL","G+1","Active Listings","On The Park | Corner Unit | Ready To Move","Dubai Properties","",""
"12078277","2025-11-28","Mudon","Al Ranim","Al Ranim 3","","","4700000","1845","19850","2548","236.78","Townhouse","4","Community,Landscaped Garden,Kid's Play Area","NULL","NULL","","2770","257.34","Type 4B1","G+1","Active Listings","Multiple Options Available | All Layouts","Dubai Properties","",""
"10207362","2025-04-01","Mudon","Al Ranim","Al Ranim 3","","","4250000","1263","13578","3366","313","Townhouse","4","","NULL","NULL","","0","0","NULL","G+1","Active Listings","LUXURY 4BR+FAMILY VILLA | SPACICOUS END UNIT","Dubai Properties","",""
"11668233","2025-09-28","Mudon","Al Ranim","Al Ranim 3","","","3250000","1466","15777","2217","206","Townhouse","3","","NULL","NULL","","1810","168.11","NULL","G+1","Active Listings","Green Belt Unit I Brand New I Best Community","Dubai Properties","",""
"11769654","2025-10-10","Mudon","Al Ranim","Al Ranim 3","","","4425000","1737","18688","2548","236.78","Townhouse","4","Community,Road,Landscaped Garden","","","","3344","310.65","End unit","G+1","Pending Sales (SPA/MOU)","","Dubai Properties","",""
"12367490","2026-01-06","Mudon","Al Ranim","Al Ranim 3","","","3375000","1522","16383","2217","206","Townhouse","3","Community, Road","","","","1838","170.74","Type 3B1","G+1","Title Deed","","Dubai Properties","","Resale"
"12174434","2025-12-08","Mudon","Al Ranim","Al Ranim 3","","","3400000","1534","16505","2217","206","Townhouse","3","","","","","1808","168","","G+1","Title Deed","","Dubai Properties","","Resale"
"10715085","2025-07-16","Mudon","Al Ranim","Al Ranim 3","","","3850000","1511","16260","2548","236.78","Townhouse","4","","NULL","NULL","","2740","254.55","","G+1","Active Listings","Prime Location | Single Row | Corner Unit","Dubai Properties","",""
"10688440","2025-07-07","Mudon","Al Ranim","Al Ranim 3","","","2900000","1308","14078","2217","206","Townhouse","3","","NULL","NULL","","0","0","NULL","G+1","Active Listings","3BR Plus Maid | Handover 2025 | Backing Green Belt","Dubai Properties","",""
"9013013","2025-06-24","Mudon","Al Ranim","Al Ranim 3","","","2918000","1316","14165","2217","206","Townhouse","3","","","","","1808","168.01","","G+1","Oqood","","Dubai Properties","","Resale"
"10341888","2025-05-24","Mudon","Al Ranim","Al Ranim 3","","","2800000","1529","16471","1831","170","Townhouse","3","","NULL","NULL","","0","0","NULL","G+1","Active Listings","Single Row | Park View | Serious Buyer Only","Dubai Properties","",""
"12122335","2025-11-25","Mudon","Al Ranim","Al Ranim 3","","","3500000","1579","16990","2217","206","Townhouse","3","Community, Road","NULL","NULL","","1838","170.74","Type 3B1","G+1","Active Listings","Handed Over | Single Row | Walk To Pool & Park","Dubai Properties","",""
"10248478","2025-04-19","Mudon","Al Ranim","Al Ranim 3","","","4000000","1569","16878","2549","237","Townhouse","4","","NULL","NULL","","0","0","NULL","G+1","Active Listings","Modern Design | Crossing Road To Park | Ready Q4","Dubai Properties","",""
"12073653","2025-11-18","Mudon","Al Ranim","Al Ranim 3","","","3100000","1398","15049","2217","206","Townhouse","3","","NULL","NULL","","1834","170.43","Type 3B1","G+1","Active Listings","Motivated Seller | Close To Park | Brand New","Dubai Properties","",""
"11811799","2025-11-04","Mudon","Al Ranim","Al Ranim 3","","","3350000","1511","16262","2217","206","Townhouse","3","Community,Road","NULL","NULL","","2154","200.07","","G+1","Active Listings","Motivated Seller | Prime Location| Close to Pool","Dubai Properties","",""
"11037101","2025-10-01","Mudon","Al Ranim","Al Ranim 3","","","3700000","1441","15481","2568","239","Townhouse","3","","NULL","NULL","","0","0","NULL","G+1","Active Listings","Mortgage Possible | G+2 TH | On the Park","Dubai Properties","",""
"11002626","2025-10-12","Mudon","Al Ranim","Al Ranim 3","","","3700000","2046","22024","1808","168","Townhouse","3","","NULL","NULL","","0","0","NULL","G+1","Active Listings","3BR + Family (G+2) |  Single Row | Great Location","Dubai Properties","",""
"10904175","2025-08-27","Mudon","Al Ranim","Al Ranim 3","","","3199999","1443","15534","2217","206","Townhouse","3","","NULL","NULL","","0","0","NULL","G+1","Active Listings","Serene Location | On the Park | Vastu Unit","Dubai Properties","",""
"12345063","2025-12-30","Mudon","Al Ranim","Al Ranim 3","","","3350000","1511","16262","2217","206","Townhouse","3","Community,Landscaped Garden,Road","","","","1831","170.14","Type 3B1","G+1","Title Deed","","Dubai Properties","","Resale"
"10881658","2025-10-07","Mudon","Al Ranim","Al Ranim 3","","","2950000","1632","17560","1808","168","Townhouse","3","","NULL","NULL","","0","0","NULL","G+1","Active Listings","PRIME LOCATION | MULTIPLE UNIT OPTIONS","Dubai Properties","",""
"12165147","2025-12-05","Mudon","Al Ranim","Al Ranim 3","","","5600000","1880","20239","2978","276.7","Townhouse","4","","","","","5842","542.77","","G+2","Title Deed","","Dubai Properties","","Resale"
"10796294","2025-08-06","Mudon","Al Ranim","Al Ranim 3","","","4200000","1373","14789","3060","284","Townhouse","4","","NULL","NULL","","0","0","NULL","G+1","Active Listings","Single Row townhouse | Handover Soon | Park View","Dubai Properties","",""
"10764197","2025-07-30","Mudon","Al Ranim","Al Ranim 3","","","3500000","1936","20833","1808","168","Townhouse","3","","NULL","NULL","","0","0","NULL","G+1","Active Listings","Park Facing | Ready Soon | Contact Expert","Dubai Properties","",""
"12457922","2026-01-22","Mudon","Al Ranim","Al Ranim 3","","","4700000","1844","19850","2549","236.78","Townhouse","4","","NULL","NULL","","2630","244.33","NULL","G+1","Active Listings","Best View | On the Park | Corner Unit","Dubai Properties","",""
"12405864","2026-01-14","Mudon","Al Ranim","Al Ranim 3","","","4500000","1765","19005","2549","236.78","Townhouse","4","","NULL","NULL","","2769","257.27","NULL","G+1","Active Listings","Extra Big Plot| Prime Location| Motivated Seller","Dubai Properties","",""
"12119599","2025-11-25","Mudon","Al Ranim","Al Ranim 3","","","3450000","1556","16748","2217","206","Townhouse","3","Community,Landscaped Garden,Walkway","NULL","NULL","","1814","168.56","","G+1","Active Listings","Brand New I Motivated Seller I Prime Location","Dubai Properties","",""
"11914254","2025-11-09","Mudon","Al Ranim","Al Ranim 3","","","4170000","1637","17611","2548","236.78","Townhouse","4","","NULL","NULL","","2986","277.43","","G+1","Active Listings","Larger Plot | Single Row | Corner Unit","Dubai Properties","",""
"10204471","2025-03-13","Mudon","Al Ranim","Al Ranim 3","","","3450000","1353","14570","2549","236.78","Townhouse","4","","NULL","NULL","","2614","242.88","NULL","G+1","Active Listings","Direct Park Access | Best Location | High-End Unit","Dubai Properties","",""
"11807821","2025-11-04","Mudon","Al Ranim","Al Ranim 3","","","3500000","1579","16990","2217","206","Townhouse","3","","NULL","NULL","","1831","170.15","Type 3B1","G+1","Active Listings","3edrooms + Maid | Handover NOV 2025 | Single Row","Dubai Properties","",""
"11656721","2025-10-23","Mudon","Al Ranim","Al Ranim 3","","","3750000","1461","15756","2567","238","Townhouse","3","","NULL","NULL","","0","0","NULL","G+1","Active Listings","Brand New Villa | Park View | Elegant Layout","Dubai Properties","",""
"11687520","2025-10-24","Mudon","Al Ranim","Al Ranim 3","","","3700000","1441","15481","2568","239","Townhouse","3","","NULL","NULL","","0","0","NULL","G+1","Active Listings","Mortgage Possible | G+2 TH | On the Park","Dubai Properties","",""
"10879816","2025-08-25","Mudon","Al Ranim","Al Ranim 3","","","2900000","1308","14078","2217","206","Townhouse","3","","NULL","NULL","","0","0","NULL","G+1","Active Listings","Resale 3BR+Maid | Private Garden | Best Price","Dubai Properties","",""
"12152359","2025-12-03","Mudon","Al Ranim","Al Ranim 3","","","3850000","1500","16139","2567","238.55","Townhouse","3","Community,Landscaped Garden,Walkway,Kid's play area","","","","1808","168","Type 3B2","G+2","Title Deed","","Dubai Properties","","Resale"
"12457205","2026-01-22","Mudon","Al Ranim","Al Ranim 3","","","4749999","1863","20061","2549","236.78","Townhouse","4","","NULL","NULL","","2630","244.33","NULL","G+1","Active Listings","Direct on Park | Bright | Negotiable | Vastu","Dubai Properties","",""
"12402149","2026-01-10","Mudon","Al Ranim","Al Ranim 3","","","4700000","1844","19850","2549","236.78","Townhouse","4","Community,Road","NULL","NULL","","3096","287.62","NULL","G+1","Active Listings","Big Plot I Motivated Seller I Ready To Move In","Dubai Properties","",""
"10403881","2025-06-14","Mudon","Al Ranim","Al Ranim 3","","","4000000","1570","16893","2548","236.78","Townhouse","4","Community,Back to Side,Partial Park","NULL","NULL","","3971","368.93","","G+1","Active Listings","Single Row I Big Plot I Prime Location I H-O Soon","Dubai Properties","",""
"12340318","2025-12-29","Mudon","Al Ranim","Al Ranim 3","","","4980000","1954","21032","2549","236.78","Townhouse","4","Community,Road","NULL","NULL","","3096","287.62","NULL","G+1","Active Listings","Big Plot I Motivated Seller I Ready To Move In","Dubai Properties","",""
"12199700","2025-12-16","Mudon","Al Ranim","Al Ranim 3","","","4599999","1805","19427","2549","236.78","Townhouse","4","","NULL","NULL","","2643","245.54","NULL","G+1","Active Listings","ELEGANT 4BR | MULTIPLE OPTION | NEXT TO POOL |","Dubai Properties","",""
"11805233","2025-11-04","Mudon","Al Ranim","Al Ranim 3","","","3200000","1443","15534","2217","206","Townhouse","3","","NULL","NULL","","0","0","NULL","G+1","Active Listings","Opposite to Pool and Park | Prime Location","Dubai Properties","",""
"11693707","2025-11-04","Mudon","Al Ranim","Al Ranim 3","","","3499999","1579","16990","2217","206","Townhouse","3","","NULL","NULL","","1810","168.11","NULL","G+1","Active Listings","Serene Location | On the Park | Vastu Unit","Dubai Properties","",""
"10143077","2025-02-20","Mudon","Al Ranim","Al Ranim 3","","","3200000","1443","15534","2217","206","Townhouse","3","Community,Park","NULL","NULL","","1808","168.01","","G+1","Active Listings","Enchanting; Exquisite 3BR Villa for Sale","Dubai Properties","",""
"11654421","2025-10-28","Mudon","Al Ranim","Al Ranim 3","","","4300000","1688","18160","2548","236.78","Townhouse","4","Community,Road,Landscaped Garden","NULL","NULL","","3344","310.65","","G+1","Active Listings","Corner Plot I Modern Finish I Brand New","Dubai Properties","",""
"10999721","2025-09-27","Mudon","Al Ranim","Al Ranim 3","","","4500000","1772","19068","2540","236","Townhouse","4","","NULL","NULL","","0","0","NULL","G+1","Active Listings","Bigger Plot | On Park | Brand New","Dubai Properties","",""
"10975666","2025-09-17","Mudon","Al Ranim","Al Ranim 3","","","3300000","1488","16019","2217","206","Townhouse","3","Community,Road","NULL","NULL","","2060","191.4","Type 3B1","G+1","Active Listings","BIG PLOT | ON PARK | MODERN G+2 | GENUINE RESALE","Dubai Properties","",""
"12486090","2026-01-28","Mudon","Al Ranim","Al Ranim 3","","","3375000","1522","16383","2217","206","Townhouse","3","Community,Road","","","","1972","183.22","Type 3B1","G+1","Title Deed","","Dubai Properties","","Resale"
"10894551","2025-08-30","Mudon","Al Ranim","Al Ranim 3","","","3999999","1445","15564","2769","257","Townhouse","4","","NULL","NULL","","0","0","NULL","G+1","Active Listings","Single Row | Multiple Units | Near Park and Pool","Dubai Properties","",""
"12141476","2025-11-28","Mudon","Al Ranim","Al Ranim 3","","","3450000","1556","16748","2217","206","Townhouse","3","","","","","1815","168.61","","G+1","Title Deed","","Dubai Properties","","Resale"
"10737672","2025-07-23","Mudon","Al Ranim","Al Ranim 3","","","3400000","1324","14226","2568","239","Townhouse","3","","NULL","NULL","","0","0","NULL","G+1","Active Listings","3BR + Family (G+2) |  Single Row | Great Location","Dubai Properties","",""
"10782106","2025-08-04","Mudon","Al Ranim","Al Ranim 3","","","3300000","1825","19643","1808","168","Townhouse","3","","NULL","NULL","","0","0","NULL","G+1","Active Listings","Exclusive | Family Living | Prime Location","Dubai Properties","",""
"10675321","2025-07-02","Mudon","Al Ranim","Al Ranim 3","","","3200000","1443","15534","2217","206","Townhouse","3","","NULL","NULL","","0","0","NULL","G+1","Active Listings","Park View | 3 Bed Townhouse | Handover Q4 2025","Dubai Properties","",""
"12505343","2026-01-31","Mudon","Al Ranim","Al Ranim 3","","","3490000","1867","20057","1869","174","Townhouse","3","","NULL","NULL","NULL","0","0","NULL","G+1","Active Listings","VACANT | PARK FACING | BRAND NEW","Dubai Properties","",""
"10646622","2025-06-24","Mudon","Al Ranim","Al Ranim 3","","","3100000","1206","12971","2570","239","Townhouse","3","","NULL","NULL","","0","0","NULL","G+1","Active Listings","G+1 |SINGLE ROW | CLOSE TO PARK AND MAIN GATE","Dubai Properties","",""
"8889734","2025-03-04","Mudon","Al Ranim","Al Ranim 3","","","3300000","1295","13937","2548","236.78","Townhouse","4","","","","","2812","261.25","","G+1","Oqood","","Dubai Properties","","Resale"
"12400316","2026-01-10","Mudon","Al Ranim","Al Ranim 3","","","3425000","1557","16789","2200","204","Townhouse","3","","NULL","NULL","","0","0","NULL","G+1","Active Listings","Motivated Seller | Single Row | Vacant","Dubai Properties","",""
"12340289","2025-12-29","Mudon","Al Ranim","Al Ranim 3","","","3450000","1556","16748","2217","206","Townhouse","3","Community,Landscaped Garden,Walkway","NULL","NULL","","1814","168.56","NULL","G+1","Active Listings","Brand New I Motivated Seller I Prime Location","Dubai Properties","",""
"12197924","2025-12-24","Mudon","Al Ranim","Al Ranim 3","","","4799999","1883","20272","2549","236.78","Townhouse","4","","NULL","NULL","","2630","244.33","NULL","G+1","Active Listings","VASTU UNIT | PRICE NEGOTIABLE | GREAT PRICE","Dubai Properties","",""
"12106413","2025-11-21","Mudon","Al Ranim","Al Ranim 3","","","3390000","1529","16456","2217","206","Townhouse","3","","NULL","NULL","","0","0","NULL","G+1","Active Listings","On Greenbelt | Close to Pool and Park | Brand New","Dubai Properties","",""
"11804524","2025-11-04","Mudon","Al Ranim","Al Ranim 3","","","3350000","1511","16262","2217","206","Townhouse","3","Community,Road","NULL","NULL","","1972","183.22","Type 3B1","G+1","Active Listings","Single Row I Brand New I Close to Park","Dubai Properties","",""
"11755928","2025-11-04","Mudon","Al Ranim","Al Ranim 3","","","3100000","1398","15049","2217","206","Townhouse","3","","NULL","NULL","","1834","170.43","Type 3B1","G+1","Active Listings","Motivated Seller | Close To Park | Brand New","Dubai Properties","",""
"10115503","2025-02-10","Mudon","Al Ranim","Al Ranim 3","","","3700000","1242","13357","2978","277","Townhouse","4","","NULL","NULL","","0","0","NULL","G+1","Active Listings","Genuine Resale | Payment Plan | High-end Finish","Dubai Properties","",""
"10997518","2025-08-28","Mudon","Al Ranim","Al Ranim 3","","","2999999","1353","14563","2217","206","Townhouse","3","","NULL","NULL","","0","0","NULL","G+1","Active Listings","Family Haven | On the Park | Vastu Unit","Dubai Properties","",""
"12465379","2026-01-23","Mudon","Al Ranim","Al Ranim 3","","","4700000","1845","19850","2548","236.78","Townhouse","4","Community,Walkway,Landscaped Garden","","","","3874","359.93","Type 4B1","G+1","Title Deed","","Dubai Properties","","Resale"
"12300256","2025-12-22","Mudon","Al Ranim","Al Ranim 3","","","4900000","1923","20694","2548","236.78","Townhouse","4","Community,Landscaped Walkway","","","","4503","418.35","Type 4B1","G+1","Title Deed","","Dubai Properties","","Resale"
"12135694","2025-11-27","Mudon","Al Ranim","Al Ranim 3","","","3725000","1451","15615","2567","238.55","Townhouse","3","Community,Landscaped walkway,Back to Back","","","","1809","168.04","","G+2","Title Deed","","Dubai Properties","","Resale"
"10736012","2025-07-22","Mudon","Al Ranim","Al Ranim 3","","","2900000","1308","14078","2217","206","Townhouse","3","Community,Partial Play Area,Road","NULL","NULL","","1927","179.06","NULL","G+1","Active Listings","Accepting Mortgage |Genuine sale| Multiple options","Dubai Properties","",""
"10705806","2025-07-14","Mudon","Al Ranim","Al Ranim 3","","","3100000","1398","15049","2217","206","Townhouse","3","","NULL","NULL","","1834","170.43","Type 3B1","G+1","Active Listings","Handover Soon | Spacious 3BR | Prime Location","Dubai Properties","",""
"12490074","2026-01-28","Mudon","Al Ranim","Al Ranim 3","","","5100000","2001","21539","2549","236.78","Townhouse","4","","NULL","NULL","NULL","3404","316.22","NULL","G+1","Active Listings","Brand New | 4BR + Maids | Large Garden","Dubai Properties","",""
"12450962","2026-01-20","Mudon","Al Ranim","Al Ranim 3","","","4400000","1726","18565","2549","237","Townhouse","4","","NULL","NULL","","0","0","NULL","G+1","Active Listings","On Pool and Park | Premium Corner Unit | Brand New","Dubai Properties","",""
"8887126","2025-02-28","Mudon","Al Ranim","Al Ranim 3","","","2450000","1105","11893","2217","206","Townhouse","3","","","","","1808","168","","G+1","Oqood","","Dubai Properties","","Resale"
"12392491","2026-01-08","Mudon","Al Ranim","Al Ranim 3","","","3700000","1669","17961","2217","206","Townhouse","3","Community","NULL","NULL","","1808","168","NULL","G+1","Active Listings","Facing Park I Ready to Move I Brand New","Dubai Properties","",""
"10327203","2025-05-19","Mudon","Al Ranim","Al Ranim 3","","","3250000","1266","13598","2568","239","Townhouse","3","","NULL","NULL","","0","0","NULL","G+1","Active Listings","Motivated Seller | G+2 | Park Facing | Type 3B2","Dubai Properties","",""
"12149809","2025-12-01","Mudon","Al Ranim","Al Ranim 3","","","5195000","1744","18775","2978","276.7","Townhouse","4","","NULL","NULL","","2614","242.88","NULL","G+2","Active Listings","A PERFECT HOME | PARK FACING | BRAND NEW | 4BR+M+FAMILY","Dubai Properties","",""
"11902306","2025-11-05","Mudon","Al Ranim","Al Ranim 3","","","3700000","1669","17961","2217","206","Townhouse","3","Community,Landscaped Garden,Sports Area","NULL","NULL","","1808","168","Type 3B1","G+1","Active Listings","On Park | Handover Soon | Mortgage | Bulk Units","Dubai Properties","",""
"11687492","2025-11-04","Mudon","Al Ranim","Al Ranim 3","","","4000000","1569","16878","2549","237","Townhouse","4","","NULL","NULL","","0","0","NULL","G+1","Active Listings","SINGLE ROW | TYPE 4B1 | MULTIPLE OPTIONS","Dubai Properties","",""
"11644497","2025-09-26","Mudon","Al Ranim","Al Ranim 3","","","4800000","1883","20272","2549","236.78","Townhouse","4","Community,Back to Side,Partial Park","NULL","NULL","","3971","368.93","NULL","G+1","Active Listings","Huge Plot | Corner Unit | Greenbelt","Dubai Properties","",""
"12455736","2026-01-22","Mudon","Al Ranim","Al Ranim 3","","","3325000","1500","16141","2217","206","Townhouse","3","","","","","1849","171.81","Type 3B1","G+1","Title Deed","","Dubai Properties","","Resale"
"10089522","2025-02-11","Mudon","Al Ranim","Al Ranim 3","","","3300000","1488","16019","2217","206","Townhouse","3","Community,Landscaped Garden,Sports Area","NULL","NULL","","1808","168","Type 3B1","G+1","Active Listings","Brand New, Close to The Park, Genuine Resale!!!","Dubai Properties","",""
"12230188","2025-12-19","Mudon","Al Ranim","Al Ranim 3","","","3325000","1500","16141","2217","206","Townhouse","3","Community,Road","","","","2060","191.4","Type 3B1","G+1","Title Deed","","Dubai Properties","","Resale"
"10644806","2025-06-23","Mudon","Al Ranim","Al Ranim 3","","","3100000","1398","15049","2217","206","Townhouse","3","","NULL","NULL","","0","0","NULL","G+1","Active Listings","SERIOUS SELLER | BACKING GREEN BELT | READY SOON","Dubai Properties","",""
"10390821","2025-06-11","Mudon","Al Ranim","Al Ranim 3","","","2900000","1308","14078","2217","206","Townhouse","3","","NULL","NULL","","1832","170.19","","G+1","Active Listings","Single Row / On the Green patch / Genuine Seller","Dubai Properties","",""
"10325987","2025-05-19","Mudon","Al Ranim","Al Ranim 3","","","3300000","1286","13834","2567","238.55","Townhouse","3","","NULL","NULL","","1809","168.07","","G+2","Active Listings","G+ 2 Townhouse | Pocket Park View – SINGLE ROW","Dubai Properties","",""
"11935526","2025-11-20","Mudon","Al Ranim","Al Ranim 3","","","3900000","1519","16349","2567","238.55","Townhouse","3","Community,Landscaped Garden,Distant Play Area","NULL","NULL","","1808","168.01","Type 3B2","G+2","Active Listings","G+2| Single Row |Ready| Overlooking To The Park","Dubai Properties","",""
"11800678","2025-11-05","Mudon","Al Ranim","Al Ranim 3","","","3500000","1579","16990","2217","206","Townhouse","3","","NULL","NULL","","1831","170.15","Type 3B1","G+1","Active Listings","Prime Location | Close to Amenities | Brand New","Dubai Properties","",""
"12529469","2026-01-30","Mudon","Al Ranim","Al Ranim 3","","","3500000","1585","17062","2208","205.13","Townhouse","3","Community,Road,Walkway","","","","1841","171.06","Mid unit","G+1","Pending Sales (SPA/MOU)","","Dubai Properties","",""
"12446074","2026-01-19","Mudon","Al Ranim","Al Ranim 3","","","4500000","1766","19005","2548","236.78","Townhouse","4","","","","","2641","245.36","Type 4B1","G+1","Title Deed","","Dubai Properties","","Resale"
"12128503","2025-11-25","Mudon","Al Ranim","Al Ranim 3","","","3225000","1455","15655","2217","206","Townhouse","3","","","","","1832","170.19","","G+1","Title Deed","","Dubai Properties","","Resale"
"10700544","2025-07-13","Mudon","Al Ranim","Al Ranim 3","","","4200000","1085","11667","3870","360","Townhouse","4","","NULL","NULL","","0","0","NULL","G+1","Active Listings","Single Row|Corner Unit |60% paid |Park View","Dubai Properties","",""
"10668714","2025-06-30","Mudon","Al Ranim","Al Ranim 3","","","3200000","1443","15534","2217","206","Townhouse","3","","NULL","NULL","","0","0","NULL","G+1","Active Listings","Luxury Living | Premium Amenities | Prime Location","Dubai Properties","",""
"12482148","2026-01-27","Mudon","Al Ranim","Al Ranim 3","","","5100000","2001","21539","2549","236.78","Townhouse","4","","NULL","NULL","NULL","3404","316.22","NULL","G+1","Active Listings","Large Plot | Single Row | Great Location","Dubai Properties","",""
"12438046","2026-01-16","Mudon","Al Ranim","Al Ranim 3","","","4700000","1844","19850","2549","236.78","Townhouse","4","Community,Road","NULL","NULL","","3096","287.62","NULL","G+1","Active Listings","Spacious 4 Bedroom In Ranim 1 | Prime Location","Dubai Properties","",""
"8869301","2025-02-16","Mudon","Al Ranim","Al Ranim 3","","","2754000","1081","11631","2548","236.78","Townhouse","4","","","","","2863","265.98","","G+1","Oqood","","Dubai Properties","","Resale"
"10385118","2025-06-10","Mudon","Al Ranim","Al Ranim 3","","","3400000","1776","19101","1914","178","Townhouse","3","","NULL","NULL","","0","0","NULL","G+1","Active Listings","Spacious 3BR|Elegant Layout| Prime Location","Dubai Properties","",""
"12319572","2025-12-24","Mudon","Al Ranim","Al Ranim 3","","","4350000","1566","16860","2777","258","Townhouse","4","","NULL","NULL","","0","0","NULL","G+1","Active Listings","Single Row/ Corner Unit / Agents Excuse","Dubai Properties","",""
"12189347","2025-12-11","Mudon","Al Ranim","Al Ranim 3","","","3325000","1500","16141","2217","206","Townhouse","3","","NULL","NULL","","1808","168","NULL","G+1","Active Listings","Motivated Seller | Mortgage Buyer is Welcome","Dubai Properties","",""
"10299209","2025-05-08","Mudon","Al Ranim","Al Ranim 3","","","4250000","1427","15360","2978","276.7","Townhouse","4","Community,Landscaped Garden,Distant play area","NULL","NULL","","3367","312.77","NULL","G+2","Active Listings","Single Row I Corner Unit I G Plus 2","Dubai Properties","",""
"12092275","2025-11-18","Mudon","Al Ranim","Al Ranim 3","","","3700000","1669","17961","2217","206","Townhouse","3","Community,Landscaped Garden,Sports Area","NULL","NULL","","1808","168","Type 3B1","G+1","Active Listings","Facing Park I Single Row I Prime Location","Dubai Properties","",""
"11929824","2025-11-07","Mudon","Al Ranim","Al Ranim 3","","","3350000","1511","16262","2217","206","Townhouse","3","","NULL","NULL","","2158","200.49","NULL","G+1","Active Listings","Handover soon | Prime Location | Exclusive","Dubai Properties","",""
"10215395","2025-04-04","Mudon","Al Ranim","Al Ranim 3","","","4500000","1765","19005","2549","236.78","Townhouse","4","","NULL","NULL","","3060","284.24","NULL","G+1","Active Listings","Single Row | Payment Plan | Close to Pool and Park","Dubai Properties","",""
"11895191","2025-11-04","Mudon","Al Ranim","Al Ranim 3","","","4100000","1608","17316","2549","236.78","Townhouse","4","","NULL","NULL","","2769","257.27","NULL","G+1","Active Listings","SINGLE ROW | BRAND NEW | MULTIPLE OPTIONS","Dubai Properties","",""
"10184671","2025-03-22","Mudon","Al Ranim","Al Ranim 3","","","2990000","1653","17798","1809","168","Townhouse","3","","NULL","NULL","","0","0","NULL","G+1","Active Listings","Handover Q4 2025 | Type 3B1 | Pool Side","Dubai Properties","",""
"10134766","2025-02-27","Mudon","Al Ranim","Al Ranim 3","","","2900000","1308","14078","2217","206","Townhouse","3","","NULL","NULL","","0","0","NULL","G+1","Active Listings","On pool and park | Spacious 3-BR | Urgent Sale","Dubai Properties","",""
"11707772","2025-10-23","Mudon","Al Ranim","Al Ranim 3","","","3750000","1461","15720","2567","238.55","Townhouse","3","Community,Landscaped walkway,Back to Back","NULL","NULL","","1809","168.04","","G+2","Active Listings","Hot Deal I G+2 I Green Belt I Best Community","Dubai Properties","",""
"10990253","2025-09-12","Mudon","Al Ranim","Al Ranim 3","","","5500000","959","10319","5735","533","Townhouse","4","","NULL","NULL","","0","0","NULL","G+1","Active Listings","4BR + Maid's Townhouse | Prime Unit | Huge Plot","Dubai Properties","",""
"12430424","2026-01-15","Mudon","Al Ranim","Al Ranim 3","","","3425000","1545","16626","2217","206","Townhouse","3","","","","","1831","170.15","Type 3B1","G+1","Title Deed","","Dubai Properties","","Resale"
"12196622","2025-12-12","Mudon","Al Ranim","Al Ranim 3","","","4525000","1776","19111","2548","236.78","Townhouse","4","","","","","2614","242.88","","G+1","Title Deed","","Dubai Properties","","Resale"
"12118387","2025-11-24","Mudon","Al Ranim","Al Ranim 3","","","5400000","1813","19516","2978","276.7","Townhouse","4","Community,Landscaped Garden,Sports Area","","","","5735","532.84","","G+2","Title Deed","","Dubai Properties","","Resale"
"10845080","2025-08-19","Mudon","Al Ranim","Al Ranim 3","","","3900000","1492","16049","2614","243","Townhouse","4","","NULL","NULL","","0","0","NULL","G+1","Active Listings","Exclusive Listing | On the Park | Single Row","Dubai Properties","",""
"10771827","2025-08-01","Mudon","Al Ranim","Al Ranim 3","","","3000000","1353","14563","2217","206","Townhouse","3","","NULL","NULL","","0","0","NULL","G+1","Active Listings","Close to Community | Handover Soon | Single Row","Dubai Properties","",""
"8937070","2025-04-16","Mudon","Al Ranim","Al Ranim 3","","","2850000","1286","13835","2217","206","Townhouse","3","","","","","1810","168.2","Type 3B1","G+1","Oqood","","Dubai Properties","","Resale"
"12306502","2025-12-23","Mudon","Al Ranim","Al Ranim 3","","","3100000","1398","15049","2217","206","Townhouse","3","","NULL","NULL","","1834","170.43","Type 3B1","G+1","Active Listings","Motivated Seller | Close To Park | Cash Deal Only","Dubai Properties","",""
"12186338","2025-12-11","Mudon","Al Ranim","Al Ranim 3","","","3450000","1556","16748","2217","206","Townhouse","3","","NULL","NULL","","1830","170.02","NULL","G+1","Active Listings","Single Row | 3 Bed + Maids | Quiet Location","Dubai Properties","",""
"12142387","2025-11-29","Mudon","Al Ranim","Al Ranim 3","","","3500000","1579","16990","2217","206","Townhouse","3","Community, Road","NULL","NULL","","1838","170.74","Type 3B1","G+1","Active Listings","Single Row | 3B1 | Motivated Seller","Dubai Properties","",""
"11835664","2025-11-06","Mudon","Al Ranim","Al Ranim 3","","","3700000","1669","17961","2217","206","Townhouse","3","Community,Landscaped Garden,Sports Area","NULL","NULL","","1808","168","Type 3B1","G+1","Active Listings","Facing Park I Single Row I Prime Location","Dubai Properties","",""
"11791334","2025-11-04","Mudon","Al Ranim","Al Ranim 3","","","4800000","1883","20272","2549","236.78","Townhouse","4","","NULL","NULL","","2888","268.3","NULL","G+1","Active Listings","Vacant |Elegant 4 bedrooms villa |Good View","Dubai Properties","",""
"9075853","2025-08-21","Mudon","Al Ranim","Al Ranim 3","","","2825000","1274","13714","2217","206","Townhouse","3","","","","","1808","168.01","Type 3B1","G+1","Oqood","","Dubai Properties","","Resale"
"9032150","2025-07-14","Mudon","Al Ranim","Al Ranim 3","","","3250000","1266","13624","2567","238.55","Townhouse","3","","","","","1809","168.07","","G+2","Oqood","","Dubai Properties","","Resale"
"12472662","2026-01-24","Mudon","Al Ranim","Al Ranim 3","","","4300000","1678","18067","2563","238","Townhouse","4","","NULL","NULL","NULL","0","0","NULL","G+1","Active Listings","G+1 | Ready to move in | Brand new","Dubai Properties","",""
"8925123","2025-04-14","Mudon","Al Ranim","Al Ranim 3","","","2850000","1286","13835","2217","206","Townhouse","3","","","","","1809","168.04","","G+1","Oqood","","Dubai Properties","","Resale"
"12433615","2026-01-15","Mudon","Al Ranim","Al Ranim 3","","","3525000","1590","17112","2217","206","Townhouse","3","Community, Road","NULL","NULL","","1838","170.74","NULL","G+1","Active Listings","BRAND NEW | READY TO MOVE | MULTIPLE OPTIONS","Dubai Properties","",""
"8853435","2025-02-06","Mudon","Al Ranim","Al Ranim 3","","","3100000","1208","12995","2567","238.55","Townhouse","3","","","","","1808","168.01","","G+2","Oqood","","Dubai Properties","","Resale"
"12376594","2026-01-04","Mudon","Al Ranim","Al Ranim 3","","","4500000","1765","19005","2549","236.78","Townhouse","4","Community,Road","NULL","NULL","","3060","284.24","NULL","G+1","Active Listings","4BR | CORNER | BRAND NEW | SPACIOUS","Dubai Properties","",""
"12304165","2025-12-23","Mudon","Al Ranim","Al Ranim 3","","","4700000","1844","19850","2549","236.78","Townhouse","4","","NULL","NULL","","2630","244.33","NULL","G+1","Active Listings","Best View | On the Park | Corner Unit","Dubai Properties","",""
"12180991","2025-12-10","Mudon","Al Ranim","Al Ranim 3","","","3480000","1570","16893","2217","206","Townhouse","3","","NULL","NULL","","1830","170.02","NULL","G+1","Active Listings","G+1 | Ready to Move In | Quiet Location","Dubai Properties","",""
"10258951","2025-04-24","Mudon","Al Ranim","Al Ranim 3","","","4200000","1648","17738","2549","236.78","Townhouse","4","","NULL","NULL","","3870","359.53","NULL","G+1","Active Listings","Single Row|Corner Unit |60% paid |Park View","Dubai Properties","",""
"10182187","2025-03-18","Mudon","Al Ranim","Al Ranim 3","","","3300000","1286","13834","2567","238.55","Townhouse","3","","NULL","NULL","","1809","168.07","","G+2","Active Listings","G+ 2 (Practical 4 Bed) Pocket Park View – SINGLE ROW","Dubai Properties","",""
"11702045","2025-10-07","Mudon","Al Ranim","Al Ranim 3","","","3600000","1624","17476","2217","206","Townhouse","3","","NULL","NULL","","1808","168","","G+1","Active Listings","Green Belt I Walk In To The Pool I Motivate Seller","Dubai Properties","",""
"11048833","2025-11-09","Mudon","Al Ranim","Al Ranim 3","","","3300000","1488","16019","2217","206","Townhouse","3","","NULL","NULL","","1808","168","","G+1","Active Listings","Single Row | Handover Soon | Primary Location","Dubai Properties","",""
"11671990","2025-10-19","Mudon","Al Ranim","Al Ranim 3","","","4200000","1407","15162","2986","277","Townhouse","4","","NULL","NULL","","0","0","NULL","G+1","Active Listings","Rare Location | Accepting Mortgage | Sign MOU now","Dubai Properties","",""
"11011256","2025-10-06","Mudon","Al Ranim","Al Ranim 3","","","4600000","1805","19427","2549","236.78","Townhouse","4","","NULL","NULL","","4010","372.54","","G+1","Active Listings","Huge Plot |  Maid Room | Handover Soon | Exclusive","Dubai Properties","",""
"10988190","2025-09-07","Mudon","Al Ranim","Al Ranim 3","","","4000000","1518","16327","2635","245","Townhouse","4","","NULL","NULL","","0","0","NULL","G+1","Active Listings","Corner unit | Single Row | Genuine Seller | On Amenities","Dubai Properties","",""
"10946524","2025-10-10","Mudon","Al Ranim","Al Ranim 3","","","3200000","1443","15534","2217","206","Townhouse","3","","NULL","NULL","","1808","168","NULL","G+1","Active Listings","Ready Soon | Brand New | Modern 3BR Layout","Dubai Properties","",""
"10836984","2025-09-08","Mudon","Al Ranim","Al Ranim 4","","","2925000","1319","14199","2217","206","Townhouse","3","","NULL","NULL","","1834","170.39","NULL","G+1","Active Listings","April 2026 | Single Row | Area Specialist","Dubai Properties","",""
"12507333","2026-02-01","Mudon","Al Ranim","Al Ranim 4","","","4300000","1687","18160","2549","236.78","Townhouse","4","","NULL","NULL","NULL","3319","308.34","NULL","G+1","Active Listings","SPACIOUS | GREAT COMMUNITY | CLOSE TO MAIN PARK","Dubai Properties","",""
"10290450","2025-05-05","Mudon","Al Ranim","Al Ranim 4","","","3850000","1510","16260","2549","236.78","Townhouse","4","","NULL","NULL","","2841","263.96","NULL","G+1","Active Listings","Area Specialist | Type 4B1 | On the Park","Dubai Properties","",""
"12220533","2025-12-17","Mudon","Al Ranim","Al Ranim 4","","","5500000","1847","19856","2977","277","Townhouse","4","","NULL","NULL","","0","0","NULL","G+1","Active Listings","Exclusive | G+2 | Area Expert","Dubai Properties","",""
"12166749","2025-12-06","Mudon","Al Ranim","Al Ranim 4","","","5100000","1713","18432","2978","276.7","Townhouse","4","","NULL","NULL","","2685","249.43","Type 4B2","G+2","Active Listings","Family Room | Pool and Park | Corner Plot","Dubai Properties","",""
"12070144","2025-11-19","Mudon","Al Ranim","Al Ranim 4","","","4200000","1648","17738","2549","236.78","Townhouse","4","","NULL","NULL","","2841","263.96","NULL","G+1","Active Listings","4-Bedroom Townhouse for Sale in Mudon Al Ranim, Dubai | Modern Design | Single Row | Family Communit","Dubai Properties","",""
"11836372","2025-11-03","Mudon","Al Ranim","Al Ranim 4","","","3999999","1569","16893","2549","236.78","Townhouse","4","","NULL","NULL","","2678","248.78","NULL","G+1","Active Listings","Corner | Pool View | G+1","Dubai Properties","",""
"10155641","2025-03-17","Mudon","Al Ranim","Al Ranim 4","","","4000000","1343","14440","2978","277","Townhouse","4","","NULL","NULL","","0","0","NULL","G+1","Active Listings","Single Row | Family Room | 4B2 Layout","Dubai Properties","",""
"11770916","2025-11-04","Mudon","Al Ranim","Al Ranim 4","","","3300000","1488","16019","2217","206","Townhouse","3","","NULL","NULL","","1975","183.44","NULL","G+1","Active Listings","GREAT COMMUNITY | MOTIVATED SELLER | HANDOVER SOON","Dubai Properties","",""
"11669109","2025-09-28","Mudon","Al Ranim","Al Ranim 4","","","3100000","1715","18452","1808","168","Townhouse","3","","NULL","NULL","","0","0","NULL","G+1","Active Listings","Single Row | Near Park | Genuine Resale","Dubai Properties","",""
"10910827","2025-08-22","Mudon","Al Ranim","Al Ranim 4","","","2899999","1308","14078","2217","206","Townhouse","3","","NULL","NULL","","1834","170.39","NULL","G+1","Active Listings","Single Row | Vastu Unit | Spacious Layout","Dubai Properties","",""
"12464799","2026-01-22","Mudon","Al Ranim","Al Ranim 4","","","3500000","1000","10769","3500","325","Townhouse","3","","NULL","NULL","","0","0","NULL","G+1","Active Listings","Brand New | Single Row | Mortgage Welcome","Dubai Properties","",""
"12457510","2026-01-22","Mudon","Al Ranim","Al Ranim 4","","","5500000","1847","19877","2978","276.7","Townhouse","4","","NULL","NULL","","3400","315.9","NULL","G+2","Active Listings","Big Plot I Single Row I 4BR G+2 I Modern Design","Dubai Properties","",""
"12412732","2026-01-13","Mudon","Al Ranim","Al Ranim 4","","","3900000","1519","16349","2568","238.55","Townhouse","3","","NULL","NULL","","1808","168","NULL","G+2","Active Listings","3 Bedroom plus Family | Available | Cash Buyer","Dubai Properties","",""
"10231444","2025-04-12","Mudon","Al Ranim","Al Ranim 4","","","4000000","1175","12658","3403","316","Townhouse","4","","NULL","NULL","","0","0","NULL","G+1","Active Listings","Big Plot I Close to Park I Maid's Room","Dubai Properties","",""
"12068350","2025-11-18","Mudon","Al Ranim","Al Ranim 4","","","4200000","1636","17606","2568","238.55","Townhouse","3","","NULL","NULL","","1808","168","NULL","G+2","Active Listings","MUDON AL RANIM 4 || G+2 || 3+FAMILY BHK || LIMITED UNIT || PARK & POOL FACING ||","Dubai Properties","",""
"11828471","2025-11-06","Mudon","Al Ranim","Al Ranim 4","","","3300000","1488","16019","2217","206","Townhouse","3","","NULL","NULL","","1975","183.44","NULL","G+1","Active Listings","Handover Soon | The Smallest Phase | Available now","Dubai Properties","",""
"12185358","2025-12-10","Mudon","Al Ranim","Al Ranim 4","","","4000000","1570","16893","2548","236.78","Townhouse","4","","","","","2600","241.51","","G+1","Oqood","","Dubai Properties","","Resale"
"12494239","2026-01-29","Mudon","Al Ranim","Al Ranim 4","","","4100000","1454","15649","2819","262","Townhouse","4","","NULL","NULL","NULL","0","0","NULL","G+1","Active Listings","Back to Back | Corner Unit | Huge Layout","Dubai Properties","",""
"12450002","2026-01-20","Mudon","Al Ranim","Al Ranim 4","","","4500000","1765","19005","2549","236.78","Townhouse","4","","NULL","NULL","","2819","261.91","NULL","G+1","Active Listings","Single Row I Prime Location I Motivated Seller","Dubai Properties","",""
"12307184","2025-12-23","Mudon","Al Ranim","Al Ranim 4","","","4500000","1765","19005","2549","236.78","Townhouse","4","","NULL","NULL","","2667","247.81","NULL","G+1","Active Listings","Single Row | Park Facing | Corner Unit","Dubai Properties","",""
"12215260","2025-12-16","Mudon","Al Ranim","Al Ranim 4","","","3500000","1579","16990","2217","206","Townhouse","3","","NULL","NULL","","0","0","NULL","G+1","Active Listings","Ready soon | G+1 | Investment Opportunity","Dubai Properties","",""
"11813878","2025-10-27","Mudon","Al Ranim","Al Ranim 4","","","4100000","1597","17155","2568","239","Townhouse","3","","NULL","NULL","","0","0","NULL","G+1","Active Listings","G + 2 I Facing Pool and Park I Motivated Seller","Dubai Properties","",""
"9011212","2025-06-23","Mudon","Al Ranim","Al Ranim 4","","","3450000","1354","14570","2548","236.78","Townhouse","4","","","","","2784","258.66","","G+1","Oqood","","Dubai Properties","","Resale"
"12444012","2026-01-18","Mudon","Al Ranim","Al Ranim 4","","","3390000","1529","16456","2217","206","Townhouse","3","","NULL","NULL","","1940","180.23","NULL","G+1","Active Listings","Prime Location | Near Amenities | Best Deal","Dubai Properties","",""
"12361969","2026-01-03","Mudon","Al Ranim","Al Ranim 4","","","3300000","1488","16019","2217","206","Townhouse","3","","NULL","NULL","","1975","183.44","NULL","G+1","Active Listings","SINGLE ROW| BRAND NEW| GREAT LOCATION","Dubai Properties","",""
"12096773","2025-12-23","Mudon","Al Ranim","Al Ranim 4","","","3250000","1466","15777","2217","206","Townhouse","3","","NULL","NULL","","1838","170.8","NULL","G+1","Active Listings","SINGLE ROW | FRONT OF PARK | BELOW THE MARKET | NO AGENT PLEASE","Dubai Properties","",""
"10405096","2025-08-18","Mudon","Al Ranim","Al Ranim 4","","","3100000","1669","17919","1857","173","Townhouse","3","","NULL","NULL","","0","0","NULL","G+1","Active Listings","Prime Location |Brand New |Pool &amp; Park Facing","Dubai Properties","",""
"11655309","2025-11-24","Mudon","Al Ranim","Al Ranim 4","","","3600000","1402","15091","2568","238.55","Townhouse","3","","NULL","NULL","","1961","182.15","NULL","G+2","Active Listings","Single Row | Spacious | Handover Q2 2026","Dubai Properties","",""
"10092397","2025-02-22","Mudon","Al Ranim","Al Ranim 4","","","3100000","1208","13025","2566","238","Townhouse","3","","NULL","NULL","","0","0","NULL","G+1","Active Listings","PREMIUM TOWNHOUSE | POOL  & PARK FACING |  MULTIPLE UNITS","Dubai Properties","",""
"10739693","2025-07-23","Mudon","Al Ranim","Al Ranim 4","","","4250777","1668","17952","2549","236.78","Townhouse","4","","NULL","NULL","","3745","347.89","","G+1","Active Listings","LARGEST PLOT | EXCLUSIVE | FAMILY USE","Dubai Properties","",""
"10675405","2025-07-02","Mudon","Al Ranim","Al Ranim 4","","","3600000","1836","19780","1961","182","Townhouse","3","","NULL","NULL","","0","0","NULL","G+1","Active Listings","Spacious 3 BR in this Sought After Development","Dubai Properties","",""
"12482723","2026-01-27","Mudon","Al Ranim","Al Ranim 4","","","4500000","1766","18987","2548","237","Townhouse","4","","NULL","NULL","NULL","0","0","NULL","G+1","Active Listings","Single Row | Close to Pool l Big Plot","Dubai Properties","",""
"10143026","2025-02-07","Mudon","Al Ranim","Al Ranim 4","","","3800000","1361","14672","2792","259","Townhouse","4","","NULL","NULL","","0","0","NULL","G+1","Active Listings","Corner Unit | Big Plot | Bright Interiors","Dubai Properties","",""
"10737223","2025-07-22","Mudon","Al Ranim","Al Ranim 4","","","4300000","1444","15540","2978","276.7","Townhouse","4","","NULL","NULL","","3358","312","NULL","G+2","Active Listings","4 BHK + Family + Maid | Type 4B2 | Corner Unit","Dubai Properties","",""
"12435769","2026-01-16","Mudon","Al Ranim","Al Ranim 4","","","3500000","1579","16990","2217","206","Townhouse","3","","","","","1850","171.84","Type 3B1","G+1","Oqood","","Dubai Properties","","Resale"
"12451231","2026-01-20","Mudon","Al Ranim","Al Ranim 4","","","4500000","1765","19005","2549","236.78","Townhouse","4","","NULL","NULL","","2819","261.91","NULL","G+1","Active Listings","4BR G+1 TH | Close to Park | Single Row","Dubai Properties","",""
"12350918","2026-01-02","Mudon","Al Ranim","Al Ranim 4","","","3400000","1534","16505","2217","206","Townhouse","3","","NULL","NULL","","1958","181.9","NULL","G+1","Active Listings","On The Main Park | Huge Plot | Brand New","Dubai Properties","",""
"10187067","2025-03-25","Mudon","Al Ranim","Al Ranim 4","","","3000000","1177","12670","2549","236.78","Townhouse","4","","NULL","NULL","","2832","263.14","NULL","G+1","Active Listings","Mudon Al Ranim | Luxury Townhouse | Prestigious Living","Dubai Properties","",""
"12465270","2026-01-23","Mudon","Al Ranim","Al Ranim 4","","","4600000","1545","16625","2978","276.7","Townhouse","4","","","","","2836","263.44","Type 4B2","G+2","Title Deed","","Dubai Properties","","Resale"
"10876718","2025-10-03","Mudon","Al Ranim","Al Ranim 4","","","3799999","1491","16049","2549","236.78","Townhouse","4","","NULL","NULL","","2667","247.81","NULL","G+1","Active Listings","Single Row | Excellent Location | Close To Pool","Dubai Properties","",""
"9104833","2025-09-23","Mudon","Al Ranim","Al Ranim 4","","","2950000","1331","14320","2217","206","Townhouse","3","","","","","1810","168.14","","G+1","Oqood","","Dubai Properties","","Resale"
"10820432","2025-08-28","Mudon","Al Ranim","Al Ranim 4","","","2800000","1263","13592","2217","206","Townhouse","3","","NULL","NULL","","0","0","NULL","G+1","Active Listings","Prime Location | 3BR G+1 | On Payment Plan","Dubai Properties","",""
"12374131","2026-01-09","Mudon","Al Ranim","Al Ranim 4","","","3250000","1466","15777","2217","206","Townhouse","3","","","","","1836","170.54","Type 3B1","G+1","Oqood","","Dubai Properties","","Resale"
"12471834","2026-01-24","Mudon","Al Ranim","Al Ranim 4","","","5490000","1460","15731","3760","349","Townhouse","4","","NULL","NULL","NULL","0","0","NULL","G+1","Active Listings","Genuine Seller | Unique G + 2 | Prime Location","Dubai Properties","",""
"12441735","2026-01-17","Mudon","Al Ranim","Al Ranim 4","","","3599999","1624","17476","2217","206","Townhouse","3","","NULL","NULL","","0","0","NULL","G+1","Active Listings","On The Park | Vastu Compliant | Handover Soon","Dubai Properties","",""
"12349929","2026-01-02","Mudon","Al Ranim","Al Ranim 4","","","4700000","1844","19850","2549","236.78","Townhouse","4","","NULL","NULL","","2874","266.97","NULL","G+1","Active Listings","Pool and Park View | Corner Unit | Brand New","Dubai Properties","",""
"12243968","2025-12-21","Mudon","Al Ranim","Al Ranim 4","","","4500000","1752","18864","2568","238.55","Townhouse","3","","NULL","NULL","","1898","176.33","NULL","G+2","Active Listings","RARE G+2 | HANDOVER SOON | PARK FACING","Dubai Properties","",""
"12189236","2025-12-16","Mudon","Al Ranim","Al Ranim 4","","","3400000","1534","16505","2217","206","Townhouse","3","","NULL","NULL","","1850","171.84","Type 3B1","G+1","Active Listings","Luxury 3 Bed | near to amenities | Big Layout","Dubai Properties","",""
"11712412","2025-10-25","Mudon","Al Ranim","Al Ranim 4","","","3500000","1363","14644","2568","239","Townhouse","3","","NULL","NULL","","0","0","NULL","G+1","Active Listings","Single Row | Genuine Resale | Handover Q2 2026","Dubai Properties","",""
"10873913","2025-08-26","Mudon","Al Ranim","Al Ranim 4","","","2900000","1308","14078","2217","206","Townhouse","3","","NULL","NULL","","0","0","NULL","G+1","Active Listings","Close To Park And Facilities | Handover Soon","Dubai Properties","",""
"11942278","2025-11-11","Mudon","Al Ranim","Al Ranim 4","","","3100000","1398","15049","2217","206","Townhouse","3","","","","","1831","170.07","","G+1","Oqood","","Dubai Properties","","Resale"
"8952423","2025-04-28","Mudon","Al Ranim","Al Ranim 4","","","3050000","1188","12786","2567","238.55","Townhouse","3","","","","","1856","172.4","","G+2","Oqood","","Dubai Properties","","Resale"
"10390326","2025-06-11","Mudon","Al Ranim","Al Ranim 4","","","2850000","1286","13835","2217","206","Townhouse","3","","NULL","NULL","","0","0","NULL","G+1","Active Listings","Single Row I Vastu I Motivated Seller","Dubai Properties","",""
"12394814","2026-01-09","Mudon","Al Ranim","Al Ranim 4","","","3600000","1402","15091","2568","238.55","Townhouse","3","","NULL","NULL","","1961","182.15","NULL","G+2","Active Listings","Single Row | Spacious | Handover Q2 2026","Dubai Properties","",""
"12187795","2025-12-11","Mudon","Al Ranim","Al Ranim 4","","","4280000","1679","18076","2549","236.78","Townhouse","4","","NULL","NULL","","2600","241.51","NULL","G+1","Active Listings","Opposite of Pool |Main Park Facing|Genuine Listing","Dubai Properties","",""
"11675114","2025-10-17","Mudon","Al Ranim","Al Ranim 4","","","4250777","1135","12215","3745","348","Townhouse","4","","NULL","NULL","","0","0","NULL","G+1","Active Listings","LARGEST PLOT | EXCLUSIVE | FAMILY USE","Dubai Properties","",""
"12482024","2026-01-27","Mudon","Al Ranim","Al Ranim 4","","","5100000","2001","21539","2549","236.78","Townhouse","4","","NULL","NULL","NULL","2917","270.99","NULL","G+1","Active Listings","Mortgageable | Vastu | Larger Plot","Dubai Properties","",""
"10641822","2025-06-23","Mudon","Al Ranim","Al Ranim 4","","","3600000","1402","15091","2568","238.55","Townhouse","3","","NULL","NULL","","1961","182.15","NULL","G+2","Active Listings","Single Row | Spacious | Handover Q2 2026","Dubai Properties","",""
"12237980","2025-12-19","Mudon","Al Ranim","Al Ranim 4","","","5400000","1813","19516","2978","276.7","Townhouse","4","","NULL","NULL","","3358","312","NULL","G+2","Active Listings","Park Facing 4BR+Maid G+2 | Community Living","Dubai Properties","",""
"11894492","2025-10-31","Mudon","Al Ranim","Al Ranim 4","","","4000000","1570","16893","2548","236.78","Townhouse","4","","","","","3745","347.89","","G+1","Oqood","","Dubai Properties","","Resale"
"10665387","2025-06-30","Mudon","Al Ranim","Al Ranim 4","","","2900000","1308","14078","2217","206","Townhouse","3","","NULL","NULL","","1866","173.37","NULL","G+1","Active Listings","Close To Park And Facilities | Handover Soon","Dubai Properties","",""
"12474271","2026-01-25","Mudon","Al Ranim","Al Ranim 4","","","3250000","1466","15777","2217","206","Townhouse","3","","NULL","NULL","NULL","1853","172.17","NULL","G+1","Active Listings","Road View | Motivated Seller | Prime Location","Dubai Properties","",""
"12434381","2026-01-16","Mudon","Al Ranim","Al Ranim 4","","","4975000","1952","21011","2549","236.78","Townhouse","4","","NULL","NULL","","2917","270.99","NULL","G+1","Active Listings","Lagoon/Park View | Larger Plot | Negotiable","Dubai Properties","",""
"12418651","2026-01-14","Mudon","Al Ranim","Al Ranim 4","","","3600000","1624","17476","2217","206","Townhouse","3","","NULL","NULL","","1821","169.22","NULL","G+1","Active Listings","Single Row I Facing Park I Prime Location","Dubai Properties","",""
"10239106","2025-04-15","Mudon","Al Ranim","Al Ranim 4","","","3200000","1246","13414","2568","238.55","Townhouse","3","","NULL","NULL","","1808","168","","G+2","Active Listings","Single Row | Corner | Bigger Plot | Payment Plan","Dubai Properties","",""
"12108146","2025-11-21","Mudon","Al Ranim","Al Ranim 4","","","3250000","1770","19006","1836","171","Townhouse","3","","NULL","NULL","","0","0","NULL","G+1","Active Listings","Mudon Al Ranim 4 | 3BR+Maid | Single Row | Large Plot | Facing Park","Dubai Properties","",""
"11532030","2025-09-25","Mudon","Al Ranim","Al Ranim 4","","","3250000","1772","19118","1834","170","Townhouse","3","","NULL","NULL","","0","0","NULL","G+1","Active Listings","3BR | Middle Unit | Park and Pool Views","Dubai Properties","",""
"12073288","2025-11-18","Mudon","Al Ranim","Al Ranim 4","","","3050000","1376","14806","2217","206","Townhouse","3","","NULL","NULL","","1853","172.17","NULL","G+1","Active Listings","On The Main Park | Genuine Seller | Prime Location","Dubai Properties","",""
"11530622","2025-10-13","Mudon","Al Ranim","Al Ranim 4","","","3050000","1376","14806","2217","206","Townhouse","3","","NULL","NULL","","1853","172.17","NULL","G+1","Active Listings","On The Main Park | Genuine Seller | Prime Location","Dubai Properties","",""
"11807548","2025-10-24","Mudon","Al Ranim","Al Ranim 4","","","3380000","1317","14169","2567","238.55","Townhouse","3","","","","","1808","168","","G+2","Oqood","","Dubai Properties","","Resale"
"12468531","2026-01-23","Mudon","Al Ranim","Al Ranim 4","","","3600000","1624","17476","2217","206","Townhouse","3","","NULL","NULL","NULL","1834","170.43","NULL","G+1","Active Listings","PARK VIEW | BRAND NEW | VACANT","Dubai Properties","",""
"12506039","2026-01-31","Mudon","Al Ranim","Al Ranim 4","","","3700000","1943","20904","1904","177","Townhouse","3","","NULL","NULL","NULL","0","0","NULL","G+1","Active Listings","HANDOVER SOON | MULTIPLE UNITS | AREA EXPERTS","Dubai Properties","",""
"12413790","2026-01-13","Mudon","Al Ranim","Al Ranim 4","","","5500000","1847","19877","2978","276.7","Townhouse","4","","NULL","NULL","","2685","249.43","NULL","G+2","Active Listings","Handover Soon | G+2 Corner | Park View","Dubai Properties","",""
"12220260","2025-12-17","Mudon","Al Ranim","Al Ranim 4","","","3500000","1579","16990","2217","206","Townhouse","3","","NULL","NULL","","0","0","NULL","G+1","Active Listings","Park Facing 3BR | Single Row | Big Layout","Dubai Properties","",""
"12070060","2025-11-18","Mudon","Al Ranim","Al Ranim 4","","","2950000","1331","14320","2217","206","Townhouse","3","","NULL","NULL","","1940","180.23","NULL","G+1","Active Listings","Prime Location | Back To Back | Best Deal","Dubai Properties","",""
"10984136","2025-09-17","Mudon","Al Ranim","Al Ranim 4","","","2975000","1622","17500","1834","170","Townhouse","3","","NULL","NULL","","0","0","NULL","G+1","Active Listings","Single Row | Vastu Unit | Spacious Layout","Dubai Properties","",""
"10110416","2025-02-11","Mudon","Al Ranim","Al Ranim 4","","","3600000","1412","15204","2549","236.78","Townhouse","4","","NULL","NULL","","2832","263.14","NULL","G+1","Active Listings","Single Row | Corner | Bigger Plot | Payment Plan","Dubai Properties","",""
"10910442","2025-08-25","Mudon","Al Ranim","Al Ranim 4","","","4250777","1668","17952","2549","236.78","Townhouse","4","","NULL","NULL","","3745","347.89","","G+1","Active Listings","LARGEST PLOT | EXCLUSIVE | FAMILY USE","Dubai Properties","",""
"10862573","2025-09-03","Mudon","Al Ranim","Al Ranim 4","","","3100000","1673","18023","1853","172","Townhouse","3","","NULL","NULL","","0","0","NULL","G+1","Active Listings","Genuine Resale | Near Park Prime location | Luxury Living","Dubai Properties","",""
"10750466","2025-07-26","Mudon","Al Ranim","Al Ranim 4","","","3100000","1398","15049","2217","206","Townhouse","3","","NULL","NULL","","1834","170.42","NULL","G+1","Active Listings","Prime Location |Motivated Seller| Facing Pool |3BR","Dubai Properties","",""
"10653523","2025-06-26","Mudon","Al Ranim","Al Ranim 4","","","3100000","1398","15049","2217","206","Townhouse","3","","NULL","NULL","","1834","170.42","NULL","G+1","Active Listings","Prime Location | 60% -40% PP | Facing Pool | 3BR","Dubai Properties","",""
"12216796","2025-12-16","Mudon","Al Ranim","Al Ranim 4","","","3275000","1477","15898","2217","206","Townhouse","3","","NULL","NULL","","1904","176.93","NULL","G+1","Active Listings","HANDOVER SOON | MULTIPLE UNITS | AREA EXPERTS","Dubai Properties","",""
"12162726","2025-12-05","Mudon","Al Ranim","Al Ranim 4","","","4300000","1687","18160","2549","236.78","Townhouse","4","","NULL","NULL","","2819","261.91","NULL","G+1","Active Listings","Single Row I Prime Location I Motivated Seller","Dubai Properties","",""
"10943207","2025-08-18","Mudon","Al Ranim","Al Ranim 4","","","3000000","1656","17857","1812","168","Townhouse","3","","NULL","NULL","","0","0","NULL","G+1","Active Listings","Brand New | Handover Soon | Prime Location","Dubai Properties","",""
"10860182","2025-10-01","Mudon","Al Ranim","Al Ranim 4","","","4100000","1443","15530","2841","264","Townhouse","4","","NULL","NULL","","0","0","NULL","G+1","Active Listings","Don’t Miss Out! Mudon Al Ranim 4 – Peaceful Community Living with Modern Elegance | Hot Deals Av","Dubai Properties","",""
"9119759","2025-10-03","Mudon","Al Ranim","Al Ranim 4","","","3100000","1398","15049","2217","206","Townhouse","3","","","","","1834","170.39","","G+1","Oqood","","Dubai Properties","","Resale"
"9117359","2025-10-01","Mudon","Al Ranim","Al Ranim 4","","","3275000","1477","15898","2217","206","Townhouse","3","","","","","1834","170.42","","G+1","Oqood","","Dubai Properties","","Resale"
"9066190","2025-08-12","Mudon","Al Ranim","Al Ranim 4","","","4175000","1402","15089","2978","276.7","Townhouse","4","","","","","3358","312","","G+2","Oqood","","Dubai Properties","","Resale"
"9010876","2025-06-23","Mudon","Al Ranim","Al Ranim 4","","","2700000","1218","13107","2217","206","Townhouse","3","","","","","1812","168.33","","G+1","Oqood","","Dubai Properties","","Resale"
"12119731","2025-11-25","Mudon","Al Ranim","Al Ranim 4","","","3900000","1519","16349","2568","238.55","Townhouse","3","","NULL","NULL","","1808","168","NULL","G+2","Active Listings","3 Bedroom plus Family | Available | Call Now","Dubai Properties","",""
"12306522","2025-12-23","Mudon","Al Ranim","Al Ranim 4","","","3390000","1529","16456","2217","206","Townhouse","3","","NULL","NULL","","1940","180.23","NULL","G+1","Active Listings","Prime Location | Back To Back | Best Deal","Dubai Properties","",""
"12155742","2025-12-04","Mudon","Al Ranim","Al Ranim 4","","","5150000","1729","18612","2978","276.7","Townhouse","4","","NULL","NULL","","3358","312","NULL","G+2","Active Listings","LARGE CORNER PLOT | G+2 ON PARK | VIEW TODAY","Dubai Properties","",""
"11755957","2025-11-04","Mudon","Al Ranim","Al Ranim 4","","","3050000","1376","14806","2217","206","Townhouse","3","","NULL","NULL","","1853","172.17","NULL","G+1","Active Listings","On The Main Park | Genuine Seller | Prime Location","Dubai Properties","",""
"11036437","2025-11-10","Mudon","Al Ranim","Al Ranim 4","","","2950000","1331","14320","2217","206","Townhouse","3","","NULL","NULL","","1940","180.23","NULL","G+1","Active Listings","Prime Location | Ready To Move | Best Deal","Dubai Properties","",""
"10707950","2025-07-14","Mudon","Al Ranim","Al Ranim 4","","","3000000","1353","14563","2217","206","Townhouse","3","","NULL","NULL","","1940","180.23","NULL","G+1","Active Listings","60% -40% PP I Prime Location I The Biggest Plot","Dubai Properties","",""
"12444001","2026-01-18","Mudon","Al Ranim","Al Ranim 4","","","3400000","1534","16505","2217","206","Townhouse","3","","NULL","NULL","","1958","181.9","NULL","G+1","Active Listings","On The Main Park | Huge Plot | Brand New","Dubai Properties","",""
"12306447","2025-12-23","Mudon","Al Ranim","Al Ranim 4","","","3300000","1488","16019","2217","206","Townhouse","3","","NULL","NULL","","1848","171.73","NULL","G+1","Active Listings","3BR Townhouse with Park View | Handover Soon","Dubai Properties","",""
"12195383","2025-12-14","Mudon","Al Ranim","Al Ranim 4","","","3400000","1534","16505","2217","206","Townhouse","3","","NULL","NULL","","1810","168.14","NULL","G+1","Active Listings","Brandnew | Best Location | Mortgage Acceptable","Dubai Properties","",""
"11032047","2025-11-07","Mudon","Al Ranim","Al Ranim 4","","","3200000","1443","15534","2217","206","Townhouse","3","","NULL","NULL","","1958","181.9","NULL","G+1","Active Listings","Best Deal | Off-Plan Resale | Premium Location","Dubai Properties","",""
"10962328","2025-08-29","Mudon","Al Ranim","Al Ranim 4","","","3000000","1353","14563","2217","206","Townhouse","3","","NULL","NULL","","1940","180.23","NULL","G+1","Active Listings","Prime Location I Huge Plot | Area Specialist","Dubai Properties","",""
"10738448","2025-07-23","Mudon","Al Ranim","Al Ranim 4","","","2899999","1308","14078","2217","206","Townhouse","3","","NULL","NULL","","1834","170.39","NULL","G+1","Active Listings","Single Row | Vastu Unit | Spacious Layout","Dubai Properties","",""
"10824188","2025-11-03","Mudon","Al Ranim","Al Ranim 4","","","5200000","2041","21961","2548","236.78","Townhouse","4","","NULL","NULL","","5043","468.51","","G+1","Active Listings","HUGE PLOT | 4BR PLUS MAID | CORNER UNIT","Dubai Properties","",""
"8969045","2025-05-08","Mudon","Al Ranim","Al Ranim 4","","","3825000","1501","16154","2548","236.78","Townhouse","4","","","","","3403","316.18","","G+1","Oqood","","Dubai Properties","","Resale"
"8890442","2025-03-05","Mudon","Al Ranim","Al Ranim 4","","","3700000","1452","15626","2548","236.78","Townhouse","4","","","","","3433","318.96","","G+1","Oqood","","Dubai Properties","","Resale"
"12092311","2025-11-18","Mudon","Al Ranim","Al Ranim 4","","","3300000","1488","16019","2217","206","Townhouse","3","","NULL","NULL","","1975","183.44","NULL","G+1","Active Listings","Handover Soon | The Smallest Phase | Available now","Dubai Properties","",""
"11915541","2025-12-11","Mudon","Al Ranim","Al Ranim 4","","","2999999","1353","14563","2217","206","Townhouse","3","","NULL","NULL","","1810","168.14","NULL","G+1","Active Listings","Brand New | Best Deal | Prime Location","Dubai Properties","",""
"11715189","2025-11-05","Mudon","Al Ranim","Al Ranim 4","","","3300000","1488","16019","2217","206","Townhouse","3","","NULL","NULL","","1975","183.44","NULL","G+1","Active Listings","Exclusive | Single Row | 3 Bedrooms | Brand New","Dubai Properties","",""
"10998759","2025-10-13","Mudon","Al Ranim","Al Ranim 4","","","3400000","1534","16505","2217","206","Townhouse","3","","NULL","NULL","","1958","181.9","NULL","G+1","Active Listings","On The Main Park | Huge Plot | Brand New","Dubai Properties","",""
"10756327","2025-07-28","Mudon","Al Ranim","Al Ranim 4","","","4050000","1360","14637","2978","276.7","Townhouse","4","","NULL","NULL","","2662","247.28","NULL","G+2","Active Listings","Single Row | 4B2 Layout | Cash Buyer Only | G+2","Dubai Properties","",""
"12451026","2026-01-20","Mudon","Al Ranim","Al Ranim 4","","","4700000","1844","19850","2549","236.78","Townhouse","4","","NULL","NULL","","2874","266.97","NULL","G+1","Active Listings","4BR G+1 | Park and Pool Backing | Bright","Dubai Properties","",""
"12442144","2026-01-17","Mudon","Al Ranim","Al Ranim 4","","","5500000","1847","19877","2978","276.7","Townhouse","4","","NULL","NULL","","2685","249.43","NULL","G+2","Active Listings","Handover Soon | Corner Unit | Park View","Dubai Properties","",""
"12396962","2026-01-09","Mudon","Al Ranim","Al Ranim 4","","","4680000","1836","19765","2549","236.78","Townhouse","4","","NULL","NULL","","2600","241.51","NULL","G+1","Active Listings","Ready soon | Single row | Pool and Park facing","Dubai Properties","",""
"12350902","2026-01-02","Mudon","Al Ranim","Al Ranim 4","","","3390000","1529","16456","2217","206","Townhouse","3","","NULL","NULL","","1940","180.23","NULL","G+1","Active Listings","Prime Location | Near Amenities | Best Deal","Dubai Properties","",""
"10160489","2025-03-29","Mudon","Al Ranim","Al Ranim 4","","","3000000","1058","11407","2836","263","Townhouse","3","","NULL","NULL","","0","0","NULL","G+1","Active Listings","Mudon Al Ranim | Luxury Townhouse | Prestigious Living","Dubai Properties","",""
"10956315","2025-10-28","Mudon","Al Ranim","Al Ranim 4","","","3800000","2072","22353","1834","170","Townhouse","3","","NULL","NULL","","0","0","NULL","G+1","Active Listings","DISTRESS DEAL/FRONT OF GARDEN/SINGLE ROW/MULTIPLE OPTIONS/ NO AGENTS PLEASE","Dubai Properties","",""
"10089986","2025-02-21","Mudon","Al Ranim","Al Ranim 4","","","4200000","1410","15162","2978","277","Townhouse","4","","NULL","NULL","","0","0","NULL","G+1","Active Listings","Prime Location | Lush Greenery | Family Room | G+2","Dubai Properties","",""
"9104263","2025-09-23","Mudon","Al Ranim","Al Ranim 4","","","2775000","1252","13471","2217","206","Townhouse","3","","","","","1856","172.44","","G+1","Oqood","","Dubai Properties","","Resale"
"8996219","2025-06-04","Mudon","Al Ranim","Al Ranim 4","","","2850000","1286","13835","2217","206","Townhouse","3","","","","","1940","180.23","","G+1","Oqood","","Dubai Properties","","Resale"
"10390977","2025-06-11","Mudon","Al Ranim","Al Ranim 4","","","3200000","1770","19048","1808","168","Townhouse","3","","NULL","NULL","","0","0","NULL","G+1","Active Listings","G+2 | Genuine Resale | Park Facing","Dubai Properties","",""
"12471756","2026-01-24","Mudon","Al Ranim","Al Ranim 4","","","5500000","1533","16517","3587","333","Townhouse","4","","NULL","NULL","NULL","0","0","NULL","G+1","Active Listings","G + Plus 2 | Best Location | Genuine Resale","Dubai Properties","",""
"12327164","2025-12-26","Mudon","Al Ranim","Al Ranim 4","","","3250000","1466","15777","2217","206","Townhouse","3","","NULL","NULL","","1853","172.17","NULL","G+1","Active Listings","Road View | Motivated Seller | Prime Location","Dubai Properties","",""
"12441658","2026-01-17","Mudon","Al Ranim","Al Ranim 4","","","4975000","1952","21011","2549","236.78","Townhouse","4","","NULL","NULL","","2917","270.99","NULL","G+1","Active Listings","Lagoon/Park View | Larger Plot | Vacant","Dubai Properties","",""
"12349853","2026-01-02","Mudon","Al Ranim","Al Ranim 4","","","4300000","1687","18160","2549","236.78","Townhouse","4","","NULL","NULL","","2819","261.91","NULL","G+1","Active Listings","Single Row I Prime Location I Motivated Seller","Dubai Properties","",""
"12125461","2025-11-26","Mudon","Al Ranim","Al Ranim 4","","","3490000","1574","16942","2217","206","Townhouse","3","","NULL","NULL","","0","0","NULL","G+1","Active Listings","Prime Location | Next to Pool and Park | Brand New","Dubai Properties","",""
"12082587","2025-11-18","Mudon","Al Ranim","Al Ranim 4","","","3799998","1714","18447","2217","206","Townhouse","3","","NULL","NULL","","1866","173.37","NULL","G+1","Active Listings","3BR?+?Maid’s?Room | Prime Location | Near to Park","Dubai Properties","",""
"11709754","2025-11-05","Mudon","Al Ranim","Al Ranim 4","","","3800000","1491","16049","2549","236.78","Townhouse","4","","NULL","NULL","","3504","325.52","NULL","G+1","Active Listings","PRIME LOCATION| MOTIVATED SELLER| GREAT COMMUNITY","Dubai Properties","",""
"12372985","2026-01-08","Mudon","Al Ranim","Al Ranim 4","","","4900000","1645","17709","2978","276.7","Townhouse","4","","","","","2685","249.43","Type 4B2","G+2","Oqood","","Dubai Properties","","Resale"
"8952018","2025-04-28","Mudon","Al Ranim","Al Ranim 4","","","3050000","1188","12786","2567","238.55","Townhouse","3","","","","","1808","168","","G+2","Oqood","","Dubai Properties","","Resale"
"8877565","2025-02-18","Mudon","Al Ranim","Al Ranim 4","","","4000000","1343","14456","2978","276.7","Townhouse","4","","","","","3219","299.1","","G+2","Oqood","","Dubai Properties","","Resale"
"12187579","2025-12-11","Mudon","Al Ranim","Al Ranim 4","","","4500000","1765","19005","2549","236.78","Townhouse","4","","NULL","NULL","","2667","247.81","NULL","G+1","Active Listings","Brand New | Single Row | Prime Location","Dubai Properties","",""
"12122042","2025-11-25","Mudon","Al Ranim","Al Ranim 4","","","3600000","1402","15091","2568","238.55","Townhouse","3","","NULL","NULL","","1961","182.15","NULL","G+2","Active Listings","Single Row | Spacious | Handover Q2 2026","Dubai Properties","",""
"10991047","2025-09-27","Mudon","Al Ranim","Al Ranim 4","","","4250777","1668","17952","2549","236.78","Townhouse","4","","NULL","NULL","","3745","347.89","","G+1","Active Listings","LARGEST PLOT | EXCLUSIVE | FAMILY USE","Dubai Properties","",""
"12335973","2025-12-29","Mudon","Al Ranim","Al Ranim 4","","","4199999","1636","17606","2568","238.55","Townhouse","3","","NULL","NULL","","1808","168","NULL","G+2","Active Listings","MUDON AL RANIM 4 || G+2 || 3+FAMILY BHK || LIMITED UNIT || PARK & POOL FACING ||","Dubai Properties","",""
"10915124","2025-08-23","Mudon","Al Ranim","Al Ranim 4","","","3100000","1398","15049","2217","206","Townhouse","3","","NULL","NULL","","1853","172.17","NULL","G+1","Active Listings","Motivated Seller I Prime Location I Cash Buyer","Dubai Properties","",""
"12176589","2025-12-09","Mudon","Al Ranim","Al Ranim 4","","","3300000","1488","16019","2217","206","Townhouse","3","","NULL","NULL","","1975","183.44","NULL","G+1","Active Listings","SINGLE ROW| BRAND NEW| GREAT LOCATION","Dubai Properties","",""
"12073622","2025-11-18","Mudon","Al Ranim","Al Ranim 4","","","3400000","1534","16505","2217","206","Townhouse","3","","NULL","NULL","","1958","181.9","NULL","G+1","Active Listings","On The Main Park | Huge Plot | Brand New","Dubai Properties","",""
"10751625","2025-07-26","Mudon","Al Ranim","Al Ranim 4","","","3100000","1398","15049","2217","206","Townhouse","3","","NULL","NULL","","1853","172.17","NULL","G+1","Active Listings","Motivated Seller I Prime Location I Cash Buyer","Dubai Properties","",""
"12300073","2025-12-22","Mudon","Al Ranim","Al Ranim 4","","","4450000","1746","18794","2548","236.78","Townhouse","4","","","","","3179","295.34","Type 4B1","G+1","Oqood","","Dubai Properties","","Resale"
"11857633","2025-10-29","Mudon","Al Ranim","Al Ranim 4","","","3425000","1334","14358","2567","238.55","Townhouse","3","","","","","1808","168","","G+2","Oqood","","Dubai Properties","","Resale"
"10636240","2025-06-20","Mudon","Al Ranim","Al Ranim 4","","","3100000","1398","15049","2217","206","Townhouse","3","","NULL","NULL","","0","0","NULL","G+1","Active Listings","Pool & Garden Facing | Genuine Resale | Fix Price  | Distress Deal | no agents please","Dubai Properties","",""
"12417400","2026-01-14","Mudon","Al Ranim","Al Ranim 4","","","3490000","1574","16942","2217","206","Townhouse","3","","NULL","NULL","","0","0","NULL","G+1","Active Listings","Prime Location | Next to Pool and Park | Brand New","Dubai Properties","",""
"12167654","2025-12-07","Mudon","Al Ranim","Al Ranim 4","","","5100000","1713","18432","2978","276.7","Townhouse","4","","NULL","NULL","","2685","249.43","Type 4B2","G+2","Active Listings","G+2 I Facing Pool and Park I Handover Soon","Dubai Properties","",""
"12106983","2025-11-28","Mudon","Al Ranim","Al Ranim 4","","","4400000","1726","18583","2549","236.78","Townhouse","4","","NULL","NULL","","3219","299.04","NULL","G+1","Active Listings","Corner Unit l Big Plot l Prime Location","Dubai Properties","",""
"10198014","2025-03-27","Mudon","Al Ranim","Al Ranim 4","","","3600000","1271","13688","2832","263","Townhouse","4","","NULL","NULL","","0","0","NULL","G+1","Active Listings","Single Row | Corner | Bigger Plot | Payment Plan","Dubai Properties","",""
"10155725","2025-03-10","Mudon","Al Ranim","Al Ranim 4","","","3499000","999","10766","3503","325","Townhouse","4","","NULL","NULL","","0","0","NULL","G+1","Active Listings","Genuine Resale |Close to amenities |Spacious Plot","Dubai Properties","",""
"10986544","2025-09-01","Mudon","Al Ranim","Al Ranim 4","","","3100000","1673","18023","1853","172","Townhouse","3","","NULL","NULL","","0","0","NULL","G+1","Active Listings","Hot Deal I Cash Buyer I Motivated Seller","Dubai Properties","",""
"10767991","2025-08-01","Mudon","Al Ranim","Al Ranim 4","","","2750000","1508","16272","1824","169","Townhouse","3","","NULL","NULL","","0","0","NULL","G+1","Active Listings","BRAND NEW | PRIME LOCATION | MULTIPLE OPTIONS","Dubai Properties","",""
"12505428","2026-01-31","Mudon","Al Ranim","Al Ranim 4","","","4400000","1735","18644","2536","236","Townhouse","4","","NULL","NULL","NULL","0","0","NULL","G+1","Active Listings","Single Row 4BR + Maid Townhouse | Handover Soon","Dubai Properties","",""
"12458771","2026-01-22","Mudon","Al Ranim","Al Ranim 4","","","3600000","1624","17476","2217","206","Townhouse","3","","NULL","NULL","","0","0","NULL","G+1","Active Listings","G+1 | Direct on Park | Handover Soon","Dubai Properties","",""
"12413608","2026-01-13","Mudon","Al Ranim","Al Ranim 4","","","3600000","1624","17476","2217","206","Townhouse","3","","NULL","NULL","","1834","170.43","NULL","G+1","Active Listings","Park Facing | Vastu | G+1 Handover Soon","Dubai Properties","",""
"12220237","2025-12-17","Mudon","Al Ranim","Al Ranim 4","","","3550000","1602","17233","2216","206","Townhouse","3","","NULL","NULL","","0","0","NULL","G+1","Active Listings","Motivated Seller | Brandnew | Best Price","Dubai Properties","",""
"12069805","2025-11-18","Mudon","Al Ranim","Al Ranim 4","","","4000000","1569","16893","2549","236.78","Townhouse","4","","NULL","NULL","","3504","325.52","NULL","G+1","Active Listings","Hot Deal | Single Row | Close to The Amenities","Dubai Properties","",""
"10174610","2025-03-11","Mudon","Al Ranim","Al Ranim 4","","","3600000","1412","15204","2549","236.78","Townhouse","4","","NULL","NULL","","2832","263.14","NULL","G+1","Active Listings","Single Row | Corner | Bigger Plot | Payment Plan","Dubai Properties","",""
"11004219","2025-09-10","Mudon","Al Ranim","Al Ranim 4","","","2950000","1331","14320","2217","206","Townhouse","3","","NULL","NULL","","1940","180.23","NULL","G+1","Active Listings","On Pool and Park | Single Row | Genuine Resale","Dubai Properties","",""
"10885225","2025-10-03","Mudon","Al Ranim","Al Ranim 4","","","2900000","1523","16384","1904","177","Townhouse","3","","NULL","NULL","","0","0","NULL","G+1","Active Listings","HANDOVER SOON | MULTIPLE UNITS | AREA EXPERTS","Dubai Properties","",""
"12489230","2026-01-28","Mudon","Al Ranim","Al Ranim 4","","","3600000","1624","17476","2217","206","Townhouse","3","","NULL","NULL","NULL","1824","169.45","NULL","G+1","Active Listings","PRIME LOCATION | INTERNAL | MULTIPLE OPTIONS","Dubai Properties","",""
"10317735","2025-05-16","Mudon","Al Ranim","Al Ranim 4","","","3000000","1058","11407","2836","263","Townhouse","3","","NULL","NULL","","0","0","NULL","G+1","Active Listings","Mudon Al Ranim | Luxury Townhouse | Prestigious Living","Dubai Properties","",""
"11756019","2025-11-04","Mudon","Al Ranim","Al Ranim 4","","","3400000","1534","16505","2217","206","Townhouse","3","","NULL","NULL","","1958","181.9","NULL","G+1","Active Listings","On The Main Park | Huge Plot | Brand New","Dubai Properties","",""
"11660315","2025-12-22","Mudon","Al Ranim","Al Ranim 4","","","5400000","1813","19516","2978","276.7","Townhouse","4","","NULL","NULL","","3358","312","NULL","G+2","Active Listings","Contemporary G+2 | Community Living | Pool &amp; Park","Dubai Properties","",""
"10857011","2025-08-15","Mudon","Al Ranim","Al Ranim 4","","","4000000","1343","14456","2978","276.7","Townhouse","4","","NULL","NULL","","2662","247.28","NULL","G+2","Active Listings","4B2 Type| G+2| Prime Location| Park View","Dubai Properties","",""
"9064956","2025-08-11","Mudon","Al Ranim","Al Ranim 4","","","2808000","1267","13631","2217","206","Townhouse","3","","","","","1814","168.54","","G+1","Oqood","","Dubai Properties","","Resale"
"10486656","2025-06-11","Mudon","Al Ranim","Al Ranim 4","","","3650000","1432","15415","2549","236.78","Townhouse","4","","NULL","NULL","","3504","325.52","NULL","G+1","Active Listings","Single Row | Close to Pool l Big Plot","Dubai Properties","",""
"12306495","2025-12-23","Mudon","Al Ranim","Al Ranim 4","","","3400000","1534","16505","2217","206","Townhouse","3","","NULL","NULL","","1958","181.9","NULL","G+1","Active Listings","On The Main Park | Huge Plot | Brand New","Dubai Properties","",""
"12197938","2025-12-13","Mudon","Al Ranim","Al Ranim 4","","","4280000","1679","18076","2549","236.78","Townhouse","4","","NULL","NULL","","2600","241.51","NULL","G+1","Active Listings","Opposite of Pool |Main Park Facing|Genuine Listing","Dubai Properties","",""
"10824533","2025-09-24","Mudon","Al Ranim","Al Ranim 4","","","2999999","1353","14563","2217","206","Townhouse","3","","NULL","NULL","","1821","169.22","","G+1","Active Listings","On Pool and Park | Single Row | Genuine Resale","Dubai Properties","",""
"12134827","2025-11-27","Mudon","Al Ranim","Al Ranim 4","","","3400000","1325","14253","2567","238.55","Townhouse","3","","","","","1841","171.01","","G+2","Oqood","","Dubai Properties","","Resale"
"9006654","2025-06-18","Mudon","Al Ranim","Al Ranim 4","","","2800000","1263","13592","2217","206","Townhouse","3","","","","","1904","176.93","","G+1","Oqood","","Dubai Properties","","Resale"
"8970076","2025-05-09","Mudon","Al Ranim","Al Ranim 4","","","3400000","1334","14359","2548","236.78","Townhouse","4","","","","","2792","259.37","","G+1","Oqood","","Dubai Properties","","Resale"
"8896942","2025-03-11","Mudon","Al Ranim","Al Ranim 4","","","3700000","1242","13372","2978","276.7","Townhouse","4","","","","","2700","250.84","","G+2","Oqood","","Dubai Properties","","Resale"
"12443996","2026-01-18","Mudon","Al Ranim","Al Ranim 4","","","4300000","1674","18026","2568","238.55","Townhouse","3","","NULL","NULL","","1898","176.33","NULL","G+2","Active Listings","G+2 | Mortgage friendly | Best location","Dubai Properties","",""
"10854879","2025-11-04","Mudon","Al Ranim","Al Ranim 4","","","3650000","1432","15401","2548","237","Townhouse","4","","NULL","NULL","","0","0","NULL","G+1","Active Listings","Single Row | Close to Pool l Big Plot","Dubai Properties","",""
"10823255","2025-11-02","Mudon","Al Ranim","Al Ranim 4","","","4000000","1569","16893","2549","236.78","Townhouse","4","","NULL","NULL","","3643","338.45","NULL","G+1","Active Listings","Prime Location | 4 BR G+1 | Large Plot Size","Dubai Properties","",""
"12442514","2026-01-17","Mudon","Al Ranim","Al Ranim 4","","","4975000","1952","21011","2549","236.78","Townhouse","4","","NULL","NULL","","2917","270.99","NULL","G+1","Active Listings","4BR+Maids | Pool & Park View | Vaastu | Large Plot","Dubai Properties","",""
"12126533","2025-11-26","Mudon","Al Ranim","Al Ranim 4","","","3300000","1671","18033","1975","183","Townhouse","3","","NULL","NULL","","0","0","NULL","G+1","Active Listings","Handover Soon | The Smallest Phase | Available now","Dubai Properties","",""
"10128184","2025-02-25","Mudon","Al Ranim","Al Ranim 4","","","3000000","1353","14563","2217","206","Townhouse","3","","NULL","NULL","","1834","170.42","NULL","G+1","Active Listings","Modern Unit I Prime Location I Motivated Seller","Dubai Properties","",""
"10877543","2025-09-21","Mudon","Al Ranim","Al Ranim 4","","","3600000","1402","15091","2568","238.55","Townhouse","3","","NULL","NULL","","1961","182.15","NULL","G+2","Active Listings","Single Row | Spacious | Handover Q2 2026","Dubai Properties","",""
"10672958","2025-07-02","Mudon","Al Ranim","Al Ranim 4","","","4050000","1360","14637","2978","276.7","Townhouse","4","","NULL","NULL","","2662","247.28","NULL","G+2","Active Listings","Single Row | 4B2 Layout | Cash Buyer Only | G+2","Dubai Properties","",""
"12327675","2025-12-26","Mudon","Al Ranim","Al Ranim 4","","","3900000","1519","16349","2568","238.55","Townhouse","3","","NULL","NULL","","1808","168","NULL","G+2","Active Listings","3 Bedroom plus Family | Available | Call Now","Dubai Properties","",""
"12396929","2026-01-09","Mudon","Al Ranim","Al Ranim 4","","","3680000","1660","17864","2217","206","Townhouse","3","","NULL","NULL","","1940","180.23","NULL","G+1","Active Listings","Park view | Ready soon | Mortgageable","Dubai Properties","",""
"10221178","2025-04-07","Mudon","Al Ranim","Al Ranim 4","","","3400000","1334","14346","2548","237","Townhouse","4","","NULL","NULL","","0","0","NULL","G+1","Active Listings","Genuine Resale | Single Row | Corner Unit | G+1","Dubai Properties","",""
"10966839","2025-12-24","Mudon","Al Ranim","Al Ranim 4","","","3250000","1466","15777","2217","206","Townhouse","3","","NULL","NULL","","1814","168.54","NULL","G+1","Active Listings","Exclusive | Family Living | Prime Location","Dubai Properties","",""
"10891758","2025-08-14","Mudon","Al Ranim","Al Ranim 4","","","3000000","1353","14563","2217","206","Townhouse","3","","NULL","NULL","","1940","180.23","NULL","G+1","Active Listings","60% -40% PP I Prime Location I The Biggest Plot","Dubai Properties","",""
"10815622","2025-08-09","Mudon","Al Ranim","Al Ranim 4","","","3300000","1781","19186","1853","172","Townhouse","3","","NULL","NULL","","0","0","NULL","G+1","Active Listings","Luxury Living | Genuine Resale | Near Park","Dubai Properties","",""
"12447297","2026-01-19","Mudon","Al Ranim","Al Ranim 4","","","4300000","1674","18026","2568","238.55","Townhouse","3","","NULL","NULL","","1898","176.33","NULL","G+2","Active Listings","Greenbelt | Rare G+2 Villa | Family Room","Dubai Properties","",""
"12188081","2025-12-11","Mudon","Al Ranim","Al Ranim 4","","","3550000","1601","17233","2217","206","Townhouse","3","","NULL","NULL","","1821","169.22","NULL","G+1","Active Listings","Park+Pool Loc| Larger Plot |Handover Soon","Dubai Properties","",""
"11900538","2025-11-06","Mudon","Al Ranim","Al Ranim 4","","","3900000","1519","16349","2568","238.55","Townhouse","3","","NULL","NULL","","1808","168","NULL","G+2","Active Listings","3 Bedroom plus Family | Available | Call Now","Dubai Properties","",""
"10870123","2025-08-11","Mudon","Al Ranim","Al Ranim 4","","","2899999","1593","17160","1821","169","Townhouse","3","","NULL","NULL","","0","0","NULL","G+1","Active Listings","On Pool and Park | Single Row | Genuine Resale","Dubai Properties","",""
"10353797","2025-05-28","Mudon","Al Ranim","Al Ranim 4","","","2999999","1353","14563","2217","206","Townhouse","3","","NULL","NULL","","1834","170.39","NULL","G+1","Active Listings","Single Row | Vastu Unit | Spacious Layout","Dubai Properties","",""
"12433292","2026-01-15","Mudon","Al Ranim","Al Ranim 4","","","3799999","1714","18447","2217","206","Townhouse","3","","NULL","NULL","","0","0","NULL","G+1","Active Listings","Pool and | Park Backing | Handover soon","Dubai Properties","",""
"12392499","2026-01-08","Mudon","Al Ranim","Al Ranim 4","","","4900000","1645","17709","2978","276.7","Townhouse","4","","NULL","NULL","","2685","249.43","NULL","G+2","Active Listings","G+2 I Facing Pool and Park I Handover Soon","Dubai Properties","",""
"12340260","2025-12-29","Mudon","Al Ranim","Al Ranim 4","","","3300000","1488","16019","2217","206","Townhouse","3","","NULL","NULL","","1975","183.44","NULL","G+1","Active Listings","Handover Soon | The Smallest Phase | Available now","Dubai Properties","",""
"12240152","2026-01-14","Mudon","Al Ranim","Al Ranim 4","","","4300000","1674","18026","2568","238.55","Townhouse","3","","NULL","NULL","","1898","176.33","NULL","G+2","Active Listings","Brand New| Handover Soon| Prime Location|Greenbelt","Dubai Properties","",""
"11791017","2025-11-06","Mudon","Al Ranim","Al Ranim 4","","","4450000","1746","18794","2548","236.78","Townhouse","4","","NULL","NULL","","3179","295.34","Type 4B1","G+1","Active Listings","Direct Pool and Park | Exclusive | Huge Plot | G+1","Dubai Properties","",""
"12509963","2026-01-26","Mudon","Al Ranim","Al Ranim 4","","","4250000","1655","17816","2568","238.55","Townhouse","3","Community,Swimming Pool,Park","","","","1808","168","","G+2","Pending Sales (SPA/MOU)","","Dubai Properties","",""
"9090758","2025-09-09","Mudon","Al Ranim","Al Ranim 4","","","2975000","1342","14442","2217","206","Townhouse","3","","","","","1853","172.17","","G+1","Oqood","","Dubai Properties","","Resale"
"11906340","2025-11-03","Mudon","Al Ranim","Al Ranim 4","","","3075000","1387","14927","2217","206","Townhouse","3","","","","","1821","169.22","","G+1","Oqood","","Dubai Properties","","Resale"
"12474741","2026-01-25","Mudon","Al Ranim","Al Ranim 4","","","5500000","1847","19877","2978","276.7","Townhouse","4","","NULL","NULL","NULL","3337","309.98","NULL","G+2","Active Listings","Large Plot | Community Expert | Contact Today","Dubai Properties","",""
"12515760","2026-02-03","Mudon","Al Ranim","Al Ranim 4","","","4500000","1765","19005","2549","236.78","Townhouse","4","","NULL","NULL","NULL","2793","259.52","NULL","G+1","Active Listings","4 bed G+1 | Quiet Location | Close to the Pool","Dubai Properties","",""
"10239121","2025-04-15","Mudon","Al Ranim","Al Ranim 4","","","3200000","1246","13414","2568","238.55","Townhouse","3","","NULL","NULL","","1808","168","","G+2","Active Listings","Single Row | Genuine Resale | Handover Q2 2026","Dubai Properties","",""
"12108175","2025-11-21","Mudon","Al Ranim","Al Ranim 4","","","4500000","18145","195652","248","23","Townhouse","4","","NULL","NULL","","0","0","NULL","G+1","Active Listings","4 bed G+1 | Park Facing | Corner Unit","Dubai Properties","",""
"11705242","2025-11-04","Mudon","Al Ranim","Al Ranim 4","","","3275000","1477","15898","2217","206","Townhouse","3","","NULL","NULL","","1904","176.93","NULL","G+1","Active Listings","HANDOVER SOON | MULTIPLE UNITS | AREA EXPERTS","Dubai Properties","",""
"11532304","2026-01-03","Mudon","Al Ranim","Al Ranim 4","","","4200000","1648","17738","2549","236.78","Townhouse","4","","NULL","NULL","","2633","244.6","NULL","G+1","Active Listings","Multiple Options | Corner | Brand New","Dubai Properties","",""
"12513667","2026-02-03","Mudon","Al Ranim","Al Ranim 4","","","5100000","2001","21539","2549","236.78","Townhouse","4","","NULL","NULL","NULL","2917","270.99","NULL","G+1","Active Listings","Lagoon/Park View | Larger Plot | Negotiable","Dubai Properties","",""
"12140414","2025-11-29","Mudon","Al Ranim","Al Ranim 4","","","3250000","1466","15777","2217","206","Townhouse","3","","NULL","NULL","","1853","172.17","NULL","G+1","Active Listings","Road View | Motivated Seller | Prime Location","Dubai Properties","",""
"10211367","2025-04-03","Mudon","Al Ranim","Al Ranim 4","","","3600000","1402","15091","2568","238.55","Townhouse","3","","NULL","NULL","","1961","182.15","NULL","G+2","Active Listings","Single Row | Spacious | Handover Q2 2026","Dubai Properties","",""
"10862699","2025-10-09","Mudon","Al Ranim","Al Ranim 5","","","4000000","1373","14773","2914","270.76","Townhouse","3","","NULL","NULL","","1810","168.12","NULL","G+2","Active Listings","3BR G+2 | Facing Pool And Park | Single Row","Dubai Properties","",""
"11825587","2025-10-28","Mudon","Al Ranim","Al Ranim 5","","","3850000","1560","16793","2468","229.26","Townhouse","4","","","","","5175","480.78","","G+1","Oqood","","Dubai Properties","","Resale"
"12468572","2026-01-23","Mudon","Al Ranim","Al Ranim 5","","","4700000","1904","20498","2468","229.29","Townhouse","4","","NULL","NULL","NULL","2749","255.37","NULL","G+1","Active Listings","Multiple Options | Brand New | Park","Dubai Properties","",""
"12459651","2026-01-22","Mudon","Al Ranim","Al Ranim 5","","","3600000","1531","16484","2351","218.39","Townhouse","3","","NULL","NULL","","1815","168.66","NULL","G+1","Active Listings","Close to Lagoon Pool | Motivated Seller | Multiple Options","Dubai Properties","",""
"10347769","2025-05-26","Mudon","Al Ranim","Al Ranim 5","","","3300000","1407","15147","2345","217.87","Townhouse","3","","NULL","NULL","","1809","168.02","NULL","G+1","Active Listings","Single Row | Directly On Pool and Park","Dubai Properties","",""
"10257836","2025-04-24","Mudon","Al Ranim","Al Ranim 5","","","2999850","1652","17751","1816","169","Townhouse","3","","NULL","NULL","","0","0","NULL","G+1","Active Listings","Near Damac Hills | Single Row 3BR | Full Privacy","Dubai Properties","",""
"10986539","2025-09-10","Mudon","Al Ranim","Al Ranim 5","","","4000000","1373","14773","2914","270.76","Townhouse","3","","NULL","NULL","","1810","168.12","NULL","G+2","Active Listings","G plus 2 I Spacious I Park View I Rare Layout","Dubai Properties","",""
"11789521","2025-10-22","Mudon","Al Ranim","Al Ranim 5","","","3680000","1491","16050","2468","229.29","Townhouse","4","","","","","2724","253.08","","G+1","Oqood","","Dubai Properties","","Resale"
"8977324","2025-05-17","Mudon","Al Ranim","Al Ranim 5","","","3028000","1227","13206","2468","229.29","Townhouse","4","","","","","2821","262.09","","G+1","Oqood","","Dubai Properties","","Resale"
"8913177","2025-03-27","Mudon","Al Ranim","Al Ranim 5","","","2600000","1106","11905","2350","218.39","Townhouse","3","","","","","1859","172.74","","G+1","Oqood","","Dubai Properties","","Resale"
"12164008","2025-12-05","Mudon","Al Ranim","Al Ranim 5","","","3400000","1446","15568","2351","218.39","Townhouse","3","","NULL","NULL","","1810","168.2","NULL","G+1","Active Listings","Genuine Resale I Best Deal I Motivated Seller","Dubai Properties","",""
"12102954","2025-11-20","Mudon","Al Ranim","Al Ranim 5","","","4000000","1621","17445","2468","229.29","Townhouse","4","","NULL","NULL","","2749","255.37","Type 4B1","G+1","Active Listings","Spacious 4 BR + Maid | Brand New | Motivate Seller","Dubai Properties","",""
"10750205","2025-07-26","Mudon","Al Ranim","Al Ranim 5","","","2950000","1631","17560","1809","168","Townhouse","3","","NULL","NULL","","0","0","NULL","G+1","Active Listings","Resale | Park View | Single Row | Garden Access","Dubai Properties","",""
"10833675","2025-09-26","Mudon","Al Ranim","Al Ranim 5","","","3040000","1293","13945","2351","218","Townhouse","3","","NULL","NULL","","0","0","NULL","G+1","Active Listings","Direct from owner. No commission. MERAAS","Dubai Properties","",""
"12412312","2026-01-13","Mudon","Al Ranim","Al Ranim 5","","","3600000","1532","16514","2350","218","Townhouse","3","","NULL","NULL","","0","0","NULL","G+1","Active Listings","On The Park | Single Row | Handover Soon","Dubai Properties","",""
"12380791","2026-01-06","Mudon","Al Ranim","Al Ranim 5","","","3400000","1446","15568","2351","218.39","Townhouse","3","","NULL","NULL","","1810","168.2","NULL","G+1","Active Listings","Genuine Resale I Best Deal I Motivated Seller","Dubai Properties","",""
"10207358","2025-04-01","Mudon","Al Ranim","Al Ranim 5","","","3200000","1085","11679","2950","274","Townhouse","3","","NULL","NULL","","0","0","NULL","G+1","Active Listings","Distress Deal | Single Row | Close To Park | Huge Plot | Paid 50 %","Dubai Properties","",""
"12098309","2025-11-21","Mudon","Al Ranim","Al Ranim 5","","","3500000","1489","16026","2351","218.39","Townhouse","3","","NULL","NULL","","1817","168.78","NULL","G+1","Active Listings","Family Friendly Living | 3BR Townhouse | Al Ranim 5","Dubai Properties","",""
"10828422","2025-09-30","Mudon","Al Ranim","Al Ranim 5","","","3050000","1297","13966","2351","218.39","Townhouse","3","","NULL","NULL","","1811","168.29","NULL","G+1","Active Listings","Single Row | Genuine Seller | Backing the Park","Dubai Properties","",""
"12405327","2026-01-11","Mudon","Al Ranim","Al Ranim 5","","","4900000","1631","17553","3005","279.15","Townhouse","4","","NULL","NULL","","4238","393.68","NULL","G+2","Active Listings","Biggest Plot Size| Motivated Seller| Handover Soon","Dubai Properties","",""
"10280838","2025-05-01","Mudon","Al Ranim","Al Ranim 5","","","2950000","1631","17560","1809","168","Townhouse","3","","NULL","NULL","","0","0","NULL","G+1","Active Listings","Exclusive | Best Price | Premium location","Dubai Properties","",""
"12306529","2025-12-23","Mudon","Al Ranim","Al Ranim 5","","","3600000","1531","16485","2351","218.38","Townhouse","3","","NULL","NULL","","1901","176.64","NULL","G+1","Active Listings","On the Park| Best Investment| Handover Soon","Dubai Properties","",""
"11931246","2025-11-07","Mudon","Al Ranim","Al Ranim 5","","","3500000","1489","16026","2351","218.39","Townhouse","3","","NULL","NULL","","1817","168.78","NULL","G+1","Active Listings","Brand New | Large Layout | Handover Soon","Dubai Properties","",""
"10855947","2025-11-04","Mudon","Al Ranim","Al Ranim 5","","","3900000","1419","15294","2748","255","Townhouse","4","","NULL","NULL","","0","0","NULL","G+1","Active Listings","SINGLE ROW |  MIDDLE CORNER | FRONT OF GARDEN | FIX PRICE | MULTIPLE OPTIONS  | DISTRESS DEAL","Dubai Properties","",""
"10650378","2025-06-25","Mudon","Al Ranim","Al Ranim 5","","","4100000","1364","14687","3005","279.15","Townhouse","4","","NULL","NULL","","2923","271.55","NULL","G+2","Active Listings","G+2 Layout | Family Retreat | Green Trails","Dubai Properties","",""
"12489049","2026-01-28","Mudon","Al Ranim","Al Ranim 5","","","3550000","1514","16284","2345","218","Townhouse","3","","NULL","NULL","NULL","0","0","NULL","G+1","Active Listings","G+1 | Close To Pool | Handover soon","Dubai Properties","",""
"11917934","2025-11-05","Mudon","Al Ranim","Al Ranim 5","","","4300000","1742","18756","2468","229.26","Townhouse","4","","NULL","NULL","","2940","273.1","NULL","G+1","Active Listings","Spacious I Brand New I Best Community I Call Now","Dubai Properties","",""
"11805896","2025-11-04","Mudon","Al Ranim","Al Ranim 5","","","3849999","1560","16791","2468","229.29","Townhouse","4","","NULL","NULL","","2733","253.87","NULL","G+1","Active Listings","MULTIPLE OPTION| PRIME LOCATION | INVESTOR DEAL","Dubai Properties","",""
"10362254","2025-05-31","Mudon","Al Ranim","Al Ranim 5","","","3000000","1597","17143","1879","175","Townhouse","3","","NULL","NULL","","0","0","NULL","G+1","Active Listings","3BR+Maids|Investment Opportunity|Easy Payment Plan","Dubai Properties","",""
"12133137","2025-11-27","Mudon","Al Ranim","Al Ranim 5","","","4999000","1664","17908","3005","279.15","Townhouse","4","","NULL","NULL","","2889","268.37","NULL","G+2","Active Listings","Big Plot | Brand New | Available Now | Unfurnished","Dubai Properties","",""
"11916269","2025-11-28","Mudon","Al Ranim","Al Ranim 5","","","3170000","1348","14515","2351","218.39","Townhouse","3","","NULL","NULL","","1810","168.2","NULL","G+1","Active Listings","Urgent Sale | Elegant Layout | Prime Location","Dubai Properties","",""
"11532023","2025-09-22","Mudon","Al Ranim","Al Ranim 5","","","4000000","1373","14773","2914","270.76","Townhouse","3","","NULL","NULL","","1810","168.12","NULL","G+2","Active Listings","G plus 2 I Park View I Rare Layout I Negotiable","Dubai Properties","",""
"9106017","2025-09-24","Mudon","Al Ranim","Al Ranim 5","","","3450000","1184","12742","2914","270.76","Townhouse","3","","","","","1809","168.02","","G+2","Oqood","","Dubai Properties","","Resale"
"10757460","2025-07-28","Mudon","Al Ranim","Al Ranim 5","","","2900000","1237","13303","2345","218","Townhouse","3","","NULL","NULL","","0","0","NULL","G+1","Active Listings","Genuine Resale | Spacious Layout | Prime Location","Dubai Properties","",""
"8966424","2025-05-06","Mudon","Al Ranim","Al Ranim 5","","","3320000","1345","14479","2468","229.29","Townhouse","4","","","","","3649","338.98","","G+1","Oqood","","Dubai Properties","","Resale"
"11907346","2025-11-05","Mudon","Al Ranim","Al Ranim 5","","","3200000","1361","14653","2351","218.39","Townhouse","3","","NULL","NULL","","1810","168.2","NULL","G+1","Active Listings","MODERN LAYOUT | 3BR + MAIDS | PRIME LOCATION","Dubai Properties","",""
"10140767","2025-02-27","Mudon","Al Ranim","Al Ranim 5","","","4150000","1381","14875","3005","279","Townhouse","4","","NULL","NULL","","0","0","NULL","G+1","Active Listings","SINGLE ROW | PRIME LOCATION | CLOSE TO THE PARK","Dubai Properties","",""
"11714005","2025-10-29","Mudon","Al Ranim","Al Ranim 5","","","4050000","1641","17663","2468","229.29","Townhouse","4","","NULL","NULL","","2707","251.52","","G+1","Active Listings","LUXURY VILLA | PRIVATE GARDEN | PRIME LOCATION","Dubai Properties","",""
"10926438","2025-08-29","Mudon","Al Ranim","Al Ranim 5","","","4050000","1386","14890","2923","272","Townhouse","4","","NULL","NULL","","0","0","NULL","G+1","Active Listings","Single Row | Park and Pool View | Prime Location","Dubai Properties","",""
"10892818","2025-08-23","Mudon","Al Ranim","Al Ranim 5","","","4000000","1373","14773","2914","270.76","Townhouse","3","","NULL","NULL","","1810","168.12","NULL","G+2","Active Listings","Gplus2 | Park View | Brand New","Dubai Properties","",""
"11792908","2025-11-04","Mudon","Al Ranim","Al Ranim 5","","","3500000","1489","16027","2351","218.38","Townhouse","3","","NULL","NULL","","1810","168.14","NULL","G+1","Active Listings","Single row | Near Park | Exclusive","Dubai Properties","",""
"11681613","2025-11-05","Mudon","Al Ranim","Al Ranim 5","","","3400000","1450","15606","2345","217.87","Townhouse","3","","NULL","NULL","","1816","168.68","NULL","G+1","Active Listings","Premium Location | Multiple | Spacious Layout","Dubai Properties","",""
"10924295","2025-08-25","Mudon","Al Ranim","Al Ranim 5","","","4300000","1742","18756","2468","229.26","Townhouse","4","","NULL","NULL","","2940","273.1","NULL","G+1","Active Listings","Rare Family Home I Prestigious Location I Call Now","Dubai Properties","",""
"9102964","2025-09-22","Mudon","Al Ranim","Al Ranim 5","","","3450000","1184","12743","2914","270.73","Townhouse","3","","","","","1876","174.3","","G+2","Oqood","","Dubai Properties","","Resale"
"10669037","2025-06-30","Mudon","Al Ranim","Al Ranim 5","","","4100000","1364","14687","3005","279.15","Townhouse","4","","NULL","NULL","","2923","271.55","NULL","G+2","Active Listings","G+2 Layout | Family Retreat | Green Trails","Dubai Properties","",""
"8995771","2025-06-04","Mudon","Al Ranim","Al Ranim 5","","","2900000","1237","13311","2345","217.87","Townhouse","3","","","","","1816","168.68","","G+1","Oqood","","Dubai Properties","","Resale"
"12471420","2026-01-24","Mudon","Al Ranim","Al Ranim 5","","","4700000","1904","20524","2468","229","Townhouse","4","","NULL","NULL","NULL","0","0","NULL","G+1","Active Listings","Exclusive | On The Park | Great Location","Dubai Properties","",""
"10273078","2025-04-28","Mudon","Al Ranim","Al Ranim 5","","","3300000","1407","15147","2345","217.87","Townhouse","3","","NULL","NULL","","1809","168.02","NULL","G+1","Active Listings","Single Row | Directly On Pool & Park","Dubai Properties","",""
"12081245","2025-11-18","Mudon","Al Ranim","Al Ranim 5","","","4190000","1438","15475","2914","270.76","Townhouse","3","","NULL","NULL","","1810","168.12","NULL","G+2","Active Listings","Modern Townhouse in a Prime Family Community","Dubai Properties","",""
"10086266","2025-02-15","Mudon","Al Ranim","Al Ranim 5","","","4100000","1403","15074","2923","272","Townhouse","4","","NULL","NULL","","0","0","NULL","G+1","Active Listings","Single Row | Park and Pool View | Prime Location","Dubai Properties","",""
"9100393","2025-09-18","Mudon","Al Ranim","Al Ranim 5","","","2950000","1255","13509","2350","218.38","Townhouse","3","","","","","1901","176.64","","G+1","Oqood","","Dubai Properties","","Resale"
"12367369","2026-01-06","Mudon","Al Ranim","Al Ranim 5","","","3925000","1590","17118","2468","229.29","Townhouse","4","","","","","2749","255.37","Type 4B1","G+1","Oqood","","Dubai Properties","","Resale"
"9042209","2025-07-24","Mudon","Al Ranim","Al Ranim 5","","","2800000","1191","12821","2351","218.39","Townhouse","3","","","","","1808","168.01","","G+1","Oqood","","Dubai Properties","","Resale"
"11909941","2025-11-04","Mudon","Al Ranim","Al Ranim 5","","","3850000","1560","16791","2468","229.29","Townhouse","4","","","","","2707","251.52","","G+1","Oqood","","Dubai Properties","","Resale"
"10384954","2025-06-10","Mudon","Al Ranim","Al Ranim 5","","","3500000","1165","12538","3005","279.15","Townhouse","4","","NULL","NULL","","2972","276.12","NULL","G+2","Active Listings","Genuine Sale / Prime Location / Big plot","Dubai Properties","",""
"12469858","2026-01-23","Mudon","Al Ranim","Al Ranim 5","","","3500000","1579","16990","2217","206","Townhouse","3","","NULL","NULL","NULL","0","0","NULL","G+1","Active Listings","Modern Layout | 3BR + Maid | Prime Location","Dubai Properties","",""
"12184078","2025-12-10","Mudon","Al Ranim","Al Ranim 5","","","3499999","1489","16055","2350","218","Townhouse","3","","NULL","NULL","","0","0","NULL","G+1","Active Listings","SINGLE ROW l MODERN LAYOUT l 3BR + MAIDS","Dubai Properties","",""
"11897466","2025-11-04","Mudon","Al Ranim","Al Ranim 5","","","3750000","1595","17172","2351","218.38","Townhouse","3","","NULL","NULL","","1810","168.14","NULL","G+1","Active Listings","Invest Now|Elite 3BR+M|Prime Area|Park+Pool Views","Dubai Properties","",""
"10158513","2025-03-20","Mudon","Al Ranim","Al Ranim 5","","","2800000","1548","16667","1809","168","Townhouse","3","","NULL","NULL","","0","0","NULL","G+1","Active Listings","Best Price | Prime location | With Maids Room","Dubai Properties","",""
"10134179","2025-02-26","Mudon","Al Ranim","Al Ranim 5","","","3900000","1224","13176","3186","296","Townhouse","4","","NULL","NULL","","0","0","NULL","G+1","Active Listings","Near to Pool and Park | Spacious | Prime Location","Dubai Properties","",""
"10844222","2025-08-13","Mudon","Al Ranim","Al Ranim 5","","","3400000","1167","12559","2914","270.73","Townhouse","3","","NULL","NULL","","1876","174.3","NULL","G+2","Active Listings","Motivated Seller | Premium Location | Offplan","Dubai Properties","",""
"12343690","2025-12-29","Mudon","Al Ranim","Al Ranim 5","","","3265000","1389","14950","2350","218.39","Townhouse","3","","","","","1856","172.43","Type 3B1","G+1","Oqood","","Dubai Properties","","Resale"
"10639275","2025-06-21","Mudon","Al Ranim","Al Ranim 5","","","2950000","1258","13540","2345","217.87","Townhouse","3","","NULL","NULL","","1810","168.11","NULL","G+1","Active Listings","Resale | Park View | Single Row | Garden Access","Dubai Properties","",""
"8926832","2025-04-15","Mudon","Al Ranim","Al Ranim 5","","","4150000","1381","14867","3004","279.15","Townhouse","4","","","","","3203","297.54","","G+2","Oqood","","Dubai Properties","","Resale"
"12515596","2026-02-03","Mudon","Al Ranim","Al Ranim 5","","","4200000","1441","15514","2914","270.73","Townhouse","3","","NULL","NULL","NULL","1809","168.03","NULL","G+2","Active Listings","Area Expert | Prime Family Community","Dubai Properties","",""
"12334738","2025-12-29","Mudon","Al Ranim","Al Ranim 5","","","3500000","1489","16027","2351","218.38","Townhouse","3","","NULL","NULL","","1901","176.64","NULL","G+1","Active Listings","Genuine Resale | Great Location | Motivated Seller","Dubai Properties","",""
"12227260","2025-12-18","Mudon","Al Ranim","Al Ranim 5","","","3600000","1235","13296","2914","270.76","Townhouse","3","","NULL","NULL","","1809","168.02","NULL","G+2","Active Listings","Soon to Handover | Single Row | Near Amenities","Dubai Properties","",""
"10989687","2025-10-01","Mudon","Al Ranim","Al Ranim 5","","","4300000","1742","18756","2468","229.26","Townhouse","4","","NULL","NULL","","2940","273.1","NULL","G+1","Active Listings","Rare Family Home I Prestigious Location I Call Now","Dubai Properties","",""
"10751751","2025-07-26","Mudon","Al Ranim","Al Ranim 5","","","4300000","1742","18756","2468","229.26","Townhouse","4","","NULL","NULL","","2940","273.1","NULL","G+1","Active Listings","Motivated Seller I Multiple Option I Cash Buyer","Dubai Properties","",""
"11858435","2025-10-30","Mudon","Al Ranim","Al Ranim 5","","","4300000","1431","15404","3004","279.15","Townhouse","4","","","","","4238","393.68","","G+2","Oqood","","Dubai Properties","","Resale"
"10133056","2025-02-15","Mudon","Al Ranim","Al Ranim 5","","","4100000","1403","15074","2923","272","Townhouse","4","","NULL","NULL","","0","0","NULL","G+1","Active Listings","Single Row | Park and Pool View | Prime Location","Dubai Properties","",""
"10987687","2025-11-25","Mudon","Al Ranim","Al Ranim 5","","","5200000","1730","18628","3005","279.15","Townhouse","4","","NULL","NULL","","2889","268.37","NULL","G+2","Active Listings","Single Row | G+2 Layout | 4 Bedrooms + Maid","Dubai Properties","",""
"10836719","2025-09-15","Mudon","Al Ranim","Al Ranim 5","","","3000000","1276","13761","2351","218","Townhouse","3","","NULL","NULL","","0","0","NULL","G+1","Active Listings","Multiple units | August 2026 | G+1 | Mudon","Dubai Properties","",""
"9068649","2025-08-14","Mudon","Al Ranim","Al Ranim 5","","","2900000","1237","13311","2345","217.87","Townhouse","3","","","","","1810","168.11","","G+1","Oqood","","Dubai Properties","","Resale"
"10377800","2025-06-06","Mudon","Al Ranim","Al Ranim 5","","","2999999","1279","13761","2345","218","Townhouse","3","","NULL","NULL","","0","0","NULL","G+1","Active Listings","Genuine Resale | Great investment | Near OP","Dubai Properties","",""
"12459336","2026-01-22","Mudon","Al Ranim","Al Ranim 5","","","3250000","1386","14917","2345","217.87","Townhouse","3","","NULL","NULL","","1808","168","NULL","G+1","Active Listings","Best Resale Deal | Motivated Seller|Prime Location","Dubai Properties","",""
"12320404","2025-12-24","Mudon","Al Ranim","Al Ranim 5","","","3300000","1822","19643","1811","168","Townhouse","3","","NULL","NULL","","0","0","NULL","G+1","Active Listings","MODERN LAYOUT l 3BR + MAIDS l PRIME LOCATION","Dubai Properties","",""
"12166426","2025-12-06","Mudon","Al Ranim","Al Ranim 5","","","3849999","1560","16791","2468","229.29","Townhouse","4","","NULL","NULL","","2733","253.87","NULL","G+1","Active Listings","MULTIPLE OPTION | PRIME LOCATION | INVESTOR DEAL","Dubai Properties","",""
"12105587","2025-11-27","Mudon","Al Ranim","Al Ranim 5","","","4500000","1498","16120","3005","279.15","Townhouse","4","","NULL","NULL","","3026","281.14","NULL","G+2","Active Listings","Exclusive | Single Row G+2 | Below Market","Dubai Properties","",""
"11835359","2025-11-04","Mudon","Al Ranim","Al Ranim 5","","","3500000","1489","16027","2351","218.38","Townhouse","3","","NULL","NULL","","1901","176.64","NULL","G+1","Active Listings","Genuine Resale | Great Location | Motivated Seller","Dubai Properties","",""
"9122608","2025-10-07","Mudon","Al Ranim","Al Ranim 5","","","2865000","1219","13119","2350","218.39","Townhouse","3","","","","","1810","168.2","","G+1","Oqood","","Dubai Properties","","Resale"
"12412719","2026-01-13","Mudon","Al Ranim","Al Ranim 5","","","4300000","1742","18756","2468","229.26","Townhouse","4","","NULL","NULL","","2940","273.1","NULL","G+1","Active Listings","Spacious I Brand New I Best Community I Call Now","Dubai Properties","",""
"12381357","2026-01-06","Mudon","Al Ranim","Al Ranim 5","","","3849999","1560","16791","2468","229.29","Townhouse","4","","NULL","NULL","","2733","253.87","NULL","G+1","Active Listings","MULTIPLE OPTION | PRIME LOCATION | INVESTOR DEAL","Dubai Properties","",""
"11826861","2025-11-26","Mudon","Al Ranim","Al Ranim 5","","","4600000","1864","20062","2468","229.29","Townhouse","4","","NULL","NULL","","3649","338.98","NULL","G+1","Active Listings","4 Bedrooms high ceilings | Family-Oriented Community |Large Plot on park.","Dubai Properties","",""
"11668371","2025-10-27","Mudon","Al Ranim","Al Ranim 5","","","5100000","2066","22243","2468","229.29","Townhouse","4","","NULL","NULL","","3649","338.98","NULL","G+1","Active Listings","Spacious 4 Bedrooms high ceilings | Family-Oriented Community |Large Plot on park.","Dubai Properties","",""
"11035381","2025-09-16","Mudon","Al Ranim","Al Ranim 5","","","4000000","1373","14773","2914","270.76","Townhouse","3","","NULL","NULL","","1810","168.12","NULL","G+2","Active Listings","G plus 2 I Park View I Rare Layout I Negotiable","Dubai Properties","",""
"10885310","2025-10-03","Mudon","Al Ranim","Al Ranim 5","","","3000000","1277","13761","2350","218","Townhouse","3","","NULL","NULL","","0","0","NULL","G+1","Active Listings","Brand New - Ranim 5 - Perfect Family Living","Dubai Properties","",""
"12493838","2026-01-29","Mudon","Al Ranim","Al Ranim 5","","","4100000","2157","23164","1901","177","Townhouse","3","","NULL","NULL","NULL","0","0","NULL","G+1","Active Listings","Single Row | On Garden & Pool | Negotiable Upto 3.6M","Dubai Properties","",""
"10370191","2025-06-03","Mudon","Al Ranim","Al Ranim 5","","","3000000","1276","13737","2351","218.39","Townhouse","3","","NULL","NULL","","1815","168.62","","G+1","Active Listings","Genuine Resale | Singe Row | Best Price","Dubai Properties","",""
"12216271","2025-12-16","Mudon","Al Ranim","Al Ranim 5","","","4200000","1702","18320","2468","229.26","Townhouse","4","","NULL","NULL","","5175","480.78","NULL","G+1","Active Listings","PRIME LOCATION | SINGLE ROW | MULTIPLE OPTIONS","Dubai Properties","",""
"10341893","2025-05-24","Mudon","Al Ranim","Al Ranim 5","","","2999990","1277","13761","2350","218","Apartment","3","","NULL","NULL","","0","0","NULL","","Active Listings","SINGLE ROW l MODERN LAYOUT l 3BR + Maids","Dubai Properties","",""
"12213685","2025-12-16","Mudon","Al Ranim","Al Ranim 5","","","4300000","1742","18756","2468","229.26","Townhouse","4","","NULL","NULL","","2940","273.1","NULL","G+1","Active Listings","Spacious I Brand New I Best Community I Call Now","Dubai Properties","",""
"12157609","2025-12-05","Mudon","Al Ranim","Al Ranim 5","","","4100000","1661","17884","2468","229.26","Townhouse","4","","NULL","NULL","","2923","271.6","NULL","G+1","Active Listings","Single Row | Park and Pool View | Prime Location","Dubai Properties","",""
"10129064","2025-02-11","Mudon","Al Ranim","Al Ranim 5","","","2800000","1191","12844","2351","218","Townhouse","3","","NULL","NULL","","0","0","NULL","G+1","Active Listings","Genuine Resale | Singe Row | Best Price","Dubai Properties","",""
"10708878","2025-07-15","Mudon","Al Ranim","Al Ranim 5","","","3700000","2045","22024","1809","168","Townhouse","3","","NULL","NULL","","0","0","NULL","G+1","Active Listings","3Bedrooms + Maids | Single Row Townhouse |High ROI","Dubai Properties","",""
"10687509","2025-07-07","Mudon","Al Ranim","Al Ranim 5","","","2800000","1549","16667","1808","168","Townhouse","3","","NULL","NULL","","0","0","NULL","G+1","Active Listings","Single Row | Quality Finishes | Great Price","Dubai Properties","",""
"10764237","2025-07-30","Mudon","Al Ranim","Al Ranim 5","","","4300000","1742","18756","2468","229.26","Townhouse","4","","NULL","NULL","","2940","273.1","NULL","G+1","Active Listings","Motivated Seller I Multiple Option I Cash Buyer","Dubai Properties","",""
"8902631","2025-03-18","Mudon","Al Ranim","Al Ranim 5","","","3075000","1055","11358","2914","270.73","Townhouse","3","","","","","1815","168.64","","G+2","Oqood","","Dubai Properties","","Resale"
"10317194","2025-05-16","Mudon","Al Ranim","Al Ranim 5","","","3400000","1167","12559","2914","270.73","Townhouse","3","","NULL","NULL","","1876","174.3","NULL","G+2","Active Listings","Motivated Seller | Premium Location | Offplan","Dubai Properties","",""
"11929940","2025-11-07","Mudon","Al Ranim","Al Ranim 5","","","3215000","1371","14757","2345","217.87","Townhouse","3","","NULL","NULL","","1917","178.11","Type 3B1","G+1","Active Listings","Modern 3-Bedroom + Maid’s Townhouse | Mudon Al Ranim","Dubai Properties","",""
"10167702","2025-03-10","Mudon","Al Ranim","Al Ranim 5","","","3800000","1200","12925","3167","294","Townhouse","4","","NULL","NULL","","0","0","NULL","G+1","Active Listings","4 BR Villa | Big Layout | Resale","Dubai Properties","",""
"10901009","2025-12-17","Mudon","Al Ranim","Al Ranim 5","","","4650000","1884","20280","2468","229.29","Townhouse","4","","NULL","NULL","","4329","402.22","NULL","G+1","Active Listings","Modern 4BR Townhouse | Biggest plot | Genuine Resale","Dubai Properties","",""
"10222912","2025-04-08","Mudon","Al Ranim","Al Ranim 5","","","3999999","1263","13605","3167","294","Townhouse","4","","NULL","NULL","","0","0","NULL","G+1","Active Listings","SINGLE ROW - 4B2 - CLOSE TO PARK - MULTIPLE OPTIONS","Dubai Properties","",""
"12482342","2026-01-27","Mudon","Al Ranim","Al Ranim 5","","","4999000","1664","17908","3005","279.15","Townhouse","4","","NULL","NULL","NULL","2889","268.37","NULL","G+2","Active Listings","Big Plot | Brand New | Available Now | Unfurnished","Dubai Properties","",""
"12352074","2026-01-02","Mudon","Al Ranim","Al Ranim 5","","","4650000","1887","20306","2464","229","Townhouse","4","","NULL","NULL","","0","0","NULL","G+1","Active Listings","END UNIT | LARGE PLOT | PARK VIEW","Dubai Properties","",""
"12126630","2025-11-27","Mudon","Al Ranim","Al Ranim 5","","","4999999","1664","17912","3005","279.15","Townhouse","4","","NULL","NULL","","2889","268.37","NULL","G+2","Active Listings","Single Row | G+2 Layout | 4 BR TH + Maid","Dubai Properties","",""
"10142933","2025-02-18","Mudon","Al Ranim","Al Ranim 5","","","2899999","1234","13303","2350","218","Townhouse","3","","NULL","NULL","","0","0","NULL","G+1","Active Listings","Morden Design | Resale | Single Row | 50% Paid","Dubai Properties","",""
"11684846","2025-11-05","Mudon","Al Ranim","Al Ranim 5","","","4200000","1398","15046","3005","279.15","Townhouse","4","","NULL","NULL","","2827","262.66","NULL","G+2","Active Listings","4BR+M I G+2 I Double Height  I Elegant Finishing","Dubai Properties","",""
"10961073","2025-09-04","Mudon","Al Ranim","Al Ranim 5","","","3500000","1201","12928","2914","270.73","Townhouse","3","","NULL","NULL","","1876","174.3","NULL","G+2","Active Listings","Exclusive | Motivated Seller | Great Location","Dubai Properties","",""
"10854225","2026-01-03","Mudon","Al Ranim","Al Ranim 5","","","4000000","1331","14329","3005","279.15","Townhouse","4","","NULL","NULL","","2972","276.12","NULL","G+2","Active Listings","Genuine Sale / Prime Location / Big plot","Dubai Properties","",""
"9105995","2025-09-24","Mudon","Al Ranim","Al Ranim 5","","","3450000","1184","12743","2914","270.73","Townhouse","3","","","","","1876","174.3","","G+2","Oqood","","Dubai Properties","","Resale"
"12305552","2025-12-24","Mudon","Al Ranim","Al Ranim 5","","","3800000","1304","14036","2914","270.73","Townhouse","3","","NULL","NULL","","1808","168.01","NULL","G+2","Active Listings","Exclusive | Single Row | Expansive Open Layout","Dubai Properties","",""
"12189782","2025-12-11","Mudon","Al Ranim","Al Ranim 5","","","4900000","1631","17553","3005","279.15","Townhouse","4","","NULL","NULL","","4238","393.68","NULL","G+2","Active Listings","Biggest Plot Size| Motivated Seller| Handover Soon","Dubai Properties","",""
"11901871","2025-11-04","Mudon","Al Ranim","Al Ranim 5","","","4900000","1631","17553","3005","279.15","Townhouse","4","","NULL","NULL","","4238","393.68","NULL","G+2","Active Listings","Biggest Plot Size| Motivated Seller| Handover Soon","Dubai Properties","",""
"11683589","2025-11-05","Mudon","Al Ranim","Al Ranim 5","","","4100000","1661","17884","2468","229.26","Townhouse","4","","NULL","NULL","","2923","271.6","NULL","G+1","Active Listings","Single Row | Park and Pool View | Prime Location","Dubai Properties","",""
"10926196","2025-08-29","Mudon","Al Ranim","Al Ranim 5","","","3800000","1300","13971","2923","272","Townhouse","4","","NULL","NULL","","0","0","NULL","G+1","Active Listings","Single Row | Park and Pool View | Prime Location","Dubai Properties","",""
"10817023","2025-08-10","Mudon","Al Ranim","Al Ranim 5","","","4000000","1331","14337","3005","279","Townhouse","4","","NULL","NULL","","0","0","NULL","G+1","Active Listings","4B2M | G+2 | Corner Unit with Large Layout","Dubai Properties","",""
"12188782","2025-12-11","Mudon","Al Ranim","Al Ranim 5","","","3950000","1356","14589","2914","270.76","Townhouse","3","","NULL","NULL","","1896","176.13","NULL","G+2","Active Listings","Triplex | Handover Soon | Largest Layout","Dubai Properties","",""
"11680237","2025-10-28","Mudon","Al Ranim","Al Ranim 5","","","3500000","1489","16027","2351","218.38","Townhouse","3","","NULL","NULL","","1901","176.64","NULL","G+1","Active Listings","Genuine Resale | Great Location | Motivated Seller","Dubai Properties","",""
"10087749","2025-02-15","Mudon","Al Ranim","Al Ranim 5","","","2790000","1187","12775","2351","218.39","Townhouse","3","","NULL","NULL","","1853","172.19","NULL","G+1","Active Listings","3 Br | Community Living | Motivated Seller","Dubai Properties","",""
"11941629","2025-11-11","Mudon","Al Ranim","Al Ranim 5","","","3725000","1509","16246","2468","229.29","Townhouse","4","","","","","2683","249.3","","G+1","Oqood","","Dubai Properties","","Resale"
"12436579","2026-01-16","Mudon","Al Ranim","Al Ranim 5","","","3950000","1356","14589","2914","270.76","Townhouse","3","","NULL","NULL","","1896","176.13","NULL","G+2","Active Listings","Triplex | Handover Soon | Largest Layout","Dubai Properties","",""
"10301029","2025-05-09","Mudon","Al Ranim","Al Ranim 5","","","3999999","1331","14329","3005","279.15","Townhouse","4","","NULL","NULL","","2830","262.93","NULL","G+2","Active Listings","Luxury G+2 Villa | Close to Pool | Best Price","Dubai Properties","",""
"11898200","2025-11-04","Mudon","Al Ranim","Al Ranim 5","","","3850000","1560","16791","2468","229.29","Townhouse","4","","NULL","NULL","","3093","287.33","","G+1","Active Listings","Spacious 4 Br+Maid | Mudon Al Ranim 5 | Large Plot","Dubai Properties","",""
"10159177","2025-03-07","Mudon","Al Ranim","Al Ranim 5","","","2999990","1276","13737","2351","218.39","Townhouse","3","","NULL","NULL","","1817","168.78","NULL","G+1","Active Listings","SINGLE ROW l MODERN LAYOUT l 3BR + Maids","Dubai Properties","",""
"10134957","2025-02-28","Mudon","Al Ranim","Al Ranim 5","","","2900000","1560","16763","1859","173","Townhouse","3","","NULL","NULL","","0","0","NULL","G+1","Active Listings","3 BR plus Maids | Stunning View | Prime Location","Dubai Properties","",""
"12362590","2026-01-05","Mudon","Al Ranim","Al Ranim 5","","","4050000","1348","14508","3004","279.15","Townhouse","4","","","","","2584","240.03","Type 4B2","G+2","Oqood","","Dubai Properties","","Resale"
"11906764","2025-11-03","Mudon","Al Ranim","Al Ranim 5","","","3700000","1499","16137","2468","229.29","Townhouse","4","","","","","2720","252.7","","G+1","Oqood","","Dubai Properties","","Resale"
"10384530","2025-06-09","Mudon","Al Ranim","Al Ranim 5","","","2750000","1170","12592","2351","218.39","Townhouse","3","","NULL","NULL","","1808","168.01","NULL","G+1","Active Listings","Single Row | Prime Location | Genuine Resale","Dubai Properties","",""
"10182655","2025-03-21","Mudon","Al Ranim","Al Ranim 5","","","3150000","1081","11624","2914","271","Townhouse","3","","NULL","NULL","","0","0","NULL","G+1","Active Listings","Lowest | 3Bed + Family + Maid | G+2","Dubai Properties","",""
"11896097","2025-11-06","Mudon","Al Ranim","Al Ranim 5","","","3450000","1468","15797","2350","218.39","Townhouse","3","","NULL","NULL","","1856","172.43","Type 3B1","G+1","Active Listings","Green Belt I Walk in to the Pool I Hand over Soon","Dubai Properties","",""
"11673553","2025-10-14","Mudon","Al Ranim","Al Ranim 5","","","4300000","1742","18756","2468","229.26","Townhouse","4","","NULL","NULL","","2940","273.1","NULL","G+1","Active Listings","GENUINE LISTING | 4 BR G+1 | RANIM 5","Dubai Properties","",""
"10665223","2025-06-29","Mudon","Al Ranim","Al Ranim 5","","","4100000","1364","14687","3005","279.15","Townhouse","4","","NULL","NULL","","2923","271.55","NULL","G+2","Active Listings","G+2 Layout | Family Retreat | Green Trails","Dubai Properties","",""
"8988678","2025-05-29","Mudon","Al Ranim","Al Ranim 5","","","2925000","1244","13394","2351","218.38","Townhouse","3","","","","","1879","174.58","","G+1","Oqood","","Dubai Properties","","Resale"
"8925877","2025-04-15","Mudon","Al Ranim","Al Ranim 5","","","2650000","1128","12134","2350","218.39","Townhouse","3","","","","","1815","168.62","","G+1","Oqood","","Dubai Properties","","Resale"
"12328167","2025-12-26","Mudon","Al Ranim","Al Ranim 5","","","3450000","1468","15797","2350","218.39","Townhouse","3","","NULL","NULL","","1856","172.43","Type 3B1","G+1","Active Listings","Green Belt I Walk in to the Pool I Hand over Soon","Dubai Properties","",""
"10265819","2025-04-25","Mudon","Al Ranim","Al Ranim 5","","","2900000","1597","17160","1816","169","Townhouse","3","","NULL","NULL","","0","0","NULL","G+1","Active Listings","Premium Location | Single Row | Spacious Layout","Dubai Properties","",""
"10211707","2025-04-03","Mudon","Al Ranim","Al Ranim 5","","","2999888","1651","17751","1817","169","Townhouse","3","","NULL","NULL","","0","0","NULL","G+1","Active Listings","Genuine Resale-Single Row- Close to Exit","Dubai Properties","",""
"11672041","2026-01-03","Mudon","Al Ranim","Al Ranim 5","","","3500000","1489","16027","2351","218.38","Townhouse","3","","NULL","NULL","","1901","176.64","NULL","G+1","Active Listings","Genuine For Sale | 3_Bedrooms | Prime Location","Dubai Properties","",""
"10863043","2025-09-19","Mudon","Al Ranim","Al Ranim 5","","","3400000","1872","20118","1816","169","Townhouse","3","","NULL","NULL","","0","0","NULL","G+1","Active Listings","Premium Location | Multiple | Spacious Layout","Dubai Properties","",""
"10813006","2025-08-08","Mudon","Al Ranim","Al Ranim 5","","","3200000","1361","14653","2351","218.39","Townhouse","3","","NULL","NULL","","1808","168.01","","G+1","Active Listings","Motivated Seller | Genuine Resale | Ready Q3 2026","Dubai Properties","",""
"10693154","2025-07-09","Mudon","Al Ranim","Al Ranim 5","","","3000000","1277","13761","2350","218","Townhouse","3","","NULL","NULL","","0","0","NULL","G+1","Active Listings","Luxury Living - 3 Bed - Upscale urban living","Dubai Properties","",""
"8986115","2025-05-27","Mudon","Al Ranim","Al Ranim 5","","","2730000","1161","12501","2351","218.39","Townhouse","3","","","","","1818","168.86","","G+1","Oqood","","Dubai Properties","","Resale"
"10380274","2025-06-07","Mudon","Al Ranim","Al Ranim 5","","","3000000","1279","13761","2345","218","Townhouse","3","","NULL","NULL","","0","0","NULL","G+1","Active Listings","Single Row | 3BED+Maid | Storage","Dubai Properties","",""
"10348428","2025-05-26","Mudon","Al Ranim","Al Ranim 5","","","3300000","1407","15147","2345","217.87","Townhouse","3","","NULL","NULL","","1809","168.02","NULL","G+1","Active Listings","Single Row | Directly On Pool and Park","Dubai Properties","",""
"12226020","2025-12-18","Mudon","Al Ranim","Al Ranim 5","","","3300000","1407","15147","2345","217.87","Townhouse","3","","NULL","NULL","","1919","178.26","Type 3B1","G+1","Active Listings","Single Row On The Park | Modern and Prime Unit","Dubai Properties","",""
"11771445","2025-11-04","Mudon","Al Ranim","Al Ranim 5","","","4250000","1414","15225","3005","279.15","Townhouse","4","","NULL","NULL","","2972","276.12","NULL","G+2","Active Listings","END CORNER | G+2 | BIG PLOT | INVESTOR DEAL","Dubai Properties","",""
"10945475","2025-08-21","Mudon","Al Ranim","Al Ranim 5","","","3200000","1362","14679","2350","218","Townhouse","3","","NULL","NULL","","0","0","NULL","G+1","Active Listings","Genuine Resale | Motivated Seller | Ready Q3 2026","Dubai Properties","",""
"10690796","2025-07-08","Mudon","Al Ranim","Al Ranim 5","","","3000000","1276","13737","2351","218.39","Townhouse","3","","NULL","NULL","","1815","168.62","","G+1","Active Listings","Genuine Resale | Singe Row | Best Price","Dubai Properties","",""
"12381754","2026-01-06","Mudon","Al Ranim","Al Ranim 5","","","5000000","1664","17912","3005","279.15","Townhouse","4","","NULL","NULL","","2584","240.03","NULL","G+2","Active Listings","Ready Soon | Prime Location| Bigger Plot Size","Dubai Properties","",""
"10209827","2025-04-02","Mudon","Al Ranim","Al Ranim 5","","","3375000","1158","12454","2914","271","Townhouse","3","","NULL","NULL","","0","0","NULL","G+1","Active Listings","Single Row | Vastu | Payment Plan","Dubai Properties","",""
"12105553","2025-11-27","Mudon","Al Ranim","Al Ranim 5","","","3750000","1595","17172","2351","218.38","Townhouse","3","","NULL","NULL","","1810","168.14","NULL","G+1","Active Listings","Invest Now|Elite 3BR+M|Prime Area|Park+Pool Views","Dubai Properties","",""
"10862031","2026-01-03","Mudon","Al Ranim","Al Ranim 5","","","3500000","1489","16027","2351","218.38","Townhouse","3","","NULL","NULL","","1901","176.64","NULL","G+1","Active Listings","Elegant 3BR Townhouse in Mudon Al Ranim 5 | Family Living at Its Best | Prime Investment","Dubai Properties","",""
"8910788","2025-03-24","Mudon","Al Ranim","Al Ranim 5","","","3750000","1248","13434","3004","279.15","Townhouse","4","","","","","3189","296.3","","G+2","Oqood","","Dubai Properties","","Resale"
"12451166","2026-01-20","Mudon","Al Ranim","Al Ranim 5","","","3600000","1531","16484","2351","218.39","Townhouse","3","","NULL","NULL","","1815","168.66","NULL","G+1","Active Listings","Family Friendly Living | Modern 3 BHK |","Dubai Properties","",""
"12412687","2026-01-13","Mudon","Al Ranim","Al Ranim 5","","","3450000","1467","15797","2351","218.39","Townhouse","3","","NULL","NULL","","1856","172.43","NULL","G+1","Active Listings","Green Belt I Walk in to the Pool I Hand over Soon","Dubai Properties","",""
"11935920","2025-11-08","Mudon","Al Ranim","Al Ranim 5","","","3600000","1531","16514","2351","218","Townhouse","3","","NULL","NULL","","0","0","NULL","G+1","Active Listings","On the Park| Best Investment| Handover Soon","Dubai Properties","",""
"10829582","2025-11-07","Mudon","Al Ranim","Al Ranim 5","","","2900000","1237","13311","2345","217.87","Townhouse","3","","NULL","NULL","","1917","178.11","Type 3B1","G+1","Active Listings","Luxury 3 Bed | Single Row | Big Layout","Dubai Properties","",""
"10368603","2025-06-02","Mudon","Al Ranim","Al Ranim 5","","","3300000","1407","15147","2345","217.87","Townhouse","3","","NULL","NULL","","1809","168.02","NULL","G+1","Active Listings","Single Row | Directly On Pool and Park","Dubai Properties","",""
"10743726","2025-07-24","Mudon","Al Ranim","Al Ranim 5","","","2850000","1215","13073","2345","218","Townhouse","3","","NULL","NULL","","0","0","NULL","G+1","Active Listings","Genuine Resale | Spacious Layout | Prime Location","Dubai Properties","",""
"9117294","2025-10-01","Mudon","Al Ranim","Al Ranim 5","","","2865000","1222","13150","2345","217.87","Townhouse","3","","","","","1815","168.63","","G+1","Oqood","","Dubai Properties","","Resale"
"12354709","2026-01-02","Mudon","Al Ranim","Al Ranim 5","","","4599999","1531","16479","3005","279.15","Townhouse","4","","NULL","NULL","","2827","262.66","NULL","G+2","Active Listings","4BR+M I G+2 I Double Height I Elegant Finishing","Dubai Properties","",""
"11755095","2026-01-03","Mudon","Al Ranim","Al Ranim 5","","","4700000","1904","20498","2468","229.29","Townhouse","4","","NULL","NULL","","3649","338.98","NULL","G+1","Active Listings","Luxury and Spacious Villa I Prime Location I Brand New","Dubai Properties","",""
"11035274","2025-11-27","Mudon","Al Ranim","Al Ranim 5","","","3950000","1600","17227","2468","229.29","Townhouse","4","","NULL","NULL","","2749","255.37","Type 4B1","G+1","Active Listings","DISTRESS DEAL | CORNER UNIT | FRONT OF PARK | SINGLE ROW | G+1 | NO AGENTS PLEASE","Dubai Properties","",""
"12306437","2025-12-23","Mudon","Al Ranim","Al Ranim 5","","","3199999","1365","14688","2345","217.87","Townhouse","3","","NULL","NULL","","1917","178.11","Type 3B1","G+1","Active Listings","Motivated seller | Spacious layout | Handover soon","Dubai Properties","",""
"10222897","2025-04-08","Mudon","Al Ranim","Al Ranim 5","","","3849999","1216","13095","3167","294","Townhouse","4","","NULL","NULL","","0","0","NULL","G+1","Active Listings","4B2 - SINGLE ROW - SPACIOUS LAYOUT - CLOSE TO PARK","Dubai Properties","",""
"12137485","2025-11-28","Mudon","Al Ranim","Al Ranim 5","","","3500000","1489","16027","2351","218.38","Townhouse","3","","NULL","NULL","","1901","176.64","NULL","G+1","Active Listings","Genuine Resale | Great Location | Motivated Seller","Dubai Properties","",""
"12094635","2025-11-27","Mudon","Al Ranim","Al Ranim 5","","","3450000","1468","15797","2350","218.39","Townhouse","3","","NULL","NULL","","1856","172.43","Type 3B1","G+1","Active Listings","Near Amenities I Prime Location I Handover Soon","Dubai Properties","",""
"11917117","2025-11-05","Mudon","Al Ranim","Al Ranim 5","","","4000000","1373","14773","2914","270.76","Townhouse","3","","NULL","NULL","","1810","168.12","NULL","G+2","Active Listings","Park View I 3BR G+2 I Negotiable I Best Community","Dubai Properties","",""
"11687396","2025-11-04","Mudon","Al Ranim","Al Ranim 5","","","4300000","1742","18756","2468","229.26","Townhouse","4","","NULL","NULL","","2940","273.1","NULL","G+1","Active Listings","Spacious I Brand New I Best Community I Call Now","Dubai Properties","",""
"9107351","2025-09-25","Mudon","Al Ranim","Al Ranim 5","","","2850000","1213","13050","2350","218.39","Townhouse","3","","","","","1815","168.66","","G+1","Oqood","","Dubai Properties","","Resale"
"12466058","2026-01-23","Mudon","Al Ranim","Al Ranim 5","","","4500000","1498","16120","3004","279.15","Townhouse","4","","","","","2790","259.17","Type 4B2","G+2","Oqood","","Dubai Properties","","Resale"
"12103441","2025-11-20","Mudon","Al Ranim","Al Ranim 5","","","3405000","1168","12577","2914","270.73","Townhouse","3","","","","","1909","177.32","","G+2","Oqood","","Dubai Properties","","Resale"
"10360787","2025-05-30","Mudon","Al Ranim","Al Ranim 5","","","3100000","1319","14220","2350","218","Townhouse","3","","NULL","NULL","","0","0","NULL","G+1","Active Listings","SINGLE ROW l MODERN LAYOUT l 3BR + MAIDS","Dubai Properties","",""
"12351529","2026-01-02","Mudon","Al Ranim","Al Ranim 5","","","4600000","1864","20062","2468","229.29","Townhouse","4","","NULL","NULL","","3649","338.98","NULL","G+1","Active Listings","4 Bedrooms high ceilings | Family-Oriented Community |Large Plot on park.","Dubai Properties","",""
"10142669","2025-02-10","Mudon","Al Ranim","Al Ranim 5","","","3200000","1770","19048","1808","168","Townhouse","3","","NULL","NULL","","0","0","NULL","G+1","Active Listings","Best Location | Pool VIew | Near to Amenities","Dubai Properties","",""
"11684778","2025-11-05","Mudon","Al Ranim","Al Ranim 5","","","3050000","1297","13966","2351","218.39","Townhouse","3","","NULL","NULL","","1811","168.29","NULL","G+1","Active Listings","Single Row | Genuine Seller | Backing the Park","Dubai Properties","",""
"10893542","2025-09-30","Mudon","Al Ranim","Al Ranim 5","","","4200000","1398","15046","3005","279.15","Townhouse","4","","NULL","NULL","","2827","262.66","NULL","G+2","Active Listings","4BR+M I G+2 I Double Height  I Elegant Finishing","Dubai Properties","",""
"10852522","2025-11-04","Mudon","Al Ranim","Al Ranim 5","","","3250000","1383","14908","2350","218","Townhouse","3","","NULL","NULL","","0","0","NULL","G+1","Active Listings","SINGLE ROW l MODERN LAYOUT l 3BR + MAIDS","Dubai Properties","",""
"9105513","2025-09-24","Mudon","Al Ranim","Al Ranim 5","","","4050000","1348","14508","3004","279.15","Townhouse","4","","","","","2830","262.93","","G+2","Oqood","","Dubai Properties","","Resale"
"12415935","2026-01-14","Mudon","Al Ranim","Al Ranim 5","","","3150000","1343","14458","2345","217.87","Townhouse","3","","","","","1917","178.11","Type 3B1","G+1","Oqood","","Dubai Properties","","Resale"
"9051801","2025-08-04","Mudon","Al Ranim","Al Ranim 5","","","3366000","1120","12058","3005","279.15","Townhouse","4","","","","","3167","294.26","","G+2","Oqood","","Dubai Properties","","Resale"
"10756122","2025-07-28","Mudon","Al Ranim","Al Ranim 5","","","2850000","1215","13073","2345","218","Townhouse","3","","NULL","NULL","","0","0","NULL","G+1","Active Listings","Single Row | Motivated seller | Call now","Dubai Properties","",""
"10645936","2025-06-24","Mudon","Al Ranim","Al Ranim 5","","","2850000","1215","13073","2345","218","Townhouse","3","","NULL","NULL","","0","0","NULL","G+1","Active Listings","Genuine Resale | Spacious Layout | Prime Location","Dubai Properties","",""
"8962893","2025-05-01","Mudon","Al Ranim","Al Ranim 5","","","3000000","1030","11081","2914","270.73","Townhouse","3","","","","","1876","174.3","","G+2","Oqood","","Dubai Properties","","Resale"
"12473054","2026-01-24","Mudon","Al Ranim","Al Ranim 5","","","4500000","1498","16120","3005","279.15","Townhouse","4","","NULL","NULL","NULL","3026","281.14","NULL","G+2","Active Listings","Exclusive | Single Row G+2 | Below Market","Dubai Properties","",""
"10135883","2025-08-18","Mudon","Al Ranim","Al Ranim 5","","","3700000","1270","13653","2914","271","Townhouse","3","","NULL","NULL","","0","0","NULL","G+1","Active Listings","Luxury 3 Bedroom Villa l Handover Q3 -2026","Dubai Properties","",""
"11657640","2025-11-04","Mudon","Al Ranim","Al Ranim 5","","","4000000","1373","14773","2914","270.76","Townhouse","3","","NULL","NULL","","1810","168.12","NULL","G+2","Active Listings","Park View I 3BR G+2 I Negotiable I Best Community","Dubai Properties","",""
"11713510","2025-11-05","Mudon","Al Ranim","Al Ranim 5","","","4000000","1373","14773","2914","270.76","Townhouse","3","","NULL","NULL","","1810","168.12","NULL","G+2","Active Listings","3BR G+2 | Facing Pool And Park | Single Row","Dubai Properties","",""
"10997035","2025-08-28","Mudon","Al Ranim","Al Ranim 5","","","3500000","1489","16027","2351","218.38","Townhouse","3","","NULL","NULL","","1901","176.64","NULL","G+1","Active Listings","Elegant 3BR Townhouse in Mudon Al Ranim 5 | Family Living at Its Best | Prime Investment","Dubai Properties","",""
"10874547","2025-08-29","Mudon","Al Ranim","Al Ranim 5","","","4100000","1365","14695","3003","279","Townhouse","4","","NULL","NULL","","0","0","NULL","G+1","Active Listings","G+2 Layout | Family Retreat | Green Trails","Dubai Properties","",""
"12373511","2026-01-08","Mudon","Al Ranim","Al Ranim 5","","","3225000","1375","14802","2345","217.87","Townhouse","3","","","","","1808","168","Type 3B1","G+1","Oqood","","Dubai Properties","","Resale"
"11942310","2025-11-11","Mudon","Al Ranim","Al Ranim 5","","","3750000","1519","16355","2468","229.29","Townhouse","4","","","","","3093","287.33","","G+1","Oqood","","Dubai Properties","","Resale"
"10273158","2025-04-28","Mudon","Al Ranim","Al Ranim 5","","","2770000","1179","12706","2350","218","Townhouse","3","","NULL","NULL","","0","0","NULL","G+1","Active Listings","Exclusive | Single Row | Good Investment","Dubai Properties","",""
"12241313","2025-12-19","Mudon","Al Ranim","Al Ranim 5","","","5200000","2107","22682","2468","229.26","Townhouse","4","","NULL","NULL","","4306","400.01","NULL","G+1","Active Listings","Single Row | Park and Pool View | Prime Location","Dubai Properties","",""
"10086325","2025-02-15","Mudon","Al Ranim","Al Ranim 5","","","3950000","1351","14522","2923","272","Townhouse","4","","NULL","NULL","","0","0","NULL","G+1","Active Listings","Single Row |Park and Pool View |Prime Location","Dubai Properties","",""
"10848316","2025-08-15","Mudon","Al Ranim","Al Ranim 5","","","2800000","1191","12821","2351","218.39","Townhouse","3","","NULL","NULL","","1810","168.2","NULL","G+1","Active Listings","Prime Investment Opportunity in Ranim 5","Dubai Properties","",""
"8992422","2025-06-02","Mudon","Al Ranim","Al Ranim 5","","","2880000","1226","13187","2350","218.39","Townhouse","3","","","","","1815","168.62","","G+1","Oqood","","Dubai Properties","","Resale"
"10642294","2025-06-23","Mudon","Al Ranim","Al Ranim 5","","","3200000","1361","14653","2351","218.39","Townhouse","3","","NULL","NULL","","1808","168.01","","G+1","Active Listings","Genuine Resale | Motivated Seller | Ready Q3 2026","Dubai Properties","",""
"10241726","2025-04-17","Mudon","Al Ranim","Al Ranim 5","","","4500000","1405","15101","3203","298","Townhouse","4","","NULL","NULL","","0","0","NULL","G+1","Active Listings","On the Park | Genuine Deal | Excellent Layout","Dubai Properties","",""
"12119592","2025-12-04","Mudon","Al Ranim","Al Ranim 5","","","3450000","1468","15797","2350","218.39","Townhouse","3","","NULL","NULL","","1856","172.43","Type 3B1","G+1","Active Listings","Green Belt I Walk in to the Pool I Hand over Soon","Dubai Properties","",""
"10296332","2025-05-07","Mudon","Al Ranim","Al Ranim 5","","","2999999","1276","13737","2351","218.39","Townhouse","3","","NULL","NULL","","1815","168.62","","G+1","Active Listings","Genuine Resale | Great investment | Near OP","Dubai Properties","",""
"8987754","2025-05-28","Mudon","Al Ranim","Al Ranim 5","","","3350000","1357","14612","2468","229.26","Townhouse","4","","","","","3011","279.77","","G+1","Oqood","","Dubai Properties","","Resale"
"12226727","2025-12-18","Mudon","Al Ranim","Al Ranim 5","","","4650000","1884","20280","2468","229.29","Townhouse","4","","NULL","NULL","","4329","402.22","NULL","G+1","Active Listings","Modern 4BR Townhouse | Biggest plot | Genuine Resale","Dubai Properties","",""
"10235651","2025-04-14","Mudon","Al Ranim","Al Ranim 5","","","2900000","1234","13279","2351","218.39","Townhouse","3","","NULL","NULL","","1815","168.62","","G+1","Active Listings","Modern Design | Near Pool | Single Row","Dubai Properties","",""
"10133138","2025-02-15","Mudon","Al Ranim","Al Ranim 5","","","3950000","1351","14522","2923","272","Townhouse","4","","NULL","NULL","","0","0","NULL","G+1","Active Listings","Single Row |Park and Pool View |Prime Location","Dubai Properties","",""
"9019459","2025-07-01","Mudon","Al Ranim","Al Ranim 6","","","2624000","1117","12016","2350","218.38","Townhouse","3","","","","","1808","168","","G+1","Oqood","","Dubai Properties","","Resale"
"12414839","2026-01-13","Mudon","Al Ranim","Al Ranim 6","","","3400000","1447","15596","2350","218","Townhouse","3","","NULL","NULL","","0","0","NULL","G+1","Active Listings","Park Views | Premium Community | Smart Investment","Dubai Properties","",""
"12382404","2026-01-06","Mudon","Al Ranim","Al Ranim 6","","","3300000","1407","15147","2345","217.87","Townhouse","3","","NULL","NULL","","1889","175.53","NULL","G+1","Active Listings","Spacious 3 Br+Maid | Mudon Al Ranim 6 |","Dubai Properties","",""
"10690425","2025-07-08","Mudon","Al Ranim","Al Ranim 6","","","2700000","1151","12393","2345","217.87","Townhouse","3","","NULL","NULL","","2034","189.01","NULL","G+1","Active Listings","Spacious Layout | Payment Plan | Single Row","Dubai Properties","",""
"12381465","2026-01-06","Mudon","Al Ranim","Al Ranim 6","","","3190000","1360","14642","2345","217.87","Townhouse","3","","NULL","NULL","","1984","184.28","NULL","G+1","Active Listings","Best Investment| Premium Location| Genuine Resale","Dubai Properties","",""
"12219886","2025-12-17","Mudon","Al Ranim","Al Ranim 6","","","4350000","1448","15583","3004","279.15","Townhouse","4","","NULL","NULL","","3067","284.92","Type 4B2","G+2","Active Listings","4 BR + Maids Villa | Ranim Phase 6 | Resale","Dubai Properties","",""
"10885705","2025-08-11","Mudon","Al Ranim","Al Ranim 6","","","2850000","1215","13081","2345","217.87","Townhouse","3","","NULL","NULL","","2034","189.01","NULL","G+1","Active Listings","Spacious Layout | Payment Plan | Single Row","Dubai Properties","",""
"10283879","2025-05-02","Mudon","Al Ranim","Al Ranim 6","","","3900000","1298","13978","3004","279","Apartment","4","","NULL","NULL","","0","0","NULL","","Active Listings","Elegant  Villa  | Great location | Motivated Seller","Dubai Properties","",""
"12159312","2025-12-18","Mudon","Al Ranim","Al Ranim 6","","","3249999","1115","12005","2914","270.73","Townhouse","3","","NULL","NULL","","1808","168.01","NULL","G+2","Active Listings","MULTIPLE OPTIONS || EXCLUSIVE UNIT || CLOSE TO PARK","Dubai Properties","",""
"10152086","2025-03-07","Mudon","Al Ranim","Al Ranim 6","","","3050000","1594","17135","1913","178","Townhouse","3","","NULL","NULL","","0","0","NULL","G+1","Active Listings","Single Row | Near Central Park | Sunset View","Dubai Properties","",""
"11048216","2025-09-16","Mudon","Al Ranim","Al Ranim 6","","","4200000","1398","15054","3005","279","Townhouse","4","","NULL","NULL","","0","0","NULL","G+1","Active Listings","Brand New 4 Bed | Large Layout | Stock available","Dubai Properties","",""
"9117616","2025-10-01","Mudon","Al Ranim","Al Ranim 6","","","2900000","1234","13279","2350","218.39","Townhouse","3","","","","","1874","174.08","","G+1","Oqood","","Dubai Properties","","Resale"
"10714680","2025-07-16","Mudon","Al Ranim","Al Ranim 6","","","3500000","1418","15267","2468","229.26","Townhouse","4","","NULL","NULL","","3186","296","NULL","G+1","Active Listings","End Unit | Near Pool and Park | Big Layout","Dubai Properties","",""
"12152275","2025-12-03","Mudon","Al Ranim","Al Ranim 6","","","3200000","1362","14653","2350","218.38","Townhouse","3","","","","","1808","168","","G+1","Oqood","","Dubai Properties","","Resale"
"10193867","2025-03-30","Mudon","Al Ranim","Al Ranim 6","","","2650000","1434","15407","1848","172","Townhouse","3","","NULL","NULL","","0","0","NULL","G+1","Active Listings","Community Living | Quality Finishes | Great Price","Dubai Properties","",""
"10978438","2025-09-23","Mudon","Al Ranim","Al Ranim 6","","","3750000","1287","13851","2914","270.73","Townhouse","3","","NULL","NULL","","2034","189.01","NULL","G+2","Active Listings","Modern Family Dream Home Awaits at Mudon Al Ranim6","Dubai Properties","",""
"8899877","2025-03-13","Mudon","Al Ranim","Al Ranim 6","","","2750000","1170","12593","2350","218.38","Townhouse","3","","","","","1809","168.02","","G+1","Oqood","","Dubai Properties","","Resale"
"12352935","2026-01-02","Mudon","Al Ranim","Al Ranim 6","","","3400000","1446","15569","2351","218.38","Townhouse","3","","NULL","NULL","","2034","189.01","NULL","G+1","Active Listings","60-40 Payment Plan|Prime Location|Motivated Seller","Dubai Properties","",""
"12144158","2025-11-29","Mudon","Al Ranim","Al Ranim 6","","","3190000","1360","14642","2345","217.87","Townhouse","3","","NULL","NULL","","1984","184.28","NULL","G+1","Active Listings","Best Investment| Premium Location| Genuine Resale","Dubai Properties","",""
"10192442","2025-03-13","Mudon","Al Ranim","Al Ranim 6","","","2950000","1258","13540","2345","217.87","Townhouse","3","","NULL","NULL","","1808","168","NULL","G+1","Active Listings","3 Bedroom | Payment plan | Q3 2026 Handover","Dubai Properties","",""
"10977221","2025-09-01","Mudon","Al Ranim","Al Ranim 6","","","4300000","1476","15883","2914","270.73","Townhouse","3","","NULL","NULL","","1808","168.01","NULL","G+2","Active Listings","For Sale | Spacious 3-Bedroom + Maids Townhouse | Handover 2026","Dubai Properties","",""
"10929696","2025-09-24","Mudon","Al Ranim","Al Ranim 6","","","3675000","1915","20646","1919","178","Townhouse","3","","NULL","NULL","","0","0","NULL","G+1","Active Listings","G+2 | Backing Towards Park | Genuine Resale","Dubai Properties","",""
"9114145","2025-09-29","Mudon","Al Ranim","Al Ranim 6","","","2750000","1170","12592","2350","218.39","Townhouse","3","","","","","1808","168.01","","G+1","Oqood","","Dubai Properties","","Resale"
"9055237","2025-08-07","Mudon","Al Ranim","Al Ranim 6","","","2850000","1213","13050","2350","218.39","Townhouse","3","","","","","1844","171.34","","G+1","Oqood","","Dubai Properties","","Resale"
"10783631","2025-08-05","Mudon","Al Ranim","Al Ranim 6","","","4200000","1398","15054","3005","279","Townhouse","4","","NULL","NULL","","0","0","NULL","G+1","Active Listings","Multiple units | August 2026 | G+2 | Mudon","Dubai Properties","",""
"12129767","2025-11-26","Mudon","Al Ranim","Al Ranim 6","","","3100000","1322","14229","2345","217.87","Townhouse","3","","","","","1984","184.28","","G+1","Oqood","","Dubai Properties","","Resale"
"9005335","2025-06-17","Mudon","Al Ranim","Al Ranim 6","","","3459500","1402","15090","2468","229.26","Townhouse","4","","","","","3315","308.01","","G+1","Oqood","","Dubai Properties","","Resale"
"10403712","2025-06-14","Mudon","Al Ranim","Al Ranim 6","","","5200000","1320","14208","3939","366","Townhouse","4","","NULL","NULL","","0","0","NULL","G+1","Active Listings","LARGEST PLOT | PRIME SPOT | SINGLE ROW","Dubai Properties","",""
"11651139","2026-01-03","Mudon","Al Ranim","Al Ranim 6","","","4250000","1722","18538","2468","229.26","Townhouse","4","","NULL","NULL","","2674","248.43","NULL","G+1","Active Listings","Spectacular TH Resale | Double-Height Ceiling","Dubai Properties","",""
"11685838","2025-11-04","Mudon","Al Ranim","Al Ranim 6","","","3000000","1276","13737","2351","218.39","Townhouse","3","","NULL","NULL","","1808","168.01","NULL","G+1","Active Listings","PRIME LOCATION | GREEN BELT | MULTIPLE OPTIONS","Dubai Properties","",""
"11029672","2025-10-02","Mudon","Al Ranim","Al Ranim 6","","","3200000","1361","14679","2351","218","Townhouse","3","","NULL","NULL","","0","0","NULL","G+1","Active Listings","G+1 | Best location | On park and Pool","Dubai Properties","",""
"9052858","2025-08-05","Mudon","Al Ranim","Al Ranim 6","","","4000000","1621","17447","2468","229.26","Townhouse","4","","","","","4586","426.1","","G+1","Oqood","","Dubai Properties","","Resale"
"10276419","2025-04-29","Mudon","Al Ranim","Al Ranim 6","","","3450000","1398","15066","2468","229","Townhouse","4","","NULL","NULL","","0","0","NULL","G+1","Active Listings","End Unit / Prime Location / Luxury Living","Dubai Properties","",""
"11019719","2025-12-04","Mudon","Al Ranim","Al Ranim 6","","","4000000","1373","14773","2914","270.76","Townhouse","3","","NULL","NULL","","1809","168.08","NULL","G+2","Active Listings","G+2 I Great Location I Bua 2915 SQFT I Plot 1,809","Dubai Properties","",""
"10851350","2025-10-07","Mudon","Al Ranim","Al Ranim 6","","","3600000","1459","15701","2468","229.29","Townhouse","4","","NULL","NULL","","3088","286.86","NULL","G+1","Active Listings","Handover Q3 2026 | Single Row | Semi Detached","Dubai Properties","",""
"11944378","2025-11-13","Mudon","Al Ranim","Al Ranim 6","","","3650000","1479","15919","2468","229.29","Townhouse","4","","","","","3045","282.93","","G+1","Oqood","","Dubai Properties","","Resale"
"8961879","2025-04-30","Mudon","Al Ranim","Al Ranim 6","","","2737000","1165","12533","2350","218.39","Townhouse","3","","","","","1808","168.01","","G+1","Oqood","","Dubai Properties","","Resale"
"10355276","2025-05-29","Mudon","Al Ranim","Al Ranim 6","","","3930000","857","9225","4586","426","Townhouse","4","","NULL","NULL","","0","0","NULL","G+1","Active Listings","Largest Plot | Corner Unit | On Pool and Park","Dubai Properties","",""
"10243578","2025-04-17","Mudon","Al Ranim","Al Ranim 6","","","2900000","1237","13311","2345","217.87","Townhouse","3","","NULL","NULL","","1932","179.51","NULL","G+1","Active Listings","Great Location | 3 Bed + Maid | Handover Aug 2026","Dubai Properties","",""
"10135084","2025-02-28","Mudon","Al Ranim","Al Ranim 6","","","2650000","1130","12163","2345","217.87","Townhouse","3","","NULL","NULL","","1848","171.65","NULL","G+1","Active Listings","Community Living | Quality Finishes | Great Price","Dubai Properties","",""
"10815379","2025-08-23","Mudon","Al Ranim","Al Ranim 6","","","4000000","1331","14337","3005","279","Townhouse","4","","NULL","NULL","","0","0","NULL","G+1","Active Listings","Spacious 4BR Townhouse|Stock avail.|Prime Location","Dubai Properties","",""
"10644543","2025-06-23","Mudon","Al Ranim","Al Ranim 6","","","2850000","1215","13081","2345","217.87","Townhouse","3","","NULL","NULL","","1879","174.58","NULL","G+1","Active Listings","Spacious 3 Br+Maid | Mudon Al Ranim 6 | Single Row","Dubai Properties","",""
"12440276","2026-01-17","Mudon","Al Ranim","Al Ranim 6","","","4125000","1671","17993","2468","229.26","Townhouse","4","","NULL","NULL","","2674","248.43","NULL","G+1","Active Listings","Genuine Resale | Prime Location | Best Investment","Dubai Properties","",""
"10186087","2025-03-13","Mudon","Al Ranim","Al Ranim 6","","","2850000","1215","13081","2345","217.87","Townhouse","3","","NULL","NULL","","1932","179.51","NULL","G+1","Active Listings","Price Negotiable | Single Row | Motivated Seller","Dubai Properties","",""
"8990604","2025-05-30","Mudon","Al Ranim","Al Ranim 6","","","3270000","1122","12078","2914","270.73","Townhouse","3","","","","","2034","189.01","","G+2","Oqood","","Dubai Properties","","Resale"
"10270141","2025-04-26","Mudon","Al Ranim","Al Ranim 6","","","2850000","1215","13073","2345","218","Townhouse","3","","NULL","NULL","","0","0","NULL","G+1","Active Listings","Price Negotiable | Single Row | Motivated Seller","Dubai Properties","",""
"10240599","2025-04-16","Mudon","Al Ranim","Al Ranim 6","","","2850000","1215","13081","2345","217.87","Townhouse","3","","NULL","NULL","","1932","179.51","NULL","G+1","Active Listings","Price Negotiable | Single Row | Motivated Seller","Dubai Properties","",""
"12077563","2025-11-18","Mudon","Al Ranim","Al Ranim 6","","","3200000","1365","14688","2345","217.87","Townhouse","3","","NULL","NULL","","1984","184.28","","G+1","Active Listings","Prime Location | Genuine Resale | Payment Plan","Dubai Properties","",""
"11788030","2025-10-28","Mudon","Al Ranim","Al Ranim 6","","","3700000","1499","16157","2468","229","Townhouse","4","","NULL","NULL","","0","0","NULL","G+1","Active Listings","4BR Townhouse | G+1 | Bigger Plot | Prime Location","Dubai Properties","",""
"11537835","2025-12-22","Mudon","Al Ranim","Al Ranim 6","","","4000000","1621","17445","2468","229.29","Townhouse","4","","NULL","NULL","","3088","286.86","NULL","G+1","Active Listings","Al Ranim 6 | 4 BR | Handover Soon | Private Garden","Dubai Properties","",""
"10867888","2025-08-23","Mudon","Al Ranim","Al Ranim 6","","","3800000","1304","14022","2914","271","Townhouse","3","","NULL","NULL","","0","0","NULL","G+1","Active Listings","Stock Available | Modern 3BR Townhouse | Al Ranim 6","Dubai Properties","",""
"9036674","2025-07-19","Mudon","Al Ranim","Al Ranim 6","","","3175000","1090","11728","2914","270.73","Townhouse","3","","","","","1827","169.77","","G+2","Oqood","","Dubai Properties","","Resale"
"8988695","2025-05-29","Mudon","Al Ranim","Al Ranim 6","","","3375000","1368","14719","2468","229.29","Townhouse","4","","","","","2949","274.01","","G+1","Oqood","","Dubai Properties","","Resale"
"12466965","2026-01-23","Mudon","Al Ranim","Al Ranim 6","","","5250000","1747","18817","3005","279","Townhouse","4","","NULL","NULL","NULL","0","0","NULL","G+1","Active Listings","Premium 4BR G+2 Corner | 3000 sqft plot | High ROI","Dubai Properties","",""
"10351614","2025-05-27","Mudon","Al Ranim","Al Ranim 6","","","3200000","1098","11820","2914","270.73","Townhouse","3","","NULL","NULL","","1827","169.77","NULL","G+2","Active Listings","High ROI | Prime Location | Family Friendly","Dubai Properties","",""
"11672241","2025-11-05","Mudon","Al Ranim","Al Ranim 6","","","3750000","1287","13838","2914","271","Townhouse","3","","NULL","NULL","","0","0","NULL","G+1","Active Listings","Multiple units |Near park and pool | Internal unit","Dubai Properties","",""
"11012626","2025-10-30","Mudon","Al Ranim","Al Ranim 6","","","3220000","1699","18295","1895","176","Townhouse","3","","NULL","NULL","","0","0","NULL","G+1","Active Listings","Stunning Townhouse | Private Garden | Investment Ready","Dubai Properties","",""
"10866053","2025-08-23","Mudon","Al Ranim","Al Ranim 6","","","3800000","1304","14022","2913","271","Townhouse","3","","NULL","NULL","","0","0","NULL","G+1","Active Listings","3BR Townhouse | Spacious Plot | Mudon Al Ranim 6","Dubai Properties","",""
"12300154","2025-12-22","Mudon","Al Ranim","Al Ranim 6","","","3850000","1561","16793","2467","229.26","Townhouse","4","","","","","2674","248.43","Type 4B1","G+1","Oqood","","Dubai Properties","","Resale"
"12327254","2025-12-26","Mudon","Al Ranim","Al Ranim 6","","","4400000","1783","19190","2468","229.29","Townhouse","4","","NULL","NULL","","3088","286.86","NULL","G+1","Active Listings","Q1 2026 | Expansive Layout | Secluded Garden","Dubai Properties","",""
"10258662","2025-04-24","Mudon","Al Ranim","Al Ranim 6","","","3199000","1098","11816","2914","270.73","Townhouse","3","","NULL","NULL","","1827","169.77","NULL","G+2","Active Listings","Buy Now! Single Row | G+2 | 3 to 4 BR | Near Park","Dubai Properties","",""
"12168189","2025-12-07","Mudon","Al Ranim","Al Ranim 6","","","3200000","1361","14653","2351","218.39","Townhouse","3","","NULL","NULL","","1808","168.01","NULL","G+1","Active Listings","PRIME LOCATION | GREEN BELT | MULTIPLE OPTIONS","Dubai Properties","",""
"10211145","2025-04-02","Mudon","Al Ranim","Al Ranim 6","","","2723000","1161","12491","2345","218","Townhouse","3","","NULL","NULL","","0","0","NULL","G+1","Active Listings","Single Row | On the Pool and Park","Dubai Properties","",""
"12225445","2025-12-18","Mudon","Al Ranim","Al Ranim 6","","","3150000","1340","14424","2350","218.39","Townhouse","3","","","","","1808","168.01","","G+1","Oqood","","Dubai Properties","","Resale"
"9019312","2025-07-01","Mudon","Al Ranim","Al Ranim 6","","","2624000","1117","12016","2350","218.38","Townhouse","3","","","","","1808","168","","G+1","Oqood","","Dubai Properties","","Resale"
"12381761","2026-01-06","Mudon","Al Ranim","Al Ranim 6","","","4400000","1464","15771","3005","279","Townhouse","4","","NULL","NULL","","0","0","NULL","G+1","Active Listings","Multiple units | Near park and pool | Large plot","Dubai Properties","",""
"10233721","2025-04-12","Mudon","Al Ranim","Al Ranim 6","","","3000000","1276","13737","2351","218.39","Townhouse","3","","NULL","NULL","","1902","176.73","NULL","G+1","Active Listings","COMMUNITY LIVING | PAY 40% ON HANDOVER | SINGLE ROW","Dubai Properties","",""
"10209986","2025-04-02","Mudon","Al Ranim","Al Ranim 6","","","3450000","1170","12591","2949","274","Townhouse","4","","NULL","NULL","","0","0","NULL","G+1","Active Listings","Negotiable | Single Row I Double-Height Ceiling","Dubai Properties","",""
"10177950","2025-03-13","Mudon","Al Ranim","Al Ranim 6","","","2900000","1237","13303","2345","218","Townhouse","3","","NULL","NULL","","0","0","NULL","G+1","Active Listings","3-bedroom Townhouse in Mudon Al Ranim 6, located in the district of Dubailand","Dubai Properties","",""
"12504144","2026-01-31","Mudon","Al Ranim","Al Ranim 6","","","4100000","1661","17881","2468","229.29","Townhouse","4","","NULL","NULL","NULL","2634","244.72","NULL","G+1","Active Listings","premium finishes I Ranim 6 I 4BR G+1 Townhouse","Dubai Properties","",""
"10373888","2025-06-04","Mudon","Al Ranim","Al Ranim 6","","","3420000","1455","15661","2351","218.38","Townhouse","3","","NULL","NULL","","1808","168.01","NULL","G+1","Active Listings","Exclusive Unit | Great Location | Choice","Dubai Properties","",""
"12452254","2026-01-20","Mudon","Al Ranim","Al Ranim 6","","","3750000","1287","13838","2914","271","Townhouse","3","","NULL","NULL","","0","0","NULL","G+1","Active Listings","3BR Townhouse | Spacious Plot | Mudon Al Ranim 6","Dubai Properties","",""
"10253819","2025-04-22","Mudon","Al Ranim","Al Ranim 6","","","3700000","1270","13667","2914","270.73","Townhouse","3","","NULL","NULL","","2034","189.01","NULL","G+2","Active Listings","Large rooms/ G+2/ family room & terrace","Dubai Properties","",""
"12411351","2026-01-13","Mudon","Al Ranim","Al Ranim 6","","","3300000","1404","15111","2351","218.38","Townhouse","3","","NULL","NULL","","1906","177.06","NULL","G+1","Active Listings","Family Living | Park Facing | Single Row","Dubai Properties","",""
"12306979","2025-12-23","Mudon","Al Ranim","Al Ranim 6","","","4250000","1722","18538","2468","229.26","Townhouse","4","","NULL","NULL","","2674","248.43","NULL","G+1","Active Listings","Genuine Resale | Expected Handover 2026 | Spacious","Dubai Properties","",""
"11813667","2025-11-04","Mudon","Al Ranim","Al Ranim 6","","","3500000","1489","16026","2351","218.39","Townhouse","3","","NULL","NULL","","1808","168.01","NULL","G+1","Active Listings","Selling 3 BHK OffPlan Townhouse in Mudon Al Ranim","Dubai Properties","",""
"11037289","2025-10-09","Mudon","Al Ranim","Al Ranim 6","","","2850000","1215","13081","2345","217.87","Townhouse","3","","NULL","NULL","","2034","189.01","NULL","G+1","Active Listings","Spacious Layout | Payment Plan | Single Row","Dubai Properties","",""
"11002778","2025-10-16","Mudon","Al Ranim","Al Ranim 6","","","4600000","1531","16479","3005","279.15","Townhouse","4","","NULL","NULL","","3098","287.84","NULL","G+2","Active Listings","4BR Townhouse | Spacious Plot | Mudon Al Ranim 6","Dubai Properties","",""
"10857511","2025-09-14","Mudon","Al Ranim","Al Ranim 6","","","3200000","1362","14679","2350","218","Townhouse","3","","NULL","NULL","","0","0","NULL","G+1","Active Listings","Single Row | Opposite Pool | Payment Plan","Dubai Properties","",""
"10340828","2025-05-23","Mudon","Al Ranim","Al Ranim 6","","","3900000","1298","13978","3004","279","Townhouse","4","","NULL","NULL","","0","0","NULL","G+1","Active Listings","Modern 4-Bedroom Villa for Sale in Mudon Al Ranim 6 | Prime Community Living | Great Investment Oppo","Dubai Properties","",""
"12361446","2026-01-03","Mudon","Al Ranim","Al Ranim 6","","","3299999","1404","15111","2351","218.38","Townhouse","3","","NULL","NULL","","2034","189.01","NULL","G+1","Active Listings","PRIME LOCATION | l 3BR+M | MODERN LAYOUT","Dubai Properties","",""
"10205310","2025-03-04","Mudon","Al Ranim","Al Ranim 6","","","2825000","1205","12959","2345","218","Townhouse","3","","NULL","NULL","","0","0","NULL","G+1","Active Listings","3-bedroom villa in Mudon Al Ranim 6, located in the district of Dubailand","Dubai Properties","",""
"10147090","2025-03-22","Mudon","Al Ranim","Al Ranim 6","","","3400000","1272","13710","2674","248","Townhouse","4","","NULL","NULL","","0","0","NULL","G+1","Active Listings","BIG LAYOUT | WITH GARDEN | HANDOVER Q3 2026","Dubai Properties","",""
"12492692","2026-01-29","Mudon","Al Ranim","Al Ranim 6","","","4800000","1598","17195","3004","279.15","Townhouse","4","","","","","2803","260.43","Type 4B2","G+2","Oqood","","Dubai Properties","","Resale"
"9055281","2025-08-07","Mudon","Al Ranim","Al Ranim 6","","","2850000","1215","13081","2345","217.87","Townhouse","3","","","","","1889","175.53","","G+1","Oqood","","Dubai Properties","","Resale"
"9109674","2025-09-26","Mudon","Al Ranim","Al Ranim 6","","","2850000","1213","13050","2350","218.39","Townhouse","3","","","","","1883","174.92","","G+1","Oqood","","Dubai Properties","","Resale"
"12477669","2026-01-26","Mudon","Al Ranim","Al Ranim 6","","","3850000","1561","16793","2467","229.26","Townhouse","4","","","","","2687","249.64","Type 4B1","G+1","Oqood","","Dubai Properties","","Resale"
"9055230","2025-08-07","Mudon","Al Ranim","Al Ranim 6","","","2900000","1234","13279","2350","218.39","Townhouse","3","","","","","1841","171.01","","G+1","Oqood","","Dubai Properties","","Resale"
"9004380","2025-06-16","Mudon","Al Ranim","Al Ranim 6","","","3310000","1341","14438","2468","229.26","Townhouse","4","","","","","2674","248.43","","G+1","Oqood","","Dubai Properties","","Resale"
"10361644","2025-05-30","Mudon","Al Ranim","Al Ranim 6","","","3199000","1098","11816","2914","270.73","Townhouse","3","","NULL","NULL","","1827","169.77","NULL","G+2","Active Listings","Buy Now! Single Row | G+2 | 3 to 4 BR | Near Park","Dubai Properties","",""
"12397983","2026-01-09","Mudon","Al Ranim","Al Ranim 6","","","4000000","1621","17467","2468","229","Townhouse","4","","NULL","NULL","","0","0","NULL","G+1","Active Listings","Single Row | Close to Park | Motivated Seller","Dubai Properties","",""
"11800992","2025-11-04","Mudon","Al Ranim","Al Ranim 6","","","4150000","1682","18102","2467","229.26","Townhouse","4","","NULL","NULL","","2674","248.43","Type 4B1","G+1","Active Listings","Prime Single Row Location | Pool & Park Facing","Dubai Properties","",""
"10117975","2025-02-20","Mudon","Al Ranim","Al Ranim 6","","","3199000","1098","11816","2914","270.73","Townhouse","3","","NULL","NULL","","1827","169.77","NULL","G+2","Active Listings","Buy Now! Single Row | G+2 | 3 to 4 BR | Near Park","Dubai Properties","",""
"11029369","2025-11-17","Mudon","Al Ranim","Al Ranim 6","","","3700000","1499","16137","2468","229.29","Townhouse","4","","NULL","NULL","","3045","282.93","","G+1","Active Listings","4B1 Corner End Unit | Mudon Al Ranim 6","Dubai Properties","",""
"9052707","2025-08-05","Mudon","Al Ranim","Al Ranim 6","","","2800000","1191","12821","2351","218.39","Townhouse","3","","","","","1809","168.08","","G+1","Oqood","","Dubai Properties","","Resale"
"10274121","2025-04-28","Mudon","Al Ranim","Al Ranim 6","","","2900000","1237","13303","2345","218","Townhouse","3","","NULL","NULL","","0","0","NULL","G+1","Active Listings","Great Location | 3 Bed + Maid | Handover Aug 2026","Dubai Properties","",""
"11713849","2025-10-24","Mudon","Al Ranim","Al Ranim 6","","","2850000","1215","13081","2345","217.87","Townhouse","3","","NULL","NULL","","2034","189.01","NULL","G+1","Active Listings","Spacious Layout | Payment Plan | Single Row","Dubai Properties","",""
"10355259","2025-05-29","Mudon","Al Ranim","Al Ranim 6","","","3329700","1143","12287","2914","271","Townhouse","3","","NULL","NULL","","0","0","NULL","G+1","Active Listings","Largest Layout | Prime Location | Q3 2026 Handover","Dubai Properties","",""
"12396063","2026-01-09","Mudon","Al Ranim","Al Ranim 6","","","3700000","1270","13665","2914","270.76","Townhouse","3","","NULL","NULL","","1809","168.03","NULL","G+2","Active Listings","Brand New Ranim 6 Perfect Family Living","Dubai Properties","",""
"10953701","2025-09-10","Mudon","Al Ranim","Al Ranim 6","","","2850000","1215","13081","2345","217.87","Townhouse","3","","NULL","NULL","","2034","189.01","NULL","G+1","Active Listings","Spacious Layout | Payment Plan | Single Row","Dubai Properties","",""
"9101688","2025-09-19","Mudon","Al Ranim","Al Ranim 6","","","2880000","1226","13187","2350","218.39","Townhouse","3","","","","","1930","179.31","","G+1","Oqood","","Dubai Properties","","Resale"
"8994057","2025-06-03","Mudon","Al Ranim","Al Ranim 6","","","3400000","1378","14828","2468","229.29","Townhouse","4","","","","","3092","287.25","","G+1","Oqood","","Dubai Properties","","Resale"
"10643910","2025-06-23","Mudon","Al Ranim","Al Ranim 6","","","2850000","1212","13050","2351","218.39","Townhouse","3","","NULL","NULL","","1883","174.92","NULL","G+1","Active Listings","Mudon 6 | 3 Br+Maid | Handover Soon","Dubai Properties","",""
"12240913","2025-12-19","Mudon","Al Ranim","Al Ranim 6","","","4800000","1597","17195","3005","279.15","Townhouse","4","","NULL","NULL","","2748","255.29","NULL","G+2","Active Listings","Elegant 4-Bedroom | Mudon Al Ranim 6 | Spacious","Dubai Properties","",""
"10202691","2025-03-17","Mudon","Al Ranim","Al Ranim 6","","","2737000","1514","16292","1808","168","Townhouse","3","","NULL","NULL","","0","0","NULL","G+1","Active Listings","Modern | 3 BR Townhouse I Double-Height Ceiling","Dubai Properties","",""
"10186070","2025-03-22","Mudon","Al Ranim","Al Ranim 6","","","3199000","1098","11816","2914","270.73","Townhouse","3","","NULL","NULL","","1827","169.77","NULL","G+2","Active Listings","Buy Now! Single Row | G+2 | 3 to 4 BR | Near Park","Dubai Properties","",""
"10952557","2025-08-15","Mudon","Al Ranim","Al Ranim 6","","","3600000","1459","15721","2468","229","Townhouse","4","","NULL","NULL","","0","0","NULL","G+1","Active Listings","Stuning 4 Bed Plus Maid Villa |Mudon Al Ranim 6","Dubai Properties","",""
"10868752","2025-12-29","Mudon","Al Ranim","Al Ranim 6","","","3980000","1613","17360","2468","229.26","Townhouse","4","","NULL","NULL","","2674","248.43","NULL","G+1","Active Listings","SERENE PARK VIEW | LUXURY FINISHES | TOP AMENITIES","Dubai Properties","",""
"9096340","2025-09-15","Mudon","Al Ranim","Al Ranim 6","","","2865000","1222","13150","2345","217.87","Townhouse","3","","","","","1879","174.58","","G+1","Oqood","","Dubai Properties","","Resale"
"10697402","2025-07-11","Mudon","Al Ranim","Al Ranim 6","","","3250000","1193","12846","2725","253","Townhouse","3","","NULL","NULL","","0","0","NULL","G+1","Active Listings","Direct Access To The Park and 3 bed with Maid","Dubai Properties","",""
"9042197","2025-07-24","Mudon","Al Ranim","Al Ranim 6","","","3550000","1439","15485","2467","229.26","Townhouse","4","","","","","3113","289.2","","G+1","Oqood","","Dubai Properties","","Resale"
"10665439","2025-06-30","Mudon","Al Ranim","Al Ranim 6","","","3392000","1164","12517","2914","271","Townhouse","3","","NULL","NULL","","0","0","NULL","G+1","Active Listings","Single Row | On Pool and Park | Genuine Resale","Dubai Properties","",""
"8989930","2025-05-29","Mudon","Al Ranim","Al Ranim 6","","","3850000","1281","13792","3005","279.15","Townhouse","4","","","","","2674","248.42","","G+2","Oqood","","Dubai Properties","","Resale"
"12389362","2026-01-07","Mudon","Al Ranim","Al Ranim 6","","","4050000","1641","17686","2468","229","Townhouse","4","","NULL","NULL","","0","0","NULL","G+1","Active Listings","End Corner Unit | Next to Pool and Park | Exclusive","Dubai Properties","",""
"12228553","2025-12-19","Mudon","Al Ranim","Al Ranim 6","","","4500000","1498","16120","3004","279.15","Townhouse","4","","NULL","NULL","","3067","284.92","Type 4B2","G+2","Active Listings","High-Ceiling Living Area | 4BR Villa | Mudon","Dubai Properties","",""
"10239612","2025-04-16","Mudon","Al Ranim","Al Ranim 6","","","3340000","1269","13633","2633","245","Townhouse","4","","NULL","NULL","","0","0","NULL","G+1","Active Listings","Genuine Resale l Vasto Unit l East Exit l Motivated seller","Dubai Properties","",""
"10814300","2025-08-08","Mudon","Al Ranim","Al Ranim 6","","","2900000","1234","13279","2351","218.39","Townhouse","3","","NULL","NULL","","1809","168.08","NULL","G+1","Active Listings","High ROI | 3 BR+Maids | Prime location","Dubai Properties","",""
"12303219","2025-12-23","Mudon","Al Ranim","Al Ranim 6","","","3200000","1362","14653","2350","218.38","Townhouse","3","","","","","1816","168.68","Type 3B1","G+1","Oqood","","Dubai Properties","","Resale"
"10697078","2025-07-11","Mudon","Al Ranim","Al Ranim 6","","","3220000","1373","14779","2345","217.87","Townhouse","3","","NULL","NULL","","1895","176.07","","G+1","Active Listings","Stunning Townhouse | Private Garden | Investment Ready","Dubai Properties","",""
"10382779","2025-06-09","Mudon","Al Ranim","Al Ranim 6","","","3600000","1198","12903","3004","279","Townhouse","4","","NULL","NULL","","0","0","NULL","G+1","Active Listings","GREAT INVESTMENT OPPORTUNITY | PRIME COMMUNITY LIVING | BELOW OP","Dubai Properties","",""
"10949867","2025-08-15","Mudon","Al Ranim","Al Ranim 6","","","2900000","1234","13303","2351","218","Townhouse","3","","NULL","NULL","","0","0","NULL","G+1","Active Listings","Resale | Large Plot | On the Park | Payment Plan","Dubai Properties","",""
"9124722","2025-10-09","Mudon","Al Ranim","Al Ranim 6","","","4200000","1398","15046","3004","279.15","Townhouse","4","","","","","2723","252.95","","G+2","Oqood","","Dubai Properties","","Resale"
"12510667","2026-02-02","Mudon","Al Ranim","Al Ranim 6","","","4400000","1783","19190","2468","229.29","Townhouse","4","","NULL","NULL","NULL","3088","286.86","NULL","G+1","Active Listings","Prime Family Community | 4BR+MAID | Genuine Resale","Dubai Properties","",""
"12462090","2026-01-22","Mudon","Al Ranim","Al Ranim 6","","","4025000","1631","17556","2468","229.26","Townhouse","4","","NULL","NULL","","2674","248.43","NULL","G+1","Active Listings","Urgent Sale | High-Demand Area | Investor Deal | single row | near to pool","Dubai Properties","",""
"10887798","2025-09-02","Mudon","Al Ranim","Al Ranim 6","","","3220000","1373","14771","2345","218","Townhouse","3","","NULL","NULL","","0","0","NULL","G+1","Active Listings","Stunning Townhouse | Private Garden | Investment Ready","Dubai Properties","",""
"9017785","2025-06-30","Mudon","Al Ranim","Al Ranim 6","","","3340000","1353","14567","2468","229.29","Townhouse","4","","","","","2634","244.72","","G+1","Oqood","","Dubai Properties","","Resale"
"8978086","2025-05-19","Mudon","Al Ranim","Al Ranim 6","","","2850000","1215","13081","2345","217.87","Townhouse","3","","","","","1932","179.51","","G+1","Oqood","","Dubai Properties","","Resale"
"10376819","2025-06-06","Mudon","Al Ranim","Al Ranim 6","","","3340000","1269","13633","2633","245","Townhouse","4","","NULL","NULL","","0","0","NULL","G+1","Active Listings","Genuine Resale l Vasto Unit l East Exit l Motivated seller","Dubai Properties","",""
"10944520","2025-09-16","Mudon","Al Ranim","Al Ranim 6","","","2900000","1234","13303","2350","218","Townhouse","3","","NULL","NULL","","0","0","NULL","G+1","Active Listings","High ROI | 3 BR+Maids | Prime location","Dubai Properties","",""
"10286057","2025-05-04","Mudon","Al Ranim","Al Ranim 6","","","3300000","1132","12177","2914","271","Townhouse","3","","NULL","NULL","","0","0","NULL","G+1","Active Listings","PAYMENT PLAN | READY IN 2026 | SINGLE ROW","Dubai Properties","",""
"12215804","2025-12-16","Mudon","Al Ranim","Al Ranim 6","","","4600000","1864","20062","2468","229.29","Townhouse","4","","NULL","NULL","","2837","263.57","NULL","G+1","Active Listings","4-Beds Villa for Sale | Family Community | Elegant","Dubai Properties","",""
"10152236","2025-03-06","Mudon","Al Ranim","Al Ranim 6","","","3450000","1398","15066","2468","229","Townhouse","4","","NULL","NULL","","0","0","NULL","G+1","Active Listings","Prime Location | Single Row | 4 Bed Plus Maid","Dubai Properties","",""
"10942570","2025-11-05","Mudon","Al Ranim","Al Ranim 6","","","3420000","1455","15661","2351","218.38","Townhouse","3","","NULL","NULL","","1808","168.01","NULL","G+1","Active Listings","Great Location | Choice | Exclusive Unit","Dubai Properties","",""
"10100271","2025-02-26","Mudon","Al Ranim","Al Ranim 6","","","2650000","1130","12163","2345","217.87","Townhouse","3","","NULL","NULL","","1848","171.65","NULL","G+1","Active Listings","Community Living | Quality Finishes | Great Price","Dubai Properties","",""
"10745166","2025-07-25","Mudon","Al Ranim","Al Ranim 6","","","3699999","1499","16137","2468","229.29","Townhouse","4","","NULL","NULL","","3045","282.93","","G+1","Active Listings","Luxury G+1 Villa | Single Row | Best Price","Dubai Properties","",""
"9118746","2025-10-02","Mudon","Al Ranim","Al Ranim 6","","","4100000","1365","14687","3004","279.15","Townhouse","4","","","","","3128","290.61","","G+2","Oqood","","Dubai Properties","","Resale"
"12375258","2026-01-04","Mudon","Al Ranim","Al Ranim 6","","","3900000","1580","17009","2468","229.29","Townhouse","4","","NULL","NULL","","2861","265.81","NULL","G+1","Active Listings","Luxurious Style | Payment Plan | Prime Location","Dubai Properties","",""
"11811709","2025-11-05","Mudon","Al Ranim","Al Ranim 6","","","4300000","1476","15867","2914","271","Townhouse","3","","NULL","NULL","","0","0","NULL","G+1","Active Listings","Ample Greenery | Pool View | With Family Lounge","Dubai Properties","",""
"10979278","2025-12-22","Mudon","Al Ranim","Al Ranim 6","","","3100000","1319","14195","2351","218.38","Townhouse","3","","NULL","NULL","","2034","189.01","NULL","G+1","Active Listings","Resale | Large Plot | On the Park | Payment Plan","Dubai Properties","",""
"10827710","2025-10-08","Mudon","Al Ranim","Al Ranim 6","","","2950000","1258","13540","2345","217.87","Townhouse","3","","NULL","NULL","","1808","168","NULL","G+1","Active Listings","3 Bedroom | Payment plan | Q3 2026 Handover","Dubai Properties","",""
"8900477","2025-03-14","Mudon","Al Ranim","Al Ranim 6","","","2730000","1162","12501","2350","218.39","Townhouse","3","","","","","1837","170.7","","G+1","Oqood","","Dubai Properties","","Resale"
"10245837","2025-04-18","Mudon","Al Ranim","Al Ranim 6","","","3500000","1418","15267","2468","229.26","Townhouse","4","","NULL","NULL","","3186","296","NULL","G+1","Active Listings","End unit | Near Pool and Park | Big Layout","Dubai Properties","",""
"11926315","2025-12-05","Mudon","Al Ranim","Al Ranim 6","","","3150000","1340","14424","2351","218.39","Townhouse","3","","NULL","NULL","","1952","181.38","NULL","G+1","Active Listings","Close to Pool and Park | Single Row | G+1","Dubai Properties","",""
"11001093","2025-11-04","Mudon","Al Ranim","Al Ranim 6","","","3750000","1287","13850","2914","270.76","Townhouse","3","","NULL","NULL","","1809","168.03","NULL","G+2","Active Listings","3BR Townhouse | Spacious Plot | Mudon Al Ranim 6","Dubai Properties","",""
"10964169","2025-10-22","Mudon","Al Ranim","Al Ranim 6","","","3700000","1215","13074","3045","283","Townhouse","4","","NULL","NULL","","0","0","NULL","G+1","Active Listings","Bigger plot| Single row | corner unit | 4B1","Dubai Properties","",""
"10929802","2025-10-06","Mudon","Al Ranim","Al Ranim 6","","","3700000","1917","20670","1930","179","Townhouse","3","","NULL","NULL","","0","0","NULL","G+1","Active Listings","G+2 | Ideally Located | Best Price","Dubai Properties","",""
"10900219","2025-08-18","Mudon","Al Ranim","Al Ranim 6","","","2800000","1191","12844","2350","218","Townhouse","3","","NULL","NULL","","0","0","NULL","G+1","Active Listings","Spacious 3 Br+Maid | Mudon Al Ranim 6 | Single Row","Dubai Properties","",""
"9114539","2025-09-29","Mudon","Al Ranim","Al Ranim 6","","","4000000","1332","14329","3004","279.15","Townhouse","4","","","","","2748","255.29","","G+2","Oqood","","Dubai Properties","","Resale"
"10332535","2025-05-21","Mudon","Al Ranim","Al Ranim 6","","","2800000","1191","12844","2350","218","Townhouse","3","","NULL","NULL","","0","0","NULL","G+1","Active Listings","Single Row | Prime Location | Family Living | 3BR + Maid","Dubai Properties","",""
"10878782","2025-11-04","Mudon","Al Ranim","Al Ranim 6","","","4400000","1464","15771","3005","279","Townhouse","4","","NULL","NULL","","0","0","NULL","G+1","Active Listings","Multiple units | Near park and pool | Large plot","Dubai Properties","",""
"9055170","2025-08-07","Mudon","Al Ranim","Al Ranim 6","","","2850000","1213","13051","2350","218.38","Townhouse","3","","","","","2034","189.01","","G+1","Oqood","","Dubai Properties","","Resale"
"8966857","2025-05-06","Mudon","Al Ranim","Al Ranim 6","","","3265000","1323","14240","2468","229.29","Townhouse","4","","","","","2915","270.82","","G+1","Oqood","","Dubai Properties","","Resale"
"10397753","2025-06-12","Mudon","Al Ranim","Al Ranim 6","","","3200000","1098","11820","2914","270.73","Townhouse","3","","NULL","NULL","","1827","169.77","NULL","G+2","Active Listings","High ROI | Prime Location | Family Friendly","Dubai Properties","",""
"10276852","2025-04-29","Mudon","Al Ranim","Al Ranim 6","","","3450000","1170","12591","2949","274","Townhouse","4","","NULL","NULL","","0","0","NULL","G+1","Active Listings","Brand new Single Row  Genuine Seller  High Celling","Dubai Properties","",""
"11800816","2025-11-05","Mudon","Al Ranim","Al Ranim 6","","","4000000","1621","17447","2467","229.26","Townhouse","4","","NULL","NULL","","2687","249.64","Type 4B1","G+1","Active Listings","4BR + Maid’s | Off Plan Opportunity | Ranim – Phase 6","Dubai Properties","",""
"11028893","2025-09-20","Mudon","Al Ranim","Al Ranim 6","","","2850000","1215","13073","2345","218","Townhouse","3","","NULL","NULL","","0","0","NULL","G+1","Active Listings","Handover Soon | 3BR  Townhouse | Mudon Al Ranim 6","Dubai Properties","",""
"10960770","2025-11-04","Mudon","Al Ranim","Al Ranim 6","","","5100000","1295","13934","3939","366","Townhouse","4","","NULL","NULL","","0","0","NULL","G+1","Active Listings","LARGEST PLOT | PRIME SPOT | SINGLE ROW | CORNER UNIT","Dubai Properties","",""
"10971587","2025-10-16","Mudon","Al Ranim","Al Ranim 6","","","3700000","1499","16157","2468","229","Townhouse","4","","NULL","NULL","","0","0","NULL","G+1","Active Listings","Spacious 4 BR Townhouse in Mudon Al Ranim 6","Dubai Properties","",""
"10413530","2025-06-18","Mudon","Al Ranim","Al Ranim 6","","","2600000","1106","11927","2350","218","Townhouse","3","","NULL","NULL","","0","0","NULL","G+1","Active Listings","FURNISHED  LUXURY VILLA | GREAT  PRICE | BELOW OP","Dubai Properties","",""
"12350407","2026-01-02","Mudon","Al Ranim","Al Ranim 6","","","3450000","1471","15835","2345","217.87","Townhouse","3","","NULL","NULL","","2034","189.01","NULL","G+1","Active Listings","3BR Villa For Sale | G+1 | Mudon Al Ranim 6","Dubai Properties","",""
"10954554","2025-09-19","Mudon","Al Ranim","Al Ranim 6","","","3800000","1304","14035","2914","270.76","Townhouse","3","","NULL","NULL","","1809","168.08","NULL","G+2","Active Listings","Rare G+2  |  Single Row  | Spacious 3BR+Maid TH","Dubai Properties","",""
"10413391","2025-06-18","Mudon","Al Ranim","Al Ranim 6","","","2600000","1106","11927","2350","218","Townhouse","3","","NULL","NULL","","0","0","NULL","G+1","Active Listings","LUXURY 3 BEDROOM VILLA | GREAT LOCATION | BELOW OP","Dubai Properties","",""
"12471612","2026-01-24","Mudon","Al Ranim","Al Ranim 6","","","5500000","1830","19713","3005","279","Townhouse","4","","NULL","NULL","NULL","0","0","NULL","G+1","Active Listings","Area Expert | Prime Family Community | G + 2","Dubai Properties","",""
"12441437","2026-01-17","Mudon","Al Ranim","Al Ranim 6","","","4900000","1631","17553","3005","279.15","Townhouse","4","","NULL","NULL","","3413","317.04","NULL","G+2","Active Listings","? 4BR + Maid’s Room Villa for Sale | Close to Park & Pool | Prime Location","Dubai Properties","",""
"10775968","2025-09-11","Mudon","Al Ranim","Al Ranim 6","","","3300000","1132","12177","2914","271","Townhouse","3","","NULL","NULL","","0","0","NULL","G+1","Active Listings","Large Plot | Payment Plan | Maids room","Dubai Properties","",""
"12186614","2025-12-11","Mudon","Al Ranim","Al Ranim 6","","","3250000","1383","14882","2350","218.39","Townhouse","3","","NULL","NULL","","1808","168.01","","G+1","Active Listings","Large plot | Green Patch | Vastu | Genuine Resale","Dubai Properties","",""
"10202323","2025-03-21","Mudon","Al Ranim","Al Ranim 6","","","3418950","1385","14913","2468","229.26","Townhouse","4","","NULL","NULL","","3186","296","NULL","G+1","Active Listings","Spectacular 4 BR Townhouse | Double-Height Ceiling","Dubai Properties","",""
"10950396","2025-08-23","Mudon","Al Ranim","Al Ranim 6","","","3750000","1402","15121","2674","248","Townhouse","4","","NULL","NULL","","0","0","NULL","G+1","Active Listings","Spectacular TH Resale | Double-Height Ceiling","Dubai Properties","",""
"10868433","2025-08-23","Mudon","Al Ranim","Al Ranim 6","","","4200000","1398","15054","3005","279","Townhouse","4","","NULL","NULL","","0","0","NULL","G+1","Active Listings","Brand New 4 Bed | Large Layout | Stock available","Dubai Properties","",""
"9037921","2025-07-21","Mudon","Al Ranim","Al Ranim 6","","","3780000","1258","13541","3005","279.15","Townhouse","4","","","","","2694","250.26","","G+2","Oqood","","Dubai Properties","","Resale"
"10321202","2025-05-17","Mudon","Al Ranim","Al Ranim 6","","","3450000","1398","15066","2468","229","Townhouse","4","","NULL","NULL","","0","0","NULL","G+1","Active Listings","Multiple units | August 2026 | G+1 | Mudon","Dubai Properties","",""
"11895065","2025-11-05","Mudon","Al Ranim","Al Ranim 6","","","3000000","1279","13770","2345","217.87","Townhouse","3","","NULL","NULL","","2034","189.01","NULL","G+1","Active Listings","Modern 3-Bedroom Villa in Mudon Al Ranim 6 | Family-Friendly Community Living","Dubai Properties","",""
"10914270","2025-08-29","Mudon","Al Ranim","Al Ranim 6","","","3700000","1449","15612","2553","237","Townhouse","4","","NULL","NULL","","0","0","NULL","G+1","Active Listings","Single Row | Park and Pool View | Prime Location","Dubai Properties","",""
"10888276","2025-12-24","Mudon","Al Ranim","Al Ranim 6","","","3500000","1489","16026","2351","218.39","Townhouse","3","","NULL","NULL","","1808","168.01","NULL","G+1","Active Listings","3-Bedroom Townhouse in Mudon Al Ranim 6","Dubai Properties","",""
"10866582","2025-08-21","Mudon","Al Ranim","Al Ranim 6","","","4200000","1398","15054","3005","279","Townhouse","4","","NULL","NULL","","0","0","NULL","G+1","Active Listings","4BR Townhouse | Spacious Plot | Mudon Al Ranim 6","Dubai Properties","",""
"10696442","2025-07-10","Mudon","Al Ranim","Al Ranim 6","","","3800000","1540","16575","2468","229.26","Townhouse","4","","NULL","NULL","","2674","248.43","NULL","G+1","Active Listings","4BR+Maid - End Unit | HO-Q3 2026 | Investment","Dubai Properties","",""
"12418250","2026-01-14","Mudon","Al Ranim","Al Ranim 6","","","3200000","1361","14653","2351","218.39","Townhouse","3","","NULL","NULL","","1808","168.01","NULL","G+1","Active Listings","PRIME LOCATION | GREEN BELT | MULTIPLE OPTIONS","Dubai Properties","",""
"10292648","2025-05-06","Mudon","Al Ranim","Al Ranim 6","","","3679650","1110","11947","3315","308","Townhouse","4","","NULL","NULL","","0","0","NULL","G+1","Active Listings","No Agents | Single Row | On Pool and Park","Dubai Properties","",""
"12327887","2025-12-28","Mudon","Al Ranim","Al Ranim 6","","","3999999","1621","17445","2468","229.29","Townhouse","4","","NULL","NULL","","2873","266.88","NULL","G+1","Active Listings","Genuine Resale | Modern 3BR + Maid | Q3 2026","Dubai Properties","",""
"12225465","2025-12-18","Mudon","Al Ranim","Al Ranim 7","","","3550000","1218","13111","2914","270.76","Townhouse","3","","","","","1808","168","","G+2","Oqood","","Dubai Properties","","Resale"
"10693084","2025-07-09","Mudon","Al Ranim","Al Ranim 7","","","5000000","2026","21805","2468","229.3","Townhouse","4","","NULL","NULL","","2584","240.03","NULL","G+1","Active Listings","Townhouse | Corner Unit | Modern Interiors","Dubai Properties","",""
"10768463","2025-11-09","Mudon","Al Ranim","Al Ranim 7","","","2950000","1012","10895","2914","270.76","Townhouse","3","","NULL","NULL","","1808","168","NULL","G+2","Active Listings","3 BED |  Single Row  | Prime Location","Dubai Properties","",""
"8979651","2025-05-20","Mudon","Al Ranim","Al Ranim 7","","","3750000","1248","13432","3005","279.18","Townhouse","4","","","","","2609","242.4","","G+2","Oqood","","Dubai Properties","","Resale"
"12322120","2025-12-24","Mudon","Al Ranim","Al Ranim 7","","","3190000","1664","17921","1917","178","Townhouse","3","","NULL","NULL","","0","0","NULL","G+1","Active Listings","Modern 3-Bedroom + Maid’s Townhouse | Mudon","Dubai Properties","",""
"10234069","2025-04-13","Mudon","Al Ranim","Al Ranim 7","","","2700000","1151","12385","2345","218","Townhouse","3","","NULL","NULL","","0","0","NULL","G+1","Active Listings","Near Community Mall | Single Row | Best Price","Dubai Properties","",""
"10210588","2025-04-02","Mudon","Al Ranim","Al Ranim 7","","","2700000","1166","12558","2315","215","Townhouse","3","","NULL","NULL","","0","0","NULL","G+1","Active Listings","Genuine | Motivated Seller | Prime Location","Dubai Properties","",""
"11697246","2026-01-03","Mudon","Al Ranim","Al Ranim 7","","","4500000","1498","16119","3005","279.18","Townhouse","4","","NULL","NULL","","3390","314.92","NULL","G+2","Active Listings","4BR | G+2 | Type:4B2 | Payment plan | Sep 2026","Dubai Properties","",""
"10767083","2025-07-31","Mudon","Al Ranim","Al Ranim 7","","","3390000","1163","12522","2914","270.73","Townhouse","3","","NULL","NULL","","1819","168.95","","G+2","Active Listings","Vastu compliant | G+2 | Handover Q3 2026","Dubai Properties","",""
"10630262","2025-06-19","Mudon","Al Ranim","Al Ranim 7","","","2900000","1234","13303","2351","218","Townhouse","3","","NULL","NULL","","0","0","NULL","G+1","Active Listings","On The Park | Great Layout | Multiple units","Dubai Properties","",""
"10409316","2025-06-17","Mudon","Al Ranim","Al Ranim 7","","","2699000","1148","12381","2351","218","Townhouse","3","","NULL","NULL","","0","0","NULL","G+1","Active Listings","Refined Design | Spacious Plans | Top Amenities","Dubai Properties","",""
"10289025","2025-05-05","Mudon","Al Ranim","Al Ranim 7","","","3150000","1340","14424","2351","218.39","Townhouse","3","","NULL","NULL","","1808","168.01","NULL","G+1","Active Listings","Next to pool- Prime Location-Great ROI- Big Plot","Dubai Properties","",""
"12320283","2025-12-24","Mudon","Al Ranim","Al Ranim 7","","","4100000","1661","17904","2468","229","Townhouse","4","","NULL","NULL","","0","0","NULL","G+1","Active Listings","Prime Location | Corner Unit | Close To Amenities","Dubai Properties","",""
"9121054","2025-10-06","Mudon","Al Ranim","Al Ranim 7","","","3900000","1298","13969","3005","279.18","Townhouse","4","","","","","2625","243.86","","G+2","Oqood","","Dubai Properties","","Resale"
"10718333","2025-07-17","Mudon","Al Ranim","Al Ranim 7","","","2950000","1258","13532","2345","218","Townhouse","3","","NULL","NULL","","0","0","NULL","G+1","Active Listings","Mudon Al Ranim 7","Dubai Properties","",""
"10407117","2025-06-16","Mudon","Al Ranim","Al Ranim 7","","","3050000","1298","13991","2350","218","Townhouse","3","","NULL","NULL","","0","0","NULL","G+1","Active Listings","ON POOL  | PREMIUM LOCATION | 60/40 PLAN","Dubai Properties","",""
"11935025","2025-11-28","Mudon","Al Ranim","Al Ranim 7","","","3511000","1493","16077","2351","218.38","Townhouse","3","","NULL","NULL","","1808","168","NULL","G+1","Active Listings","Elegant 3BR Townhouse | Facing Pool","Dubai Properties","",""
"11667018","2026-01-03","Mudon","Al Ranim","Al Ranim 7","","","3200000","1361","14653","2351","218.38","Townhouse","3","","NULL","NULL","","1808","168","NULL","G+1","Active Listings","Modern Finishings | G+1 | Prime Location","Dubai Properties","",""
"10744385","2025-07-25","Mudon","Al Ranim","Al Ranim 7","","","3000000","1276","13761","2351","218","Townhouse","3","","NULL","NULL","","0","0","NULL","G+1","Active Listings","4 Plex Type 1 | Close To Park| Huge Plot | Paid 50 %","Dubai Properties","",""
"10226500","2025-04-09","Mudon","Al Ranim","Al Ranim 7","","","3550000","1218","13113","2914","270.73","Townhouse","3","","NULL","NULL","","1848","171.7","NULL","G+2","Active Listings","MOTIVATED SELLER | VASTU  | G+2 | COMMUNITY EXPERT","Dubai Properties","",""
"12156465","2025-12-04","Mudon","Al Ranim","Al Ranim 7","","","3850000","1321","14207","2914","271","Townhouse","3","","NULL","NULL","","0","0","NULL","G+1","Active Listings","Vastu Compliant | On the Park | 3 Bedroom G + 2","Dubai Properties","",""
"10167792","2025-03-08","Mudon","Al Ranim","Al Ranim 7","","","3000000","1277","13761","2350","218","Townhouse","3","","NULL","NULL","","0","0","NULL","G+1","Active Listings","Opp Pool  |  Vastu   |  B2B  |  G+1","Dubai Properties","",""
"11755998","2025-11-04","Mudon","Al Ranim","Al Ranim 7","","","3350000","1425","15340","2351","218.39","Townhouse","3","","NULL","NULL","","1808","168","NULL","G+1","Active Listings","Genuine Resale | Prime Mudon Spot | Hottest Deal","Dubai Properties","",""
"11658250","2025-12-19","Mudon","Al Ranim","Al Ranim 7","","","3800000","1304","14036","2914","270.73","Townhouse","3","","NULL","NULL","","2276","211.48","NULL","G+2","Active Listings","Family Townhouse | 3Bedrooms?Luxurious Design","Dubai Properties","",""
"11687964","2025-11-04","Mudon","Al Ranim","Al Ranim 7","","","4100000","1661","17881","2468","229.3","Townhouse","5","","NULL","NULL","","2638","245.12","NULL","G+1","Active Listings","Family Townhouse | Luxurious Design | Double-height","Dubai Properties","",""
"11036663","2025-10-13","Mudon","Al Ranim","Al Ranim 7","","","3350000","1425","15340","2351","218.39","Townhouse","3","","NULL","NULL","","1808","168","NULL","G+1","Active Listings","Genuine Resale | Prime Mudon Spot | Hottest Deal","Dubai Properties","",""
"10741710","2025-07-24","Mudon","Al Ranim","Al Ranim 7","","","2995000","1277","13739","2345","218","Townhouse","3","","NULL","NULL","","0","0","NULL","G+1","Active Listings","3 Bedroom Townhouse-Single Row (3B1-M)","Dubai Properties","",""
"9117265","2025-10-01","Mudon","Al Ranim","Al Ranim 7","","","2950000","1258","13540","2345","217.87","Townhouse","3","","","","","1912","177.66","","G+1","Oqood","","Dubai Properties","","Resale"
"10368594","2025-06-02","Mudon","Al Ranim","Al Ranim 7","","","3692000","1496","16122","2468","229","Townhouse","4","","NULL","NULL","","0","0","NULL","G+1","Active Listings","4BR Villa | Corner Unit | Handover Sep 2026","Dubai Properties","",""
"10279692","2025-05-01","Mudon","Al Ranim","Al Ranim 7","","","3248000","1385","14908","2345","217.87","Townhouse","3","","NULL","NULL","","1808","168","NULL","G+1","Active Listings","Single Row | Backing Park and Pool | Best Location","Dubai Properties","",""
"12306471","2025-12-23","Mudon","Al Ranim","Al Ranim 7","","","3350000","1425","15340","2351","218.39","Townhouse","3","","NULL","NULL","","1808","168","NULL","G+1","Active Listings","Genuine Resale | Prime Mudon Spot | Hottest Deal","Dubai Properties","",""
"12095122","2025-11-19","Mudon","Al Ranim","Al Ranim 7","","","3400000","1447","15569","2350","218.38","Townhouse","3","","NULL","NULL","","1834","170.34","Type 3B1","G+1","Active Listings","Single Row | G+1 | Near Basket Ball Court","Dubai Properties","",""
"11722408","2025-10-24","Mudon","Al Ranim","Al Ranim 7","","","3200000","1365","14688","2345","217.87","Townhouse","3","","NULL","NULL","","1858","172.59","NULL","G+1","Active Listings","Large Plot | Modern Finishing | Green Living","Dubai Properties","",""
"11687475","2025-11-04","Mudon","Al Ranim","Al Ranim 7","","","3700000","1499","16157","2468","229","Townhouse","4","","NULL","NULL","","0","0","NULL","G+1","Active Listings","On the Park | Genuine Resale | Viewing Available","Dubai Properties","",""
"12487207","2026-01-28","Mudon","Al Ranim","Al Ranim 7","","","3117000","1070","11512","2914","270.76","Townhouse","3","","","","","1808","168","Type 3B2","G+2","Oqood","","Dubai Properties","","Resale"
"8891547","2025-03-06","Mudon","Al Ranim","Al Ranim 7","","","3456000","1150","12379","3005","279.18","Townhouse","4","","","","","2625","243.86","","G+2","Oqood","","Dubai Properties","","Resale"
"12443330","2026-01-18","Mudon","Al Ranim","Al Ranim 7","","","4250000","1722","18535","2468","229.3","Townhouse","4","","NULL","NULL","","2583","240","NULL","G+1","Active Listings","GENUINE RESALE | GOOD INVESTMENT | PRIME LOCATION","Dubai Properties","",""
"12092668","2025-11-18","Mudon","Al Ranim","Al Ranim 7","","","4150000","1682","18099","2468","229.3","Townhouse","4","","NULL","NULL","","3502","325.34","Type 4B1","G+1","Active Listings","Close to Pool | Investors Deal | 4BR End","Dubai Properties","",""
"10163720","2025-03-21","Mudon","Al Ranim","Al Ranim 7","","","2900000","1234","13303","2350","218","Townhouse","3","","NULL","NULL","","0","0","NULL","G+1","Active Listings","Type  3B1 Close to Park and Community Pool Premium Unit","Dubai Properties","",""
"11801921","2025-11-04","Mudon","Al Ranim","Al Ranim 7","","","4100000","1364","14695","3005","279","Townhouse","4","","NULL","NULL","","0","0","NULL","G+1","Active Listings","Genuine resale | Vibrant community | On Park","Dubai Properties","",""
"10119544","2025-02-09","Mudon","Al Ranim","Al Ranim 7","","","3000000","1279","13770","2345","217.87","Townhouse","3","","NULL","NULL","","1812","168.33","NULL","G+1","Active Listings","Investor Deal | 3B Town house | Vastu Compliant","Dubai Properties","",""
"10999289","2025-09-28","Mudon","Al Ranim","Al Ranim 7","","","3700000","1499","16136","2468","229.3","Townhouse","4","","NULL","NULL","","2584","240.03","NULL","G+1","Active Listings","Townhouse | Corner Unit | Modern Interiors","Dubai Properties","",""
"10974236","2025-10-20","Mudon","Al Ranim","Al Ranim 7","","","3800000","2102","22619","1808","168","Townhouse","3","","NULL","NULL","","0","0","NULL","G+1","Active Listings","3 Bed+Maid | Prime Location | Park View","Dubai Properties","",""
"10929227","2025-09-01","Mudon","Al Ranim","Al Ranim 7","","","3700000","1499","16157","2468","229","Townhouse","4","","NULL","NULL","","0","0","NULL","G+1","Active Listings","On the Park | Genuine Resale | Viewing Available","Dubai Properties","",""
"10894292","2025-08-15","Mudon","Al Ranim","Al Ranim 7","","","3400000","1447","15569","2350","218.38","Townhouse","3","","NULL","NULL","","1834","170.34","Type 3B1","G+1","Active Listings","Single Row | G+1 | Near Basket Ball Court","Dubai Properties","",""
"10878600","2025-09-03","Mudon","Al Ranim","Al Ranim 7","","","3150000","1340","14450","2350","218","Townhouse","3","","NULL","NULL","","0","0","NULL","G+1","Active Listings","Next to pool- Prime Location-Great ROI- Big Plot","Dubai Properties","",""
"10781320","2025-08-04","Mudon","Al Ranim","Al Ranim 7","","","3350000","1853","19940","1808","168","Townhouse","3","","NULL","NULL","","0","0","NULL","G+1","Active Listings","Genuine Seller | Prime Location | Modern 3BR","Dubai Properties","",""
"12099127","2025-11-19","Mudon","Al Ranim","Al Ranim 7","","","3100000","1319","14195","2350","218.38","Townhouse","3","","","","","1808","168","","G+1","Oqood","","Dubai Properties","","Resale"
"10673574","2025-07-02","Mudon","Al Ranim","Al Ranim 7","","","3390000","1163","12522","2914","270.73","Townhouse","3","","NULL","NULL","","1819","168.95","","G+2","Active Listings","Vastu compliant | G+2 | Handover Q3 2026","Dubai Properties","",""
"10395046","2025-06-12","Mudon","Al Ranim","Al Ranim 7","","","4300000","1230","13231","3497","325","Townhouse","4","","NULL","NULL","","0","0","NULL","G+1","Active Listings","Spacious Layout /Double Ceiling Height /Maids Room","Dubai Properties","",""
"12442503","2026-01-17","Mudon","Al Ranim","Al Ranim 7","","","4300000","1742","18753","2468","229.3","Townhouse","4","","NULL","NULL","","2599","241.44","NULL","G+1","Active Listings","4BR+Maid | Vibrant Community | Handover Sep 2026","Dubai Properties","",""
"12305649","2025-12-23","Mudon","Al Ranim","Al Ranim 7","","","4500000","1544","16620","2914","270.76","Townhouse","3","","NULL","NULL","","1808","168","NULL","G+2","Active Listings","Premium Location |Motivated Seller| Direct on Park","Dubai Properties","",""
"11800604","2025-11-04","Mudon","Al Ranim","Al Ranim 7","","","4150000","1682","18099","2468","229.3","Townhouse","4","","NULL","NULL","","3502","325.34","Type 4B1","G+1","Active Listings","4BR + Maids  | TH G + 1 |  Phase 7 Mudon Al Ranim","Dubai Properties","",""
"10735856","2025-07-22","Mudon","Al Ranim","Al Ranim 7","","","3650000","1215","13074","3005","279.18","Townhouse","4","","NULL","NULL","","2625","243.86","NULL","G+2","Active Listings","Genuine resale | Vibrant community | On Park","Dubai Properties","",""
"10779655","2025-08-04","Mudon","Al Ranim","Al Ranim 7","","","4300000","2365","25444","1818","169","Townhouse","3","","NULL","NULL","","0","0","NULL","G+1","Active Listings","Limited G + 2| 3BR + Maids TH| Family Lounge","Dubai Properties","",""
"10413499","2025-06-18","Mudon","Al Ranim","Al Ranim 7","","","3150000","1340","14450","2350","218","Townhouse","3","","NULL","NULL","","0","0","NULL","G+1","Active Listings","Next to pool- Prime Location-Great ROI- Big Plot","Dubai Properties","",""
"10392484","2025-06-11","Mudon","Al Ranim","Al Ranim 7","","","3400000","1447","15569","2350","218.38","Townhouse","3","","NULL","NULL","","1834","170.34","Type 3B1","G+1","Active Listings","Single Row | G+2 | Prime Location | High ROI","Dubai Properties","",""
"12396423","2026-01-09","Mudon","Al Ranim","Al Ranim 7","","","3750000","1595","17172","2351","218.38","Townhouse","3","","NULL","NULL","","1808","168","NULL","G+1","Active Listings","Multiple options | Single row | Prime location","Dubai Properties","",""
"12126300","2025-11-27","Mudon","Al Ranim","Al Ranim 7","","","4000000","1621","17447","2468","229.26","Townhouse","4","","NULL","NULL","","3046","282.99","NULL","G+1","Active Listings","Big Plot I Corner Unit I Motivated Seller","Dubai Properties","",""
"11017614","2025-11-03","Mudon","Al Ranim","Al Ranim 7","","","3800000","1540","16594","2468","229","Townhouse","3","","NULL","NULL","","0","0","NULL","G+1","Active Listings","Single Row 3-Bedroom + M Townhouse | Park Facing","Dubai Properties","",""
"10995052","2025-10-27","Mudon","Al Ranim","Al Ranim 7","","","3350000","1157","12454","2896","269","Townhouse","3","","NULL","NULL","","0","0","NULL","G+1","Active Listings","MOTIVATED SELLER | VASTU  | G+2 | COMMUNITY EXPERT","Dubai Properties","",""
"10954142","2025-09-10","Mudon","Al Ranim","Al Ranim 7","","","3350000","1425","15340","2351","218.39","Townhouse","3","","NULL","NULL","","1808","168","NULL","G+1","Active Listings","Genuine Resale | Prime Mudon Spot | Hottest Deal","Dubai Properties","",""
"10703018","2025-07-13","Mudon","Al Ranim","Al Ranim 7","","","3400000","1447","15569","2350","218.38","Townhouse","3","","NULL","NULL","","1834","170.34","Type 3B1","G+1","Active Listings","Single Row | G+1 | Near Basket Ball Court","Dubai Properties","",""
"10412979","2025-06-18","Mudon","Al Ranim","Al Ranim 7","","","4200000","1246","13419","3370","313","Townhouse","4","","NULL","NULL","","0","0","NULL","G+1","Active Listings","Prime location | Huge Plot | Single Row- patrick","Dubai Properties","",""
"8878612","2025-02-19","Mudon","Al Ranim","Al Ranim 7","","","2545000","1083","11653","2350","218.39","Townhouse","3","","","","","1808","168","","G+1","Oqood","","Dubai Properties","","Resale"
"12240970","2025-12-19","Mudon","Al Ranim","Al Ranim 7","","","5300000","1764","18984","3005","279.18","Townhouse","4","","NULL","NULL","","2583","240","NULL","G+2","Active Listings","Modern Family Living| 3-Beds | Good location","Dubai Properties","",""
"10216046","2025-04-04","Mudon","Al Ranim","Al Ranim 7","","","3850000","1282","13799","3004","279","Townhouse","4","","NULL","NULL","","0","0","NULL","G+1","Active Listings","Family Townhouse | Luxurious Design | Off Plan | G+2","Dubai Properties","",""
"12122237","2025-11-30","Mudon","Al Ranim","Al Ranim 7","","","4100000","1661","17881","2468","229.3","Townhouse","4","","NULL","NULL","","2583","240","NULL","G+1","Active Listings","Corner End Unit | Huge Plot | Motivate Selle","Dubai Properties","",""
"10668341","2025-06-30","Mudon","Al Ranim","Al Ranim 7","","","2900000","1234","13303","2351","218","Townhouse","3","","NULL","NULL","","0","0","NULL","G+1","Active Listings","On The Park | Great Layout | Multiple units","Dubai Properties","",""
"12432476","2026-01-15","Mudon","Al Ranim","Al Ranim 7","","","4800000","1598","17204","3004","279","Townhouse","4","","NULL","NULL","","0","0","NULL","G+1","Active Listings","Corner 4BR Townhouse | G+2 | Big Plot","Dubai Properties","",""
"10298801","2026-01-03","Mudon","Al Ranim","Al Ranim 7","","","4350000","1448","15581","3005","279.18","Townhouse","4","","NULL","NULL","","2609","242.4","NULL","G+2","Active Listings","Family Townhouse | Luxurious Design | Off Plan | G+2","Dubai Properties","",""
"12338053","2025-12-29","Mudon","Al Ranim","Al Ranim 7","","","4000000","1331","14328","3005","279.18","Townhouse","4","","NULL","NULL","","2583","240","NULL","G+2","Active Listings","4BR+Maids room | Spacious Lay out | Prime location","Dubai Properties","",""
"10214103","2025-04-04","Mudon","Al Ranim","Al Ranim 7","","","3600000","1198","12903","3005","279","Townhouse","4","","NULL","NULL","","0","0","NULL","G+1","Active Listings","Spacious 4-Bedroom With Maidsroom | Good location","Dubai Properties","",""
"10950051","2025-11-27","Mudon","Al Ranim","Al Ranim 7","","","3250000","1382","14882","2351","218.38","Townhouse","3","","NULL","NULL","","2542","236.15","","G+1","Active Listings","Biggest Plot in Phase 7 | 3BR+Maid Townhouse | Type 3B1","Dubai Properties","",""
"10915487","2025-08-27","Mudon","Al Ranim","Al Ranim 7","","","3350000","1157","12454","2896","269","Townhouse","3","","NULL","NULL","","0","0","NULL","G+1","Active Listings","MOTIVATED SELLER | VASTU  | G+2 | COMMUNITY EXPERT","Dubai Properties","",""
"10771637","2025-08-01","Mudon","Al Ranim","Al Ranim 7","","","3700000","1499","16136","2468","229.3","Townhouse","4","","NULL","NULL","","2584","240.03","NULL","G+1","Active Listings","On the Park | Genuine Resale | Viewing Available","Dubai Properties","",""
"10320582","2025-05-17","Mudon","Al Ranim","Al Ranim 7","","","3600000","1262","13585","2852","265","Townhouse","4","","NULL","NULL","","0","0","NULL","G+1","Active Listings","Exclusive I 4 Bedrooms I Townhouse I Ranim 7","Dubai Properties","",""
"12386137","2026-01-07","Mudon","Al Ranim","Al Ranim 7","","","4500000","1498","16129","3005","279","Townhouse","4","","NULL","NULL","","0","0","NULL","G+1","Active Listings","Vastu | 4 Bedroom G+2 | On the Park | Corner","Dubai Properties","",""
"11895061","2025-11-05","Mudon","Al Ranim","Al Ranim 7","","","3200000","1362","14679","2350","218","Townhouse","3","","NULL","NULL","","0","0","NULL","G+1","Active Listings","3BR | Type-3B1 | Payment plan | Handover-Sep 2026","Dubai Properties","",""
"11776247","2025-11-04","Mudon","Al Ranim","Al Ranim 7","","","3800000","1540","16572","2468","229.3","Townhouse","4","","NULL","NULL","","3235","300.58","NULL","G+1","Active Listings","Corner Unit | Park View | Near to Amenities","Dubai Properties","",""
"10888045","2025-11-19","Mudon","Al Ranim","Al Ranim 7","","","3900000","1580","17011","2468","229.26","Townhouse","4","","NULL","NULL","","3102","288.21","NULL","G+1","Active Listings","Investor Deal | 4BR+Maid | Prime in Mudon","Dubai Properties","",""
"9124812","2025-10-09","Mudon","Al Ranim","Al Ranim 7","","","2870000","1221","13142","2350","218.38","Townhouse","3","","","","","1808","168","","G+1","Oqood","","Dubai Properties","","Resale"
"10723759","2025-07-18","Mudon","Al Ranim","Al Ranim 7","","","3700000","1499","16136","2468","229.3","Townhouse","4","","NULL","NULL","","2584","240.03","NULL","G+1","Active Listings","On the Park | Genuine Resale | Viewing Available","Dubai Properties","",""
"10693713","2025-07-09","Mudon","Al Ranim","Al Ranim 7","","","3500000","1201","12915","2914","271","Townhouse","3","","NULL","NULL","","0","0","NULL","G+1","Active Listings","GENIUNE RESALE | BIGGER SIZE | NEXT TO PARK","Dubai Properties","",""
"10636751","2025-06-21","Mudon","Al Ranim","Al Ranim 7","","","3650000","1215","13074","3005","279.18","Townhouse","4","","NULL","NULL","","2625","243.86","NULL","G+2","Active Listings","Genuine resale | Vibrant community | On Park","Dubai Properties","",""
"8922997","2025-04-10","Mudon","Al Ranim","Al Ranim 7","","","2731000","1162","12505","2350","218.39","Townhouse","3","","","","","1812","168.31","","G+1","Oqood","","Dubai Properties","","Resale"
"12463902","2026-01-22","Mudon","Al Ranim","Al Ranim 7","","","3650000","1557","16753","2345","217.87","Townhouse","3","","NULL","NULL","","1809","168.04","NULL","G+1","Active Listings","Type 3B1 | Exclusive | Single Row","Dubai Properties","",""
"12417684","2026-01-14","Mudon","Al Ranim","Al Ranim 7","","","3350000","1429","15376","2345","217.87","Townhouse","3","","NULL","NULL","","1850","171.83","NULL","G+1","Active Listings","3BR Plus Maid | Handover 2027 | Backing Green Belt","Dubai Properties","",""
"12383747","2026-01-06","Mudon","Al Ranim","Al Ranim 7","","","3400000","1446","15568","2351","218.39","Townhouse","3","","NULL","NULL","","1822","169.3","NULL","G+1","Active Listings","Exclusive unit | Direct on Park | Near Amenties","Dubai Properties","",""
"11878695","2025-11-04","Mudon","Al Ranim","Al Ranim 7","","","4195000","1396","15026","3005","279.18","Townhouse","4","","NULL","NULL","","2625","243.86","NULL","G+2","Active Listings","G+2 Unit | Corner Plot | Great Location","Dubai Properties","",""
"11701671","2026-01-03","Mudon","Al Ranim","Al Ranim 7","","","3300000","1404","15111","2351","218.38","Townhouse","3","","NULL","NULL","","1842","171.09","NULL","G+1","Active Listings","Modern Finishing | G+1 | Prime Location","Dubai Properties","",""
"10658255","2025-06-27","Mudon","Al Ranim","Al Ranim 7","","","3350000","1150","12374","2914","270.73","Townhouse","3","","NULL","NULL","","1848","171.7","NULL","G+2","Active Listings","MOTIVATED SELLER | VASTU  | G+2 | COMMUNITY EXPERT","Dubai Properties","",""
"8978325","2025-05-19","Mudon","Al Ranim","Al Ranim 7","","","2605000","1111","11957","2345","217.87","Townhouse","3","","","","","1926","178.96","","G+1","Oqood","","Dubai Properties","","Resale"
"10409323","2025-06-17","Mudon","Al Ranim","Al Ranim 7","","","3299000","1098","11824","3005","279","Townhouse","4","","NULL","NULL","","0","0","NULL","G+1","Active Listings","Modern Living | Spacious Plans | Premium Features","Dubai Properties","",""
"11695544","2025-11-21","Mudon","Al Ranim","Al Ranim 7","","","3200000","1365","14688","2345","217.87","Townhouse","3","","NULL","NULL","","1912","177.66","NULL","G+1","Active Listings","3BR | Type-3B1 | Payment plan | Handover-Sep 2026","Dubai Properties","",""
"11668410","2025-12-17","Mudon","Al Ranim","Al Ranim 7","","","3280000","1395","15019","2351","218.39","Townhouse","3","","NULL","NULL","","1815","168.62","NULL","G+1","Active Listings","Close to Pool & Park ! Premium Unit ! 60% Paid","Dubai Properties","",""
"11781065","2025-10-20","Mudon","Al Ranim","Al Ranim 7","","","3500000","1201","12928","2914","270.73","Townhouse","3","","","","","1819","168.95","","G+2","Oqood","","Dubai Properties","","Resale"
"10409311","2025-06-17","Mudon","Al Ranim","Al Ranim 7","","","2699000","1149","12381","2350","218","Townhouse","3","","NULL","NULL","","0","0","NULL","G+1","Active Listings","Elegant Design | Thoughtful Layout | Top Features","Dubai Properties","",""
"12319532","2025-12-24","Mudon","Al Ranim","Al Ranim 7","","","3250000","1383","14882","2350","218.38","Townhouse","3","","NULL","NULL","","1834","170.34","Type 3B1","G+1","Active Listings","Single Row | G+1 | Near Basket Ball Court","Dubai Properties","",""
"12102606","2025-11-20","Mudon","Al Ranim","Al Ranim 7","","","3850000","1321","14221","2914","270.73","Townhouse","3","","NULL","NULL","","2276","211.48","NULL","G+2","Active Listings","G+2 TH Type | Park Views | Handover 2026","Dubai Properties","",""
"10131003","2025-02-13","Mudon","Al Ranim","Al Ranim 7","","","2750000","1173","12622","2345","217.87","Townhouse","3","","NULL","NULL","","1808","168","NULL","G+1","Active Listings","3 BR | Park View | Single Row | Perfect Location","Dubai Properties","",""
"10905505","2025-08-28","Mudon","Al Ranim","Al Ranim 7","","","3650000","1215","13082","3005","279","Townhouse","4","","NULL","NULL","","0","0","NULL","G+1","Active Listings","Genuine resale | Vibrant community | On Park","Dubai Properties","",""
"10833293","2025-09-12","Mudon","Al Ranim","Al Ranim 7","","","4000000","1233","13289","3245","301","Townhouse","4","","NULL","NULL","","0","0","NULL","G+1","Active Listings","Luxury 4-Bedroom With Maidroom | Good location","Dubai Properties","",""
"10810443","2025-08-07","Mudon","Al Ranim","Al Ranim 7","","","3200000","1361","14653","2351","218.38","Townhouse","3","","NULL","NULL","","1808","168","NULL","G+1","Active Listings","Elegant 3BR Townhouse | Green Views | Ready 2026","Dubai Properties","",""
"12164548","2025-12-04","Mudon","Al Ranim","Al Ranim 7","","","4200000","1702","18317","2468","229.3","Townhouse","4","","","","","3415","317.27","","G+1","Oqood","","Dubai Properties","","Resale"
"12380612","2026-01-06","Mudon","Al Ranim","Al Ranim 7","","","4100000","1364","14695","3005","279","Townhouse","4","","NULL","NULL","","0","0","NULL","G+1","Active Listings","Genuine resale | Vibrant community | On Park","Dubai Properties","",""
"10942055","2026-01-03","Mudon","Al Ranim","Al Ranim 7","","","4000000","1331","14328","3005","279.18","Townhouse","4","","NULL","NULL","","2583","240","NULL","G+2","Active Listings","4 Bedrooms For sale | Spacious Lay out | Prime location","Dubai Properties","",""
"12142040","2025-11-28","Mudon","Al Ranim","Al Ranim 7","","","2980000","1268","13645","2350","218.39","Townhouse","3","","","","","1808","168","","G+1","Oqood","","Dubai Properties","","Resale"
"10280126","2025-05-01","Mudon","Al Ranim","Al Ranim 7","","","3399000","1166","12542","2914","271","Townhouse","3","","NULL","NULL","","0","0","NULL","G+1","Active Listings","Vastu compliant | G 2 | Handover 2026","Dubai Properties","",""
"12096469","2025-11-19","Mudon","Al Ranim","Al Ranim 7","","","4100000","1364","14695","3005","279","Townhouse","4","","NULL","NULL","","0","0","NULL","G+1","Active Listings","Genuine resale | Vibrant community | On Park","Dubai Properties","",""
"10193603","2025-03-06","Mudon","Al Ranim","Al Ranim 7","","","2750000","1521","16369","1808","168","Townhouse","3","","NULL","NULL","","0","0","NULL","G+1","Active Listings","3 BR | Park View | Single Row | Perfect Location","Dubai Properties","",""
"10933500","2025-08-15","Mudon","Al Ranim","Al Ranim 7","","","3600000","1198","12895","3005","279.18","Townhouse","4","","NULL","NULL","","2583","240","NULL","G+2","Active Listings","3 Bedrooms for sale | Spacious Lay out | Good location","Dubai Properties","",""
"10880421","2025-09-04","Mudon","Al Ranim","Al Ranim 7","","","3100000","1715","18452","1808","168","Townhouse","3","","NULL","NULL","","0","0","NULL","G+1","Active Listings","Genuine Resale| Single row| Close to amenities","Dubai Properties","",""
"8971408","2025-05-12","Mudon","Al Ranim","Al Ranim 7","","","2710000","1153","12409","2350","218.39","Townhouse","3","","","","","1811","168.23","","G+1","Oqood","","Dubai Properties","","Resale"
"10404249","2025-06-14","Mudon","Al Ranim","Al Ranim 7","","","4750000","1581","17025","3004","279","Townhouse","4","","NULL","NULL","","0","0","NULL","G+1","Active Listings","Single Row | Corner Unit | Spacious Layout | Prime Location","Dubai Properties","",""
"12095075","2025-11-27","Mudon","Al Ranim","Al Ranim 7","","","4300000","1742","18753","2468","229.3","Townhouse","4","","NULL","NULL","","2599","241.44","NULL","G+1","Active Listings","4BR+Maid | Vibrant Community | Handover Sep 2026","Dubai Properties","",""
"11917380","2025-11-05","Mudon","Al Ranim","Al Ranim 7","","","3700000","1499","16157","2468","229","Townhouse","4","","NULL","NULL","","0","0","NULL","G+1","Active Listings","On the Park | Genuine Resale | Viewing Available","Dubai Properties","",""
"10144084","2025-03-07","Mudon","Al Ranim","Al Ranim 7","","","3750000","1287","13838","2914","271","Townhouse","3","","NULL","NULL","","0","0","NULL","G+1","Active Listings","Largest BUA | On Green Belt | Close to Park","Dubai Properties","",""
"10120137","2025-02-22","Mudon","Al Ranim","Al Ranim 7","","","3000000","1657","17857","1811","168","Townhouse","3","","NULL","NULL","","0","0","NULL","G+1","Active Listings","Single Row | Payment Plan | Prime Location","Dubai Properties","",""
"11654745","2026-01-03","Mudon","Al Ranim","Al Ranim 7","","","3850000","1321","14221","2914","270.73","Townhouse","3","","NULL","NULL","","2276","211.48","NULL","G+2","Active Listings","Spacious 3-Bedroom With Maidsroom | Good location","Dubai Properties","",""
"11000829","2025-09-11","Mudon","Al Ranim","Al Ranim 7","","","3680000","1225","13190","3005","279","Townhouse","4","","NULL","NULL","","0","0","NULL","G+1","Active Listings","Genuine resale | Vibrant community | On Park","Dubai Properties","",""
"10092183","2025-02-08","Mudon","Al Ranim","Al Ranim 7","","","2800000","1194","12844","2345","218","Townhouse","3","","NULL","NULL","","0","0","NULL","G+1","Active Listings","3 Bedroom Townhouse-Single Row (3B1-M)","Dubai Properties","",""
"10706052","2025-07-14","Mudon","Al Ranim","Al Ranim 7","","","3350000","1425","15340","2351","218.39","Townhouse","3","","NULL","NULL","","1808","168","NULL","G+1","Active Listings","Genuine Seller | Prime Location | Modern 3BR","Dubai Properties","",""
"10782401","2025-08-05","Mudon","Al Ranim","Al Ranim 7","","","4200000","1246","13419","3370","313","Townhouse","4","","NULL","NULL","","0","0","NULL","G+1","Active Listings","Prime location | Huge Plot | Single Row","Dubai Properties","",""
"10675396","2025-07-02","Mudon","Al Ranim","Al Ranim 7","","","4800000","1371","14769","3500","325","Townhouse","4","","NULL","NULL","","0","0","NULL","G+1","Active Listings","Genuine resale | Vibrant community | 4 bedrooms","Dubai Properties","",""
"10328541","2025-05-20","Mudon","Al Ranim","Al Ranim 7","","","2750000","1173","12622","2345","217.87","Townhouse","3","","NULL","NULL","","1808","168","NULL","G+1","Active Listings","3 BR | Park View | Single Row | Perfect Location","Dubai Properties","",""
"10972436","2025-10-02","Mudon","Al Ranim","Al Ranim 7","","","3300000","1407","15138","2345","218","Townhouse","3","","NULL","NULL","","0","0","NULL","G+1","Active Listings","Genuine Resale | Green Views | Prime Area","Dubai Properties","",""
"12416406","2026-01-14","Mudon","Al Ranim","Al Ranim 7","","","3600000","1459","15700","2468","229.3","Townhouse","4","","","","","2852","264.97","Type 4B1","G+1","Oqood","","Dubai Properties","","Resale"
"11947787","2025-11-17","Mudon","Al Ranim","Al Ranim 7","","","3900000","1580","17008","2468","229.3","Townhouse","4","","","","","2583","240","","G+1","Oqood","","Dubai Properties","","Resale"
"9001570","2025-06-12","Mudon","Al Ranim","Al Ranim 7","","","2800000","1191","12822","2351","218.38","Townhouse","3","","","","","1808","168","","G+1","Oqood","","Dubai Properties","","Resale"
"8963771","2025-05-02","Mudon","Al Ranim","Al Ranim 7","","","2750000","1173","12622","2345","217.87","Townhouse","3","","","","","1812","168.33","","G+1","Oqood","","Dubai Properties","","Resale"
"12473074","2026-01-24","Mudon","Al Ranim","Al Ranim 7","","","4400000","1783","19189","2468","229.3","Townhouse","4","","NULL","NULL","NULL","2583","240","NULL","G+1","Active Listings","Corner Unit | 4Bedroom Townhouse | Huge Layout","Dubai Properties","",""
"11798813","2025-11-04","Mudon","Al Ranim","Al Ranim 7","","","4000000","1621","17447","2468","229.26","Townhouse","4","","NULL","NULL","","3046","282.99","NULL","G+1","Active Listings","Big Plot I Corner Unit I Motivated Seller","Dubai Properties","",""
"12373539","2026-01-08","Mudon","Al Ranim","Al Ranim 7","","","3900000","1580","17008","2468","229.3","Townhouse","4","","","","","2736","254.2","Type 4B1","G+1","Oqood","","Dubai Properties","","Resale"
"10705002","2025-07-14","Mudon","Al Ranim","Al Ranim 7","","","3750000","1287","13850","2914","270.76","Townhouse","3","","NULL","NULL","","1808","168","","G+2","Active Listings","Largest BUA | On Green Belt | Close to Park","Dubai Properties","",""
"10779260","2025-08-04","Mudon","Al Ranim","Al Ranim 7","","","3500000","1082","11628","3235","301","Townhouse","4","","NULL","NULL","","0","0","NULL","G+1","Active Listings","Corner Unit | Park View | Near to Amenities","Dubai Properties","",""
"11944354","2025-11-13","Mudon","Al Ranim","Al Ranim 7","","","3750000","1287","13850","2914","270.76","Townhouse","3","","","","","1808","168","","G+2","Oqood","","Dubai Properties","","Resale"
"10302717","2025-05-10","Mudon","Al Ranim","Al Ranim 7","","","2950000","1258","13532","2345","218","Townhouse","3","","NULL","NULL","","0","0","NULL","G+1","Active Listings","Mudon Al Ranim 7","Dubai Properties","",""
"11014522","2025-11-04","Mudon","Al Ranim","Al Ranim 7","","","3150000","1340","14450","2350","218","Townhouse","3","","NULL","NULL","","0","0","NULL","G+1","Active Listings","Next to pool- Prime Location-Great ROI- Big Plot","Dubai Properties","",""
"10872134","2025-08-24","Mudon","Al Ranim","Al Ranim 7","","","3500000","1355","14583","2583","240","Townhouse","4","","NULL","NULL","","0","0","NULL","G+1","Active Listings","ON POOL | PREMIUM UNIT | MARKETE PRICE","Dubai Properties","",""
"10815271","2025-08-09","Mudon","Al Ranim","Al Ranim 7","","","3100000","1708","18343","1815","169","Townhouse","3","","NULL","NULL","","0","0","NULL","G+1","Active Listings","Spacious 3-Bedroom  | Good Price  |Prime  location","Dubai Properties","",""
"12392546","2026-01-10","Mudon","Al Ranim","Al Ranim 7","","","3250000","1386","14917","2345","217.87","Townhouse","3","","NULL","NULL","","1853","172.13","NULL","G+1","Active Listings","Single Row | Type 3B1 | Green Backing","Dubai Properties","",""
"12079902","2025-12-05","Mudon","Al Ranim","Al Ranim 7","","","4250000","1722","18538","2468","229.26","Townhouse","4","","NULL","NULL","","3102","288.21","NULL","G+1","Active Listings","Prime Location | Best Investment | Hottest Deal","Dubai Properties","",""
"10083798","2025-02-11","Mudon","Al Ranim","Al Ranim 7","","","3100000","1319","14220","2350","218","Townhouse","3","","NULL","NULL","","0","0","NULL","G+1","Active Listings","Single Row | Facing Park and Amenities | HO 2026","Dubai Properties","",""
"10891028","2025-08-14","Mudon","Al Ranim","Al Ranim 7","","","3400000","1447","15569","2350","218.38","Townhouse","3","","NULL","NULL","","1834","170.34","Type 3B1","G+1","Active Listings","Single Row | G+1 | Near Basket Ball Court","Dubai Properties","",""
"10726574","2025-07-19","Mudon","Al Ranim","Al Ranim 7","","","2800000","1194","12844","2345","218","Townhouse","3","","NULL","NULL","","0","0","NULL","G+1","Active Listings","? SINGLE ROW | LAYOUT FOR FAMILY | GREAT DEAL","Dubai Properties","",""
"12515806","2026-02-03","Mudon","Al Ranim","Al Ranim 7","","","4250000","1722","18535","2468","229.3","Townhouse","4","","NULL","NULL","NULL","2657","246.84","NULL","G+1","Active Listings","End-Corner Unit | Ready by Q3 | Great Investment","Dubai Properties","",""
"10352897","2025-05-28","Mudon","Al Ranim","Al Ranim 7","","","3290000","1129","12152","2914","270.73","Townhouse","3","","NULL","NULL","","1819","168.95","","G+2","Active Listings","Largest BUA-On Green Belt |Close to Park","Dubai Properties","",""
"12109845","2025-11-22","Mudon","Al Ranim","Al Ranim 7","","","4350000","1448","15581","3005","279.18","Townhouse","4","","NULL","NULL","","2609","242.4","NULL","G+2","Active Listings","Bright & Contemporary 4-Bed Townhouse| Prime Mudon","Dubai Properties","",""
"10201096","2025-03-23","Mudon","Al Ranim","Al Ranim 7","","","2731000","1162","12528","2350","218","Townhouse","3","","NULL","NULL","","0","0","NULL","G+1","Active Listings","Single Row | Middle Unit | Prime Location","Dubai Properties","",""
"10157967","2025-03-20","Mudon","Al Ranim","Al Ranim 7","","","3150000","1736","18639","1815","169","Townhouse","3","","NULL","NULL","","0","0","NULL","G+1","Active Listings","Facing Park | Bigger Plot | Ideal Layout","Dubai Properties","",""
"10134090","2025-02-27","Mudon","Al Ranim","Al Ranim 7","","","2750000","1521","16369","1808","168","Townhouse","3","","NULL","NULL","","0","0","NULL","G+1","Active Listings","3 BR | Park View | Single Row | Perfect Location","Dubai Properties","",""
"10843823","2025-09-30","Mudon","Al Ranim","Al Ranim 7","","","3000000","1619","17442","1853","172","Townhouse","3","","NULL","NULL","","0","0","NULL","G+1","Active Listings","Single Row | Type 3B1 | 3 Bed + Maid | 60% Paid","Dubai Properties","",""
"9032837","2025-07-15","Mudon","Al Ranim","Al Ranim 7","","","3692000","1496","16101","2468","229.3","Townhouse","4","","","","","3601","334.55","","G+1","Oqood","","Dubai Properties","","Resale"
"12466726","2026-01-23","Mudon","Al Ranim","Al Ranim 7","","","4400000","1872","20147","2351","218.39","Townhouse","4","","NULL","NULL","NULL","1808","168","NULL","G+1","Active Listings","4BR+Maids | Prime Location | Best investment","Dubai Properties","",""
"12386135","2026-01-07","Mudon","Al Ranim","Al Ranim 7","","","3450000","1467","15826","2351","218","Townhouse","3","","NULL","NULL","","0","0","NULL","G+1","Active Listings","Single Row | Genuine Resale | On Park | Spacious","Dubai Properties","",""
"10294506","2025-05-07","Mudon","Al Ranim","Al Ranim 7","","","3390000","1163","12522","2914","270.73","Townhouse","3","","NULL","NULL","","1819","168.95","","G+2","Active Listings","3 Bedroom G+2 | Vastu | Handover Q3 2026","Dubai Properties","",""
"12107546","2025-11-21","Mudon","Al Ranim","Al Ranim 7","","","3850000","1321","14207","2914","271","Townhouse","3","","NULL","NULL","","0","0","NULL","G+1","Active Listings","Vastu Compliant | On the Park | 3 Bedroom G + 2","Dubai Properties","",""
"10133337","2025-02-19","Mudon","Al Ranim","Al Ranim 7","","","2750000","1521","16369","1808","168","Townhouse","3","","NULL","NULL","","0","0","NULL","G+1","Active Listings","3 BR | Park View | Single Row | Perfect Location","Dubai Properties","",""
"10319641","2025-05-16","Mudon","Al Ranim","Al Ranim 7","","","3390000","1163","12509","2914","271","Townhouse","3","","NULL","NULL","","0","0","NULL","G+1","Active Listings","3 Bedroom G+2 | Vastu | Handover Q3 2026","Dubai Properties","",""
"12382910","2026-01-06","Mudon","Al Ranim","Al Ranim 7","","","3500000","1493","16055","2345","218","Townhouse","3","","NULL","NULL","","0","0","NULL","G+1","Active Listings","Investment Deal | Direct on Park | Close to Pool","Dubai Properties","",""
"12327041","2025-12-26","Mudon","Al Ranim","Al Ranim 7","","","3850000","1321","14207","2914","271","Townhouse","3","","NULL","NULL","","0","0","NULL","G+1","Active Listings","Vastu Compliant | On the Park | 3 Bedroom G + 2","Dubai Properties","",""
"10210754","2025-04-02","Mudon","Al Ranim","Al Ranim 7","","","3390000","1163","12522","2914","270.73","Townhouse","3","","NULL","NULL","","1819","168.95","","G+2","Active Listings","3 Bedroom G+2 | Vastu | Handover Q3 2026","Dubai Properties","",""
"11876490","2025-11-02","Mudon","Al Ranim","Al Ranim 7","","","3400000","1447","15569","2350","218.38","Townhouse","3","","NULL","NULL","","1834","170.34","Type 3B1","G+1","Active Listings","Single Row | G+1 | Prime Location | High ROI","Dubai Properties","",""
"12185492","2025-12-10","Mudon","Al Ranim","Al Ranim 7","","","4000000","1331","14328","3005","279.18","Townhouse","4","","","","","3251","302.05","","G+2","Oqood","","Dubai Properties","","Resale"
"10657157","2025-06-27","Mudon","Al Ranim","Al Ranim 7","","","3500000","1418","15264","2468","229.3","Townhouse","4","","NULL","NULL","","2583","240","NULL","G+1","Active Listings","ON POOL | PREMIUM UNIT | MARKETE PRICE","Dubai Properties","",""
"10409320","2025-06-17","Mudon","Al Ranim","Al Ranim 7","","","3299000","1337","14406","2468","229","Townhouse","4","","NULL","NULL","","0","0","NULL","G+1","Active Listings","Contemporary Look | Smart Design | Top Amenities","Dubai Properties","",""
"12165646","2025-12-06","Mudon","Al Ranim","Al Ranim 7","","","3500000","1493","16055","2345","218","Townhouse","3","","NULL","NULL","","0","0","NULL","G+1","Active Listings","Investment Deal | Direct on Park | Close to Pool","Dubai Properties","",""
"10197064","2025-03-12","Mudon","Al Ranim","Al Ranim 7","","","2750000","1521","16369","1808","168","Townhouse","3","","NULL","NULL","","0","0","NULL","G+1","Active Listings","3 BR | Park View | Single Row | Perfect Location","Dubai Properties","",""
"11695050","2026-01-03","Mudon","Al Ranim","Al Ranim 7","","","3600000","1531","16484","2351","218.39","Townhouse","3","","NULL","NULL","","1808","168.01","NULL","G+1","Active Listings","Community Living-On Pool & Park-Genuine Re sale","Dubai Properties","",""
"11009076","2025-10-01","Mudon","Al Ranim","Al Ranim 7","","","3700000","1499","16157","2468","229","Townhouse","4","","NULL","NULL","","0","0","NULL","G+1","Active Listings","On the Park | Genuine Resale | Viewing Available","Dubai Properties","",""
"9122398","2025-10-07","Mudon","Al Ranim","Al Ranim 7","","","4300000","1431","15402","3005","279.18","Townhouse","4","","","","","2583","240","","G+2","Oqood","","Dubai Properties","","Resale"
"10407326","2025-06-16","Mudon","Al Ranim","Al Ranim 7","","","3100000","1322","14220","2345","218","Townhouse","3","","NULL","NULL","","0","0","NULL","G+1","Active Listings","Spacious Layout | Backing Park | Best Location","Dubai Properties","",""
"12496458","2026-01-29","Mudon","Al Ranim","Al Ranim 7","","","3850000","1321","14207","2914","271","Townhouse","3","","NULL","NULL","NULL","0","0","NULL","G+1","Active Listings","Vastu Compliant | On the Park | 3 Bedroom G + 2","Dubai Properties","",""
"12308069","2025-12-23","Mudon","Al Ranim","Al Ranim 7","","","3850000","1321","14221","2914","270.73","Townhouse","3","","NULL","NULL","","2276","211.48","NULL","G+2","Active Listings","Park View / G+2 Townhouse / Spacious Layout","Dubai Properties","",""
"10229772","2025-04-10","Mudon","Al Ranim","Al Ranim 7","","","3150000","1740","18750","1810","168","Townhouse","3","","NULL","NULL","","0","0","NULL","G+1","Active Listings","Green Patch l Single Row l Bigger Plot","Dubai Properties","",""
"12161851","2025-12-05","Mudon","Al Ranim","Al Ranim 7","","","3450000","1467","15826","2351","218","Townhouse","3","","NULL","NULL","","0","0","NULL","G+1","Active Listings","Single Row | Genuine Resale | On Park | Spacious","Dubai Properties","",""
"11823065","2025-11-04","Mudon","Al Ranim","Al Ranim 7","","","3350000","1157","12454","2896","269","Townhouse","3","","NULL","NULL","","0","0","NULL","G+1","Active Listings","MOTIVATED SELLER | VASTU | G+2 | COMMUNITY EXPERT","Dubai Properties","",""
"10130251","2025-02-20","Mudon","Al Ranim","Al Ranim 7","","","2700000","1151","12385","2345","218","Townhouse","3","","NULL","NULL","","0","0","NULL","G+1","Active Listings","HOT DEAL | SINGLE ROW | PARK FACING","Dubai Properties","",""
"10982089","2025-09-13","Mudon","Al Ranim","Al Ranim 7","","","3100000","1319","14220","2351","218","Townhouse","3","","NULL","NULL","","0","0","NULL","G+1","Active Listings","Spacious Layout | Single Row | Multiple options","Dubai Properties","",""
"12153730","2025-12-03","Mudon","Al Ranim","Al Ranim 7","","","3600000","1459","15700","2468","229.3","Townhouse","4","","","","","2591","240.7","","G+1","Oqood","","Dubai Properties","","Resale"
"12306546","2025-12-23","Mudon","Al Ranim","Al Ranim 7","","","4250000","1722","18538","2468","229.26","Townhouse","4","","NULL","NULL","","3102","288.21","NULL","G+1","Active Listings","Prime Location | Best Investment | Hottest Deal","Dubai Properties","",""
"12199031","2025-12-13","Mudon","Al Ranim","Al Ranim 7","","","4200000","1627","17500","2582","240","Townhouse","4","","NULL","NULL","","0","0","NULL","G+1","Active Listings","Genuine resale | Vibrant community | On Park","Dubai Properties","",""
"10227275","2025-04-10","Mudon","Al Ranim","Al Ranim 7","","","2980000","1268","13645","2351","218.39","Townhouse","3","","NULL","NULL","","1815","168.62","NULL","G+1","Active Listings","Single Row | Genuine Resale| CLose to Pool & Park","Dubai Properties","",""
"12097415","2025-11-27","Mudon","Al Ranim","Al Ranim 7","","","4299000","1742","18752","2468","229.26","Townhouse","4","","NULL","NULL","","3629","337.11","NULL","G+1","Active Listings","SINGLE ROW I CORNER UNIT I PREMIUM LOCATION","Dubai Properties","",""
"11931819","2025-11-07","Mudon","Al Ranim","Al Ranim 7","","","3500000","1493","16055","2345","218","Townhouse","3","","NULL","NULL","","0","0","NULL","G+1","Active Listings","Investment Deal | Direct on Park | Close to Pool","Dubai Properties","",""
"10128481","2025-02-28","Mudon","Al Ranim","Al Ranim 7","","","3450000","1184","12731","2914","271","Townhouse","3","","NULL","NULL","","0","0","NULL","G+1","Active Listings","Vastu compliant | G + 2 | Handover 2026","Dubai Properties","",""
"10937201","2025-10-17","Mudon","Al Ranim","Al Ranim 7","","","3800000","1540","16572","2468","229.3","Townhouse","4","","NULL","NULL","","3235","300.58","NULL","G+1","Active Listings","Corner Unit | Park View | Near to Amenities","Dubai Properties","",""
"12512696","2026-02-03","Mudon","Al Ranim","Al Ranim 7","","","3250000","1383","14882","2350","218.38","Townhouse","3","","","","","1834","170.34","Type 3B1","G+1","Oqood","","Dubai Properties","","Resale"
"10405356","2025-06-15","Mudon","Al Ranim","Al Ranim 7","","","5000000","2026","21805","2468","229.3","Townhouse","4","","NULL","NULL","","2584","240.03","NULL","G+1","Active Listings","Townhouse | Modern Interiors | Corner Unit","Dubai Properties","",""
"10316532","2025-05-15","Mudon","Al Ranim","Al Ranim 7","","","3400000","1447","15569","2350","218.38","Townhouse","3","","NULL","NULL","","1834","170.34","Type 3B1","G+1","Active Listings","Single Row | G+2 | Prime Location | High ROI","Dubai Properties","",""
"10740699","2025-07-24","Mudon","Al Ranim","Al Ranim 7","","","3000000","1653","17751","1815","169","Townhouse","3","","NULL","NULL","","0","0","NULL","G+1","Active Listings","Prime Location | Park View | Handover Q3 2026","Dubai Properties","",""
"12487237","2026-01-28","Mudon","Al Ranim","Al Ranim 7","","","3480000","1481","15936","2350","218.38","Townhouse","3","","","","","2357","218.98","Type 3B1","G+1","Oqood","","Dubai Properties","","Resale"
"9055251","2025-08-07","Mudon","Al Ranim","Al Ranim 7","","","2950000","1255","13508","2350","218.39","Townhouse","3","","","","","1815","168.62","","G+1","Oqood","","Dubai Properties","","Resale"
"10367583","2025-06-02","Mudon","Al Ranim","Al Ranim 7","","","3200000","1361","14653","2351","218.38","Townhouse","3","","NULL","NULL","","1808","168","NULL","G+1","Active Listings","Elegant 3BR Townhouse | Green Views | Ready 2026","Dubai Properties","",""
"12194710","2025-12-12","Mudon","Al Ranim","Al Ranim 7","","","4200000","1627","17500","2582","240","Townhouse","4","","NULL","NULL","","0","0","NULL","G+1","Active Listings","SINGLE ROW I CORNER UNIT I PREMIUM LOCATION","Dubai Properties","",""
"10164523","2025-03-03","Mudon","Al Ranim","Al Ranim 7","","","3000000","1276","13738","2351","218.38","Townhouse","3","","NULL","NULL","","1842","171.09","NULL","G+1","Active Listings","3BR+Maid Townhouse | Huge Garden | Type 3B1","Dubai Properties","",""
"11803234","2025-11-05","Mudon","Al Ranim","Al Ranim 7","","","3650000","1553","16713","2351","218.39","Townhouse","3","","NULL","NULL","","1808","168.01","NULL","G+1","Active Listings","Single Row  | Pool & Park View | End Users & Investors","Dubai Properties","",""
"10961968","2025-11-14","Mudon","Al Ranim","Al Ranim 7","","","3000000","1569","16854","1912","178","Townhouse","3","","NULL","NULL","","0","0","NULL","G+1","Active Listings","3-Bedroom Townhouse | Prime Location | High ROI","Dubai Properties","",""
"9002552","2025-06-13","Mudon","Al Ranim","Al Ranim 7","","","2950000","1258","13540","2345","217.87","Townhouse","3","","","","","1808","168","","G+1","Oqood","","Dubai Properties","","Resale"
"10328438","2025-05-20","Mudon","Al Ranim","Al Ranim 7","","","2900000","1234","13303","2351","218","Townhouse","3","","NULL","NULL","","0","0","NULL","G+1","Active Listings","Huge Plot | Single Row | On the Park","Dubai Properties","",""
"12092085","2025-11-18","Mudon","Al Ranim","Al Ranim 7","","","4000000","1621","17447","2468","229.26","Townhouse","4","","NULL","NULL","","3046","282.99","NULL","G+1","Active Listings","Big Plot I Corner Unit I Motivated Seller","Dubai Properties","",""
"11913667","2025-12-26","Mudon","Al Ranim","Al Ranim 7","","","3200000","1365","14688","2345","217.87","Townhouse","3","","NULL","NULL","","1853","172.13","NULL","G+1","Active Listings","Single Row | Type 3B1 | 3 Bed Plus Maid | Prime Location","Dubai Properties","",""
"10161568","2025-03-22","Mudon","Al Ranim","Al Ranim 7","","","2800000","1191","12844","2351","218","Townhouse","3","","NULL","NULL","","0","0","NULL","G+1","Active Listings","Huge Plot | Single Row | On the Park","Dubai Properties","",""
"11714664","2025-11-05","Mudon","Al Ranim","Al Ranim 7","","","4200000","1702","18317","2468","229.3","Townhouse","4","","NULL","NULL","","3415","317.27","","G+1","Active Listings","LUXURY LIVING | PRIVATE GARDEN | GREEN LIVING","Dubai Properties","",""
"11945640","2025-11-14","Mudon","Al Ranim","Al Ranim 7","","","3000000","1277","13738","2350","218.38","Townhouse","3","","","","","1808","168","","G+1","Oqood","","Dubai Properties","","Resale"
"12305142","2025-12-23","Mudon","Al Ranim","Al Ranim 7","","","3200000","1365","14688","2345","217.87","Townhouse","3","","NULL","NULL","","1853","172.13","NULL","G+1","Active Listings","Best Priced Townhouse | Vaastu | Multiple Options","Dubai Properties","",""
"10243702","2025-04-17","Mudon","Al Ranim","Al Ranim 7","","","3290000","1129","12152","2914","270.73","Townhouse","3","","NULL","NULL","","1819","168.95","","G+2","Active Listings","Largest BUA | On Green Belt | Close to Park","Dubai Properties","",""
"11683316","2025-11-01","Mudon","Al Ranim","Al Ranim 7","","","3200000","1727","18605","1853","172","Townhouse","3","","NULL","NULL","","0","0","NULL","G+1","Active Listings","Single Row | Type 3B1 | 3 Bed + Maid | 60% Paid","Dubai Properties","",""
"11018020","2025-09-23","Mudon","Al Ranim","Al Ranim 7","","","3000000","1659","17857","1808","168","Townhouse","3","","NULL","NULL","","0","0","NULL","G+1","Active Listings","Hot Deal | 3BR+Maid in Mudon Ranim | Best Location","Dubai Properties","",""
"10925251","2025-08-11","Mudon","Al Ranim","Al Ranim 7","","","3600000","1235","13284","2914","271","Townhouse","3","","NULL","NULL","","0","0","NULL","G+1","Active Listings","Vastu compliant | G+2 | Handover Q3 2026","Dubai Properties","",""
"9048911","2025-07-31","Mudon","Al Ranim","Al Ranim 7","","","3088000","1060","11405","2914","270.76","Townhouse","3","","","","","1808","168","","G+2","Oqood","","Dubai Properties","","Resale"
"10217536","2025-04-05","Mudon","Al Ranim","Al Ranim 7","","","3550000","1144","12326","3102","288","Townhouse","4","","NULL","NULL","","0","0","NULL","G+1","Active Listings","Amazing Location 4 Bedrooms On Green Belt","Dubai Properties","",""
"12124280","2025-11-26","Mudon","Al Ranim","Al Ranim 7","","","3400000","1446","15569","2351","218.38","Townhouse","3","","NULL","NULL","","1808","168","NULL","G+1","Active Listings","3BR| POOL FACING | TYPE-3B1M | CLOSE TO PARK","Dubai Properties","",""
"12081998","2025-11-18","Mudon","Al Ranim","Al Ranim 7","","","4000000","1621","17444","2468","229.3","Townhouse","4","","NULL","NULL","","3235","300.58","NULL","G+1","Active Listings","Corner Unit | Park View | Near to Amenities","Dubai Properties","",""
"11679871","2025-10-01","Mudon","Al Ranim","Al Ranim 7","","","3600000","1980","21302","1818","169","Townhouse","3","","NULL","NULL","","0","0","NULL","G+1","Active Listings","Contemporary G+2 | Community Living | Pool &amp; Park RWD-S-TH03159","Dubai Properties","",""
"10922994","2025-08-12","Mudon","Al Ranim","Al Ranim 7","","","3080000","1248","13450","2468","229","Townhouse","3","","NULL","NULL","","0","0","NULL","G+1","Active Listings","Brand New | 3 Bed + Maid | Single Row | Park View","Dubai Properties","",""
"10814957","2025-08-09","Mudon","Al Ranim","Al Ranim 7","","","3100000","1707","18343","1816","169","Townhouse","3","","NULL","NULL","","0","0","NULL","G+1","Active Listings","Big Layout | Handover Soon | Stunning Townhouse | Negotiable Price","Dubai Properties","",""
"9042341","2025-07-24","Mudon","Al Ranim","Al Ranim 7","","","2760000","1177","12668","2345","217.87","Townhouse","3","","","","","1817","168.82","","G+1","Oqood","","Dubai Properties","","Resale"
"11928425","2025-11-07","Mudon","Al Ranim","Al Ranim 7","","","3800000","1265","13611","3005","279.18","Townhouse","4","","","","","3570","331.62","","G+2","Oqood","","Dubai Properties","","Resale"
"10270290","2025-04-27","Mudon","Al Ranim","Al Ranim 7","","","4500000","1498","16129","3005","279","Townhouse","4","","NULL","NULL","","0","0","NULL","G+1","Active Listings","Great Location | Greenery | Best Deal","Dubai Properties","",""
"11898198","2025-11-07","Mudon","Al Ranim","Al Ranim 7","","","4400000","1783","19189","2468","229.3","Townhouse","4","","NULL","NULL","","2583","240","NULL","G+1","Active Listings","Smart Unit | Huge Layout | Private Garden","Dubai Properties","",""
"10158745","2025-03-27","Mudon","Al Ranim","Al Ranim 7","","","3499000","1201","12924","2914","270.73","Townhouse","3","","NULL","NULL","","1819","168.95","","G+2","Active Listings","3 Bedroom G+2 | Vastu | Handover Q3 2026","Dubai Properties","",""
"12467337","2026-01-23","Mudon","Al Ranim","Al Ranim 7","","","3750000","1595","17202","2351","218","Townhouse","3","","NULL","NULL","NULL","0","0","NULL","G+1","Active Listings","Single Row/ On the Park/ Investor & End user favourite","Dubai Properties","",""
"12228214","2025-12-18","Mudon","Al Ranim","Al Ranim 7","","","4300000","1742","18753","2468","229.3","Townhouse","4","","NULL","NULL","","2599","241.44","NULL","G+1","Active Listings","4BR+Maid | Vibrant Community | Handover Sep 2026","Dubai Properties","",""
"11778642","2025-11-04","Mudon","Al Ranim","Al Ranim 7","","","3450000","1184","12742","2914","270.76","Townhouse","3","","NULL","NULL","","1846","171.53","NULL","G+2","Active Listings","MUDON | spacious layout | private garden","Dubai Properties","",""
"11013636","2026-01-03","Mudon","Al Ranim","Al Ranim 7","","","3600000","1198","12895","3005","279.18","Townhouse","4","","NULL","NULL","","2583","240","NULL","G+2","Active Listings","4-Beds for sale Spacious Lay out | Good location","Dubai Properties","",""
"10753396","2025-07-27","Mudon","Al Ranim","Al Ranim 7","","","3350000","1150","12374","2914","270.73","Townhouse","3","","NULL","NULL","","1848","171.7","NULL","G+2","Active Listings","MOTIVATED SELLER | VASTU  | G+2 | COMMUNITY EXPERT","Dubai Properties","",""
"10382710","2025-06-09","Mudon","Al Ranim","Al Ranim 7","","","3600000","1264","13585","2849","265","Townhouse","4","","NULL","NULL","","0","0","NULL","G+1","Active Listings","Best Price | Multiple Units | Great Community","Dubai Properties","",""
"12466686","2026-01-23","Mudon","Al Ranim","Al Ranim 7","","","3750000","1595","17172","2351","218.38","Townhouse","3","","NULL","NULL","NULL","1808","168","NULL","G+1","Active Listings","On the Pool & Park unit/ Modern Family Living/Single Row","Dubai Properties","",""
"12385813","2026-01-07","Mudon","Al Ranim","Al Ranim 7","","","3700000","1499","16157","2468","229","Townhouse","4","","NULL","NULL","","0","0","NULL","G+1","Active Listings","On the Park | Genuine Resale | Viewing Available","Dubai Properties","",""
"12176283","2025-12-09","Mudon","Al Ranim","Al Ranim 7","","","4500000","1498","16129","3005","279","Townhouse","4","","NULL","NULL","","0","0","NULL","G+1","Active Listings","Vastu | 4 Bedroom G+2 | On the Park | Corner","Dubai Properties","",""
"10199247","2025-03-19","Mudon","Al Ranim","Al Ranim 7","","","2750000","1521","16369","1808","168","Townhouse","3","","NULL","NULL","","0","0","NULL","G+1","Active Listings","3 BR | Park View | Single Row | Perfect Location","Dubai Properties","",""
"12073300","2025-11-18","Mudon","Al Ranim","Al Ranim 7","","","3350000","1425","15340","2351","218.39","Townhouse","3","","NULL","NULL","","1808","168","NULL","G+1","Active Listings","Genuine Resale | Prime Mudon Spot | Hottest Deal","Dubai Properties","",""
"11878865","2025-11-04","Mudon","Al Ranim","Al Ranim 7","","","3500000","1489","16027","2351","218.38","Townhouse","3","","NULL","NULL","","1808","168","NULL","G+1","Active Listings","Modern Finishings | G+1 | Prime Location","Dubai Properties","",""
"9124451","2025-10-09","Mudon","Al Ranim","Al Ranim 8","","","3600000","1459","15700","2468","229.3","Townhouse","4","","","","","2583","240","","G+1","Oqood","","Dubai Properties","","Resale"
"10409426","2025-06-17","Mudon","Al Ranim","Al Ranim 8","","","2699999","1149","12385","2350","218","Townhouse","3","","NULL","NULL","","0","0","NULL","G+1","Active Listings","Scenic Retreats | Modern Touch | Ample Comfort","Dubai Properties","",""
"10380167","2025-06-07","Mudon","Al Ranim","Al Ranim 8","","","3300000","1407","15138","2345","218","Townhouse","3","","NULL","NULL","","0","0","NULL","G+1","Active Listings","Genuine Resale | Close To Community Park and Exit","Dubai Properties","",""
"12106262","2025-11-27","Mudon","Al Ranim","Al Ranim 8","","","3500000","1489","16026","2351","218.39","Townhouse","3","","NULL","NULL","","1808","168","NULL","G+1","Active Listings","Single Row |Mid Unit | Prime Location | Ideal Home","Dubai Properties","",""
"10177991","2025-03-09","Mudon","Al Ranim","Al Ranim 8","","","3950000","1459","15737","2707","251","Villa","4","","NULL","NULL","","0","0","NULL","G+1","Active Listings","CORNER UNIT | 4 BED + MAID | HANDOVER ON Q3 - 2026","Dubai Properties","",""
"11529778","2025-10-10","Mudon","Al Ranim","Al Ranim 8","","","3650000","1413","15208","2583","240","Villa","4","","NULL","NULL","","0","0","NULL","G+1","Active Listings","Prime Location | Great Community | Large Layout","Dubai Properties","",""
"10654055","2025-06-26","Mudon","Al Ranim","Al Ranim 8","","","2799999","1191","12821","2351","218.39","Townhouse","3","","NULL","NULL","","1808","168","NULL","G+1","Active Listings","Single Row | Near Park | Genuine Resale","Dubai Properties","",""
"12504487","2026-01-31","Mudon","Al Ranim","Al Ranim 8","","","3750000","1599","17212","2345","217.87","Townhouse","3","","NULL","NULL","NULL","1808","168","NULL","G+1","Active Listings","Park Backing | Next to Amenities | Single Row","Dubai Properties","",""
"10345977","2025-05-26","Mudon","Al Ranim","Al Ranim 8","","","3000000","1658","17857","1809","168","Townhouse","3","","NULL","NULL","","0","0","NULL","G+1","Active Listings","Hot Deal | Environment Friendly | Green Community","Dubai Properties","",""
"10318260","2025-05-16","Mudon","Al Ranim","Al Ranim 8","","","4200000","1398","15044","3005","279.18","Townhouse","4","","NULL","NULL","","2774","257.67","NULL","G+2","Active Listings","G+ 2 Roof Top | Corner Unit | Near Pool and Park","Dubai Properties","",""
"10253912","2025-04-22","Mudon","Al Ranim","Al Ranim 8","","","3950000","1358","14630","2908","270","Villa","4","","NULL","NULL","","0","0","NULL","G+1","Active Listings","4 Bedroom Townhouse + Maids | Single row","Dubai Properties","",""
"10153308","2025-03-10","Mudon","Al Ranim","Al Ranim 8","","","3440000","1394","15022","2468","229","Villa","4","","NULL","NULL","","0","0","NULL","G+1","Active Listings","Corner Unit | Single Row | 4B1 Layout","Dubai Properties","",""
"11694638","2025-10-31","Mudon","Al Ranim","Al Ranim 8","","","3500000","1493","16055","2345","218","Townhouse","3","","NULL","NULL","","0","0","NULL","G+1","Active Listings","Motivated Seller | On the park | Next to entrance.","Dubai Properties","",""
"10626599","2025-06-19","Mudon","Al Ranim","Al Ranim 8","","","2800000","1549","16667","1808","168","Townhouse","3","","NULL","NULL","","0","0","NULL","G+1","Active Listings","Ranim 8 | Motivated Seller | Single Row","Dubai Properties","",""
"8908499","2025-03-20","Mudon","Al Ranim","Al Ranim 8","","","3559920","1442","15525","2468","229.3","Townhouse","4","","","","","3223","299.43","","G+1","Oqood","","Dubai Properties","","Resale"
"10129552","2025-02-11","Mudon","Al Ranim","Al Ranim 8","","","3836000","1277","13749","3004","279","Townhouse","4","","NULL","NULL","","0","0","NULL","G+1","Active Listings","OP to OP | Near Pool | Single Row","Dubai Properties","",""
"11691670","2025-12-04","Mudon","Al Ranim","Al Ranim 8","","","3300000","1404","15111","2351","218.38","Townhouse","3","","NULL","NULL","","1808","168","NULL","G+1","Active Listings","Prime Location Property | Near Park | Investment","Dubai Properties","",""
"10904329","2025-08-15","Mudon","Al Ranim","Al Ranim 8","","","3050000","1297","13966","2351","218.39","Townhouse","3","","NULL","NULL","","1808","168","NULL","G+1","Active Listings","Single Row | Close to Clubhouse | Green Community","Dubai Properties","",""
"10884864","2025-12-29","Mudon","Al Ranim","Al Ranim 8","","","3400000","1450","15606","2345","217.87","Townhouse","3","","NULL","NULL","","1810","168.15","NULL","G+1","Active Listings","RESALE | FACING PARK | SINGLE ROW","Dubai Properties","",""
"10858092","2025-12-29","Mudon","Al Ranim","Al Ranim 8","","","3450000","1467","15798","2351","218.38","Townhouse","3","","NULL","NULL","","1808","168","NULL","G+1","Active Listings","3-BR VILLA | SINGLE ROW | LUSH LANDSCAPES","Dubai Properties","",""
"10688273","2025-07-07","Mudon","Al Ranim","Al Ranim 8","","","3650000","1253","13469","2914","271","Townhouse","2","","NULL","NULL","","0","0","NULL","G+1","Active Listings","Perfect to Be Your First Home to Live In | Modern Layout | Completion Q3 2026","Dubai Properties","",""
"10341169","2025-05-23","Mudon","Al Ranim","Al Ranim 8","","","3488888","1197","12886","2914","270.76","Townhouse","3","","NULL","NULL","","1849","171.74","NULL","G+2","Active Listings","Single Row |Backing The Park | G+2 Layout","Dubai Properties","",""
"12198589","2025-12-13","Mudon","Al Ranim","Al Ranim 8","","","4000000","1621","17467","2468","229","Villa","4","","NULL","NULL","","0","0","NULL","G+1","Active Listings","Corner Unit | Close to Park | Payment plan","Dubai Properties","",""
"10148474","2025-03-18","Mudon","Al Ranim","Al Ranim 8","","","4200000","1398","15044","3005","279.18","Townhouse","4","","NULL","NULL","","2774","257.67","NULL","G+2","Active Listings","G+ 2 Roof Top | Corner Unit | Near Pool and Park","Dubai Properties","",""
"10902716","2025-09-17","Mudon","Al Ranim","Al Ranim 8","","","3500000","1936","20833","1808","168","Townhouse","3","","NULL","NULL","","0","0","NULL","G+1","Active Listings","Spacious On Park Prime Location Motivated Seller","Dubai Properties","",""
"10826195","2025-11-19","Mudon","Al Ranim","Al Ranim 8","","","3800000","1540","16572","2468","229.3","Townhouse","4","","NULL","NULL","","2823","262.3","NULL","G+1","Active Listings","4-Bedroom | Townhouse | Corner | On the Park*","Dubai Properties","",""
"12512484","2026-02-03","Mudon","Al Ranim","Al Ranim 8","","","3390000","1443","15523","2350","218.38","Townhouse","3","","","","","1846","171.46","Type 3B1","G+1","Oqood","","Dubai Properties","","Resale"
"10708143","2025-07-14","Mudon","Al Ranim","Al Ranim 8","","","3500000","1201","12915","2914","271","Villa","3","","NULL","NULL","","0","0","NULL","G+1","Active Listings","Biggest Layout of 3BR Villa In All Mudon Community Opposite To Park","Dubai Properties","",""
"12141617","2025-11-28","Mudon","Al Ranim","Al Ranim 8","","","3000000","1279","13770","2345","217.87","Townhouse","3","","","","","1808","168","","G+1","Oqood","","Dubai Properties","","Resale"
"10244983","2025-04-18","Mudon","Al Ranim","Al Ranim 8","","","3050000","1297","13966","2351","218.39","Townhouse","3","","NULL","NULL","","1808","168","NULL","G+1","Active Listings","Single Row | Close to Clubhouse | Green Community","Dubai Properties","",""
"12197780","2025-12-13","Mudon","Al Ranim","Al Ranim 8","","","3300000","1404","15138","2351","218","Townhouse","3","","NULL","NULL","","0","0","NULL","G+1","Active Listings","Investment Opportunity|Handover soon| Next to pool","Dubai Properties","",""
"10124082","2025-02-26","Mudon","Al Ranim","Al Ranim 8","","","3350000","1357","14610","2468","229.3","Townhouse","4","","NULL","NULL","","2583","240","NULL","G+1","Active Listings","Mudon Al Ranim 8 | 4Br+Maid | Handover 2026","Dubai Properties","",""
"11034489","2025-11-05","Mudon","Al Ranim","Al Ranim 8","","","5000000","1664","17910","3005","279.18","Townhouse","4","","NULL","NULL","","3196","296.95","Type 4B2","G+2","Active Listings","Sophisticated | Premium Amenities | Peaceful","Dubai Properties","",""
"10879530","2025-10-06","Mudon","Al Ranim","Al Ranim 8","","","3300000","1407","15138","2345","218","Townhouse","3","","NULL","NULL","","0","0","NULL","G+1","Active Listings","Park Backing | Single Row | Near Pool","Dubai Properties","",""
"10855029","2025-12-08","Mudon","Al Ranim","Al Ranim 8","","","4000000","1331","14328","3005","279.18","Townhouse","4","","NULL","NULL","","2774","257.67","NULL","G+2","Active Listings","G+ 2 Roof Top | Corner Unit | Near Pool and Park","Dubai Properties","",""
"12398548","2026-01-09","Mudon","Al Ranim","Al Ranim 8","","","3600000","1535","16524","2345","217.87","Townhouse","3","","NULL","NULL","","1808","168","NULL","G+1","Active Listings","SPACIOUS LAYOUT | SINGLE ROW | BRAND NEW","Dubai Properties","",""
"12192071","2025-12-12","Mudon","Al Ranim","Al Ranim 8","","","3800000","1620","17442","2345","217.87","Townhouse","3","","NULL","NULL","","1811","168.22","NULL","G+1","Active Listings","3 Bed Plus Maid | on The Pool | Genuine Resale","Dubai Properties","",""
"10222737","2025-04-08","Mudon","Al Ranim","Al Ranim 8","","","3199999","1365","14679","2345","218","Townhouse","3","","NULL","NULL","","0","0","NULL","G+1","Active Listings","SINGLE ROW | NEAR LAGOON | OPP PARK | NEAR RETAIL","Dubai Properties","",""
"10646076","2025-06-24","Mudon","Al Ranim","Al Ranim 8","","","2950000","1258","13532","2345","218","Townhouse","3","","NULL","NULL","","0","0","NULL","G+1","Active Listings","Single Row | Good Investment | Handover Q3 2026","Dubai Properties","",""
"12474360","2026-01-25","Mudon","Al Ranim","Al Ranim 8","","","3200000","1361","14653","2351","218.39","Townhouse","3","","NULL","NULL","NULL","1808","168","NULL","G+1","Active Listings","3 Bed Plus Maid | Prime Location|Single Row","Dubai Properties","",""
"12397395","2026-01-09","Mudon","Al Ranim","Al Ranim 8","","","4300000","1742","18753","2468","229.3","Townhouse","4","","NULL","NULL","","3211","298.29","NULL","G+1","Active Listings","4 Bed Plus Maid | On the Water | Genuine Resale","Dubai Properties","",""
"10244576","2025-04-18","Mudon","Al Ranim","Al Ranim 8","","","3050000","1297","13966","2351","218.39","Townhouse","3","","NULL","NULL","","1808","168","NULL","G+1","Active Listings","Vibrant Community | Family-Friendly | Spacious Townhouse | 3 BR + Maid Rm","Dubai Properties","",""
"12083658","2025-11-18","Mudon","Al Ranim","Al Ranim 8","","","3200000","1361","14679","2351","218","Townhouse","3","","NULL","NULL","","0","0","NULL","G+1","Active Listings","Handover soon | Investment Opportunity | Motivated","Dubai Properties","",""
"11684714","2025-11-04","Mudon","Al Ranim","Al Ranim 8","","","3200000","1361","14653","2351","218.39","Townhouse","3","","NULL","NULL","","1808","168","NULL","G+1","Active Listings","Park Facing | Single Row | Prime Location","Dubai Properties","",""
"10669757","2025-07-01","Mudon","Al Ranim","Al Ranim 8","","","4000000","1376","14815","2908","270","Villa","4","","NULL","NULL","","0","0","NULL","G+1","Active Listings","Good Investment Options | Garden View | HO-Q3 2026","Dubai Properties","",""
"10306088","2025-05-12","Mudon","Al Ranim","Al Ranim 8","","","3600000","1459","15721","2468","229","Townhouse","4","","NULL","NULL","","0","0","NULL","G+1","Active Listings","4 BR Townhouse | Genuine Resale | On the park","Dubai Properties","",""
"10220411","2025-04-07","Mudon","Al Ranim","Al Ranim 8","","","3300000","1812","19527","1821","169","Townhouse","3","","NULL","NULL","","0","0","NULL","G+1","Active Listings","3BR+Maid | Family-Friendly | Type 3B2 | HQ3 2026","Dubai Properties","",""
"10203731","2025-03-06","Mudon","Al Ranim","Al Ranim 8","","","3400000","1446","15569","2351","218.38","Townhouse","3","","NULL","NULL","","1915","177.95","NULL","G+1","Active Listings","Park facing | Type 3B1-M | Payment Plan","Dubai Properties","",""
"10088029","2025-02-19","Mudon","Al Ranim","Al Ranim 8","","","2700000","1151","12385","2346","218","Townhouse","3","","NULL","NULL","","0","0","NULL","G+1","Active Listings","GENUINE RE-SALE I SINGLE ROW ON PARK","Dubai Properties","",""
"10848800","2026-01-03","Mudon","Al Ranim","Al Ranim 8","","","3850000","1560","16790","2468","229.3","Townhouse","3","","NULL","NULL","","2908","270.19","NULL","G+1","Active Listings","Large Plot | Near Amenities | Genuine Resale","Dubai Properties","",""
"10733002","2025-07-21","Mudon","Al Ranim","Al Ranim 8","","","3050000","1297","13966","2351","218.39","Townhouse","3","","NULL","NULL","","1808","168","NULL","G+1","Active Listings","Single Row | Close to Clubhouse | Green Community","Dubai Properties","",""
"12373207","2026-01-08","Mudon","Al Ranim","Al Ranim 8","","","4400000","1464","15760","3005","279.18","Townhouse","4","","","","","3196","296.95","Type 4B2","G+2","Oqood","","Dubai Properties","","Resale"
"10324903","2025-05-19","Mudon","Al Ranim","Al Ranim 8","","","3500000","1489","16026","2351","218.39","Townhouse","3","","NULL","NULL","","1808","168","NULL","G+1","Active Listings","Close to Park | 3 BR Villa + Maid Room | Single Row","Dubai Properties","",""
"12348709","2026-01-02","Mudon","Al Ranim","Al Ranim 8","","","4500000","1824","19651","2467","229","Townhouse","4","","NULL","NULL","","0","0","NULL","G+1","Active Listings","Exclusive | Genuine Resale | Handover Soon","Dubai Properties","",""
"10202775","2025-03-10","Mudon","Al Ranim","Al Ranim 8","","","2800000","1191","12821","2351","218.39","Townhouse","3","","NULL","NULL","","1808","168","NULL","G+1","Active Listings","3 Bedroom Townhouse For Sale in Ranim 8","Dubai Properties","",""
"11900404","2025-11-04","Mudon","Al Ranim","Al Ranim 8","","","3500000","1493","16055","2345","218","Townhouse","3","","NULL","NULL","","0","0","NULL","G+1","Active Listings","Motivated Seller | On the park | Next to entrance.","Dubai Properties","",""
"11014021","2025-12-29","Mudon","Al Ranim","Al Ranim 8","","","3577000","1228","13211","2914","270.76","Townhouse","3","","NULL","NULL","","1827","169.71","Type 3B2","G+2","Active Listings","G+2 3-Beds | Premium Amenities near pool and park","Dubai Properties","",""
"10991443","2025-08-26","Mudon","Al Ranim","Al Ranim 8","","","3488888","1197","12874","2914","271","Townhouse","3","","NULL","NULL","","0","0","NULL","G+1","Active Listings","Single Row |Backing The Park | G+2 Layout","Dubai Properties","",""
"10891563","2025-10-19","Mudon","Al Ranim","Al Ranim 8","","","4000000","1373","14760","2914","271","Villa","3","","NULL","NULL","","0","0","NULL","G+1","Active Listings","2914 SQFT BUA | Biggest Layout in All Mudon | Payment Plan Available","Dubai Properties","",""
"10411582","2025-06-17","Mudon","Al Ranim","Al Ranim 8","","","3500000","1418","15264","2468","229.3","Townhouse","4","","NULL","NULL","","2583","240","NULL","G+1","Active Listings","CORNER UNIT | OPPOSITE TO PARK | SINGLE ROW","Dubai Properties","",""
"12516568","2026-02-03","Mudon","Al Ranim","Al Ranim 8","","","3300000","1404","15138","2351","218","Townhouse","3","","NULL","NULL","NULL","0","0","NULL","G+1","Active Listings","Investment Opportunity|Handover soon| Next to pool","Dubai Properties","",""
"10322928","2025-05-18","Mudon","Al Ranim","Al Ranim 8","","","3488888","1197","12886","2914","270.76","Townhouse","3","","NULL","NULL","","1849","171.74","NULL","G+2","Active Listings","Single Row |Backing The Park | G+2 Layout","Dubai Properties","",""
"12390148","2026-01-08","Mudon","Al Ranim","Al Ranim 8","","","5000000","1664","17910","3005","279.18","Townhouse","4","","NULL","NULL","","3196","296.95","NULL","G+2","Active Listings","Corner Villa on Private Artificial Beach","Dubai Properties","",""
"12111641","2025-11-22","Mudon","Al Ranim","Al Ranim 8","","","4100000","1661","17884","2468","229.26","Townhouse","4","","NULL","NULL","","2558","237.64","NULL","G+1","Active Listings","Genuine Resale | Exclusive | Corner Unit","Dubai Properties","",""
"11706194","2025-11-05","Mudon","Al Ranim","Al Ranim 8","","","3200000","1362","14679","2350","218","Townhouse","3","","NULL","NULL","","0","0","NULL","G+1","Active Listings","Near Pool | Single Row | Park Backing","Dubai Properties","",""
"9085289","2025-09-02","Mudon","Al Ranim","Al Ranim 8","","","2760000","1174","12638","2350","218.39","Townhouse","3","","","","","1808","168","","G+1","Oqood","","Dubai Properties","","Resale"
"10814365","2025-08-30","Mudon","Al Ranim","Al Ranim 8","","","3000000","1279","13761","2345","218","Townhouse","3","","NULL","NULL","","0","0","NULL","G+1","Active Listings","PREMIUM LOCATION | SINGLE ROW | MODERN DESIGN","Dubai Properties","",""
"12176944","2025-12-09","Mudon","Al Ranim","Al Ranim 8","","","4000000","1373","14773","2914","270.76","Townhouse","3","","NULL","NULL","","1849","171.74","NULL","G+2","Active Listings","3BR With Biggest BUA In All Of Mudon | Prime Location | Ready Within 1 Year","Dubai Properties","",""
"10211731","2025-04-03","Mudon","Al Ranim","Al Ranim 8","","","3800000","1620","17431","2345","218","Townhouse","3","","NULL","NULL","","0","0","NULL","G+1","Active Listings","RESALE | FACING  PARK | SINGLE ROW","Dubai Properties","",""
"12077071","2025-12-15","Mudon","Al Ranim","Al Ranim 8","","","4200000","1702","18317","2468","229.3","Townhouse","4","","NULL","NULL","","2908","270.19","NULL","G+1","Active Listings","Elegant Townhouse | Handover Soon | Community View","Dubai Properties","",""
"10182212","2025-03-09","Mudon","Al Ranim","Al Ranim 8","","","3500000","1418","15284","2468","229","Villa","4","","NULL","NULL","","0","0","NULL","G+1","Active Listings","CORNER UNIT | OPPOSITE TO PARK | SINGLE ROW","Dubai Properties","",""
"10133579","2025-02-26","Mudon","Al Ranim","Al Ranim 8","","","3750000","1287","13850","2914","270.76","Townhouse","3","","NULL","NULL","","1808","168","NULL","G+2","Active Listings","Investors Deal | Negotiable Price | Resale Apt","Dubai Properties","",""
"11703499","2025-10-08","Mudon","Al Ranim","Al Ranim 8","","","2990000","1654","17798","1808","168","Villa","3","","NULL","NULL","","0","0","","G+1","Active Listings","Prime Location | Modern Layout | Ready Soon","Dubai Properties","",""
"10837616","2025-10-24","Mudon","Al Ranim","Al Ranim 8","","","3000000","1277","13761","2350","218","Townhouse","3","","NULL","NULL","","0","0","NULL","G+1","Active Listings","Single Row | On The Park | Big Plot | HO – Q3 2026","Dubai Properties","",""
"10771523","2025-08-01","Mudon","Al Ranim","Al Ranim 8","","","3500000","1418","15284","2468","229","Villa","4","","NULL","NULL","","0","0","NULL","G+1","Active Listings","VIEWING AVAILABLE | OPPOSITE TO PARK | SINGLE ROW","Dubai Properties","",""
"10409436","2025-06-17","Mudon","Al Ranim","Al Ranim 8","","","3299999","1337","14410","2468","229","Townhouse","4","","NULL","NULL","","0","0","NULL","G+1","Active Listings","Exclusive Living | Scenic Views | Community Charm","Dubai Properties","",""
"12513418","2026-02-03","Mudon","Al Ranim","Al Ranim 8","","","4070000","1649","17750","2468","229.3","Townhouse","4","","NULL","NULL","NULL","2583","240","NULL","G+1","Active Listings","4BR + G | Next to Park, Beach & Community Center","Dubai Properties","",""
"12226196","2025-12-18","Mudon","Al Ranim","Al Ranim 8","","","4000000","1621","17467","2468","229","Villa","4","","NULL","NULL","","0","0","NULL","G+1","Active Listings","Corner Unit | Close To Park | Payment Plan","Dubai Properties","",""
"12107136","2025-11-27","Mudon","Al Ranim","Al Ranim 8","","","3650000","1553","16713","2351","218.39","Townhouse","3","","NULL","NULL","","1808","168","NULL","G+1","Active Listings","Family Home in Mudon | Elegant 3BR Townhouse","Dubai Properties","",""
"10155809","2025-03-13","Mudon","Al Ranim","Al Ranim 8","","","3149000","1343","14454","2345","217.87","Townhouse","3","","NULL","NULL","","1808","168","NULL","G+1","Active Listings","Single Row | Next to Park | Handover Q3 2026","Dubai Properties","",""
"11774995","2025-12-24","Mudon","Al Ranim","Al Ranim 8","","","5000000","1664","17910","3005","279.18","Townhouse","4","","NULL","NULL","","3196","296.95","Type 4B2","G+2","Active Listings","Corner Villa on Private Artificial Beach","Dubai Properties","",""
"11011031","2025-10-02","Mudon","Al Ranim","Al Ranim 8","","","3200000","1722","18497","1858","173","Villa","3","","NULL","NULL","","0","0","NULL","G+1","Active Listings","Prime Location  | Ready Soon | Close to Pool.","Dubai Properties","",""
"10768129","2025-08-01","Mudon","Al Ranim","Al Ranim 8","","","3150000","1340","14450","2350","218","Villa","3","","NULL","NULL","","0","0","NULL","G+1","Active Listings","Swiss Invictus presents a wonderful 3BR+Maid near to the beachpool","Dubai Properties","",""
"10155607","2025-03-10","Mudon","Al Ranim","Al Ranim 8","","","5300000","1658","17845","3196","297","Villa","4","","NULL","NULL","","0","0","NULL","G+1","Active Listings","G+ 2 Roof Top | Single Row | Handover Q3 2026","Dubai Properties","",""
"11765849","2025-11-04","Mudon","Al Ranim","Al Ranim 8","","","3200000","1361","14679","2351","218","Townhouse","3","","NULL","NULL","","0","0","NULL","G+1","Active Listings","Handover soon | Investment Opportunity | Luxury.","Dubai Properties","",""
"11009084","2025-09-04","Mudon","Al Ranim","Al Ranim 8","","","3600000","1459","15721","2468","229","Townhouse","4","","NULL","NULL","","0","0","NULL","G+1","Active Listings","Single Row | Prime Location | Viewing Available","Dubai Properties","",""
"10343708","2025-05-24","Mudon","Al Ranim","Al Ranim 8","","","3600000","1394","15000","2583","240","Townhouse","4","","NULL","NULL","","0","0","NULL","G+1","Active Listings","LUXURY VILLA | HANDOVER Q3 2026 | GOOD INVESTMENT","Dubai Properties","",""
"10318235","2025-05-16","Mudon","Al Ranim","Al Ranim 8","","","2900000","1237","13303","2344","218","Villa","3","","NULL","NULL","","0","0","NULL","G+1","Active Listings","Completion 2026 | 3 Beds Townhouse | Close to Park","Dubai Properties","",""
"10229827","2025-04-11","Mudon","Al Ranim","Al Ranim 8","","","3600000","1198","12903","3004","279","Townhouse","4","","NULL","NULL","","0","0","NULL","G+1","Active Listings","LUXURY VILLA | Handover 15 sept 2026 | 4BR","Dubai Properties","",""
"12067149","2025-11-19","Mudon","Al Ranim","Al Ranim 8","","","4000000","1706","18360","2345","217.87","Townhouse","3","","NULL","NULL","","1809","168.06","NULL","G+1","Active Listings","Bright 3 Bedroom TH | Serene Community | Green Views & Modern Living","Dubai Properties","",""
"11761423","2025-10-20","Mudon","Al Ranim","Al Ranim 8","","","3300000","1404","15111","2351","218.38","Townhouse","3","","NULL","NULL","","1860","172.84","NULL","G+1","Active Listings","On the park | Premium location | Negotiable","Dubai Properties","",""
"11692779","2025-12-04","Mudon","Al Ranim","Al Ranim 8","","","3400000","1450","15606","2345","217.87","Townhouse","3","","NULL","NULL","","1808","168","NULL","G+1","Active Listings","PREMIUM LOCATION | SINGLE ROW | MODERN DESIGN","Dubai Properties","",""
"10983140","2025-11-23","Mudon","Al Ranim","Al Ranim 8","","","3200000","1361","14653","2351","218.39","Townhouse","3","","NULL","NULL","","1815","168.65","","G+1","Active Listings","Spacious 3 bhk+ Maid room villa | Big Layout | Prime Location","Dubai Properties","",""
"10717259","2025-07-17","Mudon","Al Ranim","Al Ranim 8","","","2890000","1232","13257","2345","218","Townhouse","3","","NULL","NULL","","0","0","NULL","G+1","Active Listings","3BR+ Townhouse | 60 40 Payment Plan| Handover 2026","Dubai Properties","",""
"9067202","2025-08-13","Mudon","Al Ranim","Al Ranim 8","","","4000000","1331","14328","3005","279.18","Townhouse","4","","","","","2583","240","","G+2","Oqood","","Dubai Properties","","Resale"
"10688597","2025-07-07","Mudon","Al Ranim","Al Ranim 8","","","2800000","1549","16667","1808","168","Townhouse","3","","NULL","NULL","","0","0","NULL","G+1","Active Listings","SINGLE ROW / SPACIOUS / PAYMENT PLAN","Dubai Properties","",""
"10406311","2025-06-16","Mudon","Al Ranim","Al Ranim 8","","","2800000","1191","12821","2351","218.39","Townhouse","3","","NULL","NULL","","1808","168","NULL","G+1","Active Listings","SINGLE ROW / SPACIOUS / PAYMENT PLAN","Dubai Properties","",""
"12449945","2026-01-20","Mudon","Al Ranim","Al Ranim 8","","","3395000","1445","15546","2350","218.38","Townhouse","3","","NULL","NULL","","1846","171.46","Type 3B1","G+1","Active Listings","Family Home in Mudon | Elegant 3BR Townhouse","Dubai Properties","",""
"10248643","2025-04-20","Mudon","Al Ranim","Al Ranim 8","","","3400000","1785","19209","1905","177","Townhouse","3","","NULL","NULL","","0","0","NULL","G+1","Active Listings","PARK FACING | SINGLE ROW | 3 BED PLUS MAIDS ROOM","Dubai Properties","",""
"12097679","2025-11-26","Mudon","Al Ranim","Al Ranim 8","","","3468000","1476","15881","2350","218.38","Townhouse","3","","NULL","NULL","","1846","171.46","Type 3B1","G+1","Active Listings","Premium Amenities | On pool and Park | Exclusive","Dubai Properties","",""
"11932838","2025-11-07","Mudon","Al Ranim","Al Ranim 8","","","4200000","1702","18317","2468","229.3","Townhouse","4","","NULL","NULL","","2583","240","NULL","G+1","Active Listings","Prime Single Row Location | Pool & Park Facing","Dubai Properties","",""
"11760134","2025-11-05","Mudon","Al Ranim","Al Ranim 8","","","3300000","1407","15138","2345","218","Townhouse","3","","NULL","NULL","","0","0","NULL","G+1","Active Listings","Park Backing | Single Row | Near the Pool","Dubai Properties","",""
"11690870","2025-10-31","Mudon","Al Ranim","Al Ranim 8","","","3200000","1722","18497","1858","173","Villa","3","","NULL","NULL","","0","0","NULL","G+1","Active Listings","Motivated Seller | On Park | Close to Pool.","Dubai Properties","",""
"10980562","2025-09-19","Mudon","Al Ranim","Al Ranim 8","","","3750000","1519","16354","2468","229.3","Townhouse","4","","NULL","NULL","","2583","240","NULL","G+1","Active Listings","Handover Q3 2026 | Single Row | Genuine Resale","Dubai Properties","",""
"10796728","2025-08-06","Mudon","Al Ranim","Al Ranim 8","","","3200000","1770","19048","1808","168","Townhouse","3","","NULL","NULL","","0","0","NULL","G+1","Active Listings","Near Pool And Park | Single Row | Handover 2026","Dubai Properties","",""
"12403160","2026-01-10","Mudon","Al Ranim","Al Ranim 8","","","4300000","1742","18777","2468","229","Villa","4","","NULL","NULL","","0","0","NULL","G+1","Active Listings","G+1 | Spacious Layout | Motivated Seller","Dubai Properties","",""
"12198075","2025-12-13","Mudon","Al Ranim","Al Ranim 8","","","3300000","1404","15138","2351","218","Townhouse","3","","NULL","NULL","","0","0","NULL","G+1","Active Listings","Handover soon | Investment Opportunity | Motivated","Dubai Properties","",""
"11809941","2025-11-04","Mudon","Al Ranim","Al Ranim 8","","","3500000","1489","16027","2351","218.38","Townhouse","3","","NULL","NULL","","1808","168","NULL","G+1","Active Listings","Single Row | On The Park | Big Plot | HO – Q3 2026","Dubai Properties","",""
"10855646","2026-01-03","Mudon","Al Ranim","Al Ranim 8","","","3725848","1510","16249","2468","229.3","Townhouse","4","","NULL","NULL","","2583","240","NULL","G+1","Active Listings","4BR + G | Next to Park, Beach & Community Center","Dubai Properties","",""
"9117138","2025-10-01","Mudon","Al Ranim","Al Ranim 8","","","3600000","1459","15700","2468","229.3","Townhouse","4","","","","","2583","240","","G+1","Oqood","","Dubai Properties","","Resale"
"10826111","2025-11-04","Mudon","Al Ranim","Al Ranim 8","","","3649999","1553","16713","2351","218.39","Townhouse","3","","NULL","NULL","","1808","168","NULL","G+1","Active Listings","Prime Location | Modern Design | Spacious Layout","Dubai Properties","",""
"10790833","2025-12-04","Mudon","Al Ranim","Al Ranim 8","","","3950000","1600","17226","2468","229.3","Townhouse","4","","NULL","NULL","","2583","240","NULL","G+1","Active Listings","4 Bed | Corner Unit | End of the Row.","Dubai Properties","",""
"12141579","2025-11-28","Mudon","Al Ranim","Al Ranim 8","","","3840000","1556","16747","2468","229.3","Townhouse","4","","","","","2583","240","","G+1","Oqood","","Dubai Properties","","Resale"
"10762055","2025-07-30","Mudon","Al Ranim","Al Ranim 8","","","2900000","1234","13303","2350","218","Townhouse","3","","NULL","NULL","","0","0","NULL","G+1","Active Listings","GREAT VIEW || PRIME LOCATION || BEST PRICE","Dubai Properties","",""
"12484791","2026-01-27","Mudon","Al Ranim","Al Ranim 8","","","3850000","1560","16790","2468","229.3","Townhouse","4","","NULL","NULL","NULL","2583","240","NULL","G+1","Active Listings","MULTIPLE OPTION | PRIME LOCATION | INVESTOR DEAL","Dubai Properties","",""
"10244602","2025-04-18","Mudon","Al Ranim","Al Ranim 8","","","3050000","1297","13966","2351","218.39","Townhouse","3","","NULL","NULL","","1808","168","NULL","G+1","Active Listings","Single Row | Modern Layout | Price Negotiable","Dubai Properties","",""
"12142869","2025-11-29","Mudon","Al Ranim","Al Ranim 8","","","3500000","1493","16055","2345","218","Townhouse","3","","NULL","NULL","","0","0","NULL","G+1","Active Listings","Motivated Seller | On the park | Next to entrance.","Dubai Properties","",""
"11803324","2025-11-04","Mudon","Al Ranim","Al Ranim 8","","","3600000","1535","16524","2345","217.87","Townhouse","3","","NULL","NULL","","1808","168","NULL","G+1","Active Listings","Luxury Villa | 3BR + Maid | Great Location","Dubai Properties","",""
"11722223","2025-11-04","Mudon","Al Ranim","Al Ranim 8","","","3250000","1386","14917","2345","217.87","Townhouse","3","","NULL","NULL","","1808","168","NULL","G+1","Active Listings","Near Pool And Park | Single Row | Handover 2026","Dubai Properties","",""
"10975747","2025-09-17","Mudon","Al Ranim","Al Ranim 8","","","3500000","1936","20833","1808","168","Townhouse","3","","NULL","NULL","","0","0","NULL","G+1","Active Listings","High Ceiling Spacious On Park Prime Location Motivated Seller","Dubai Properties","",""
"12104609","2025-11-21","Mudon","Al Ranim","Al Ranim 8","","","3200000","1362","14653","2350","218.39","Townhouse","3","","","","","1815","168.65","","G+1","Oqood","","Dubai Properties","","Resale"
"10757749","2025-07-29","Mudon","Al Ranim","Al Ranim 8","","","3650000","1215","13082","3004","279","Villa","4","","NULL","NULL","","0","0","NULL","G+1","Active Listings","Luxury Villa | Authentic Resale | Big Corner Plot","Dubai Properties","",""
"10646889","2025-06-24","Mudon","Al Ranim","Al Ranim 8","","","3100000","1322","14229","2345","217.87","Townhouse","3","","NULL","NULL","","1808","168","NULL","G+1","Active Listings","Single Row I Luxurious Build I Exquisite Finishes","Dubai Properties","",""
"12442517","2026-01-17","Mudon","Al Ranim","Al Ranim 8","","","4299999","1742","18753","2468","229.3","Townhouse","4","","NULL","NULL","","2583","240","NULL","G+1","Active Listings","4BR plus Maid | Single Row | Handover Sep 2026","Dubai Properties","",""
"10204096","2025-03-06","Mudon","Al Ranim","Al Ranim 8","","","3350000","1429","15376","2345","217.87","Townhouse","3","","NULL","NULL","","1944","180.64","NULL","G+1","Active Listings","3 Bedroom + Maids Room | Single row","Dubai Properties","",""
"10878394","2025-09-02","Mudon","Al Ranim","Al Ranim 8","","","3100000","1319","14195","2351","218.38","Townhouse","3","","NULL","NULL","","1821","169.17","NULL","G+1","Active Listings","Opposite Park and Pool | Prime location","Dubai Properties","",""
"10394348","2025-06-12","Mudon","Al Ranim","Al Ranim 8","","","3576160","1384","14901","2583","240","Villa","4","","NULL","NULL","","0","0","NULL","G+1","Active Listings","4BR + G | Next to Park, Beach & Community Center","Dubai Properties","",""
"10358548","2025-05-29","Mudon","Al Ranim","Al Ranim 8","","","3488888","1197","12886","2914","270.76","Townhouse","3","","NULL","NULL","","1849","171.74","NULL","G+2","Active Listings","Single Row |Backing The Park | G+2 Layout","Dubai Properties","",""
"10244255","2025-04-18","Mudon","Al Ranim","Al Ranim 8","","","2950000","1632","17560","1808","168","Townhouse","3","","NULL","NULL","","0","0","NULL","G+1","Active Listings","Great Deal | Single Row | Premium Location","Dubai Properties","",""
"10136976","2025-02-12","Mudon","Al Ranim","Al Ranim 8","","","2759000","1177","12656","2345","218","Townhouse","3","","NULL","NULL","","0","0","NULL","G+1","Active Listings","Distress Deal | 3 BR |  Balcony and Maid's Room","Dubai Properties","",""
"10875831","2025-08-15","Mudon","Al Ranim","Al Ranim 8","","","3050000","1297","13966","2351","218.39","Townhouse","3","","NULL","NULL","","1808","168","NULL","G+1","Active Listings","3BR TH | Single Row | Close to Clubhouse | Green Community","Dubai Properties","",""
"10734365","2025-07-22","Mudon","Al Ranim","Al Ranim 8","","","3600000","1235","13296","2914","270.76","Townhouse","4","","NULL","NULL","","1821","169.19","NULL","G+2","Active Listings","4-Bedroom | Townhouse | Single Row | On the Pool","Dubai Properties","",""
"10669750","2025-07-01","Mudon","Al Ranim","Al Ranim 8","","","3600000","1852","19890","1944","181","Villa","3","","NULL","NULL","","0","0","NULL","G+1","Active Listings","Community View | Private Garden | HO - Q3 2026","Dubai Properties","",""
"10325994","2025-05-19","Mudon","Al Ranim","Al Ranim 8","","","3500000","1418","15264","2468","229.3","Townhouse","4","","NULL","NULL","","2583","240","NULL","G+1","Active Listings","CORNER UNIT | OPPOSITE TO PARK | SINGLE ROW","Dubai Properties","",""
"12242027","2025-12-20","Mudon","Al Ranim","Al Ranim 8","","","3700000","1270","13653","2914","271","Townhouse","3","","NULL","NULL","","0","0","NULL","G+1","Active Listings","G+2 | Park Facing | Handover soon","Dubai Properties","",""
"10220340","2025-04-07","Mudon","Al Ranim","Al Ranim 8","","","2900000","1237","13311","2345","217.87","Townhouse","3","","NULL","NULL","","1826","169.65","NULL","G+1","Active Listings","Completion 2026 | 3 Beds Townhouse | Close to Park","Dubai Properties","",""
"10186815","2025-03-17","Mudon","Al Ranim","Al Ranim 8","","","2690000","1145","12339","2350","218","Townhouse","3","","NULL","NULL","","0","0","NULL","G+1","Active Listings","Ranim 8 | Motivated Seller | Single Row Opportunity","Dubai Properties","",""
"10964732","2025-09-20","Mudon","Al Ranim","Al Ranim 8","","","3050000","1297","13966","2351","218.39","Townhouse","3","","NULL","NULL","","1808","168","NULL","G+1","Active Listings","3BR TH | Single Row | Close to Clubhouse | Green Community","Dubai Properties","",""
"10848654","2025-11-26","Mudon","Al Ranim","Al Ranim 8","","","3200000","1361","14653","2351","218.38","Townhouse","3","","NULL","NULL","","1915","177.95","NULL","G+1","Active Listings","Single Row | Huge Layout | Premium Location","Dubai Properties","",""
"10731427","2025-07-21","Mudon","Al Ranim","Al Ranim 8","","","4200000","2323","25000","1808","168","Townhouse","3","","NULL","NULL","","0","0","NULL","G+1","Active Listings","Resale | Corner | Handover Soon","Dubai Properties","",""
"12516762","2026-02-03","Mudon","Al Ranim","Al Ranim 8","","","3450000","1467","15798","2351","218.38","Townhouse","3","","NULL","NULL","NULL","1860","172.84","NULL","G+1","Active Listings","PARK FACING | MOTIVATED| AREA EXPERT","Dubai Properties","",""
"12471048","2026-01-24","Mudon","Al Ranim","Al Ranim 8","","","3500000","1493","16055","2345","218","Townhouse","3","","NULL","NULL","NULL","0","0","NULL","G+1","Active Listings","Motivated Seller | On the park | Next to entrance.","Dubai Properties","",""
"12340423","2025-12-29","Mudon","Al Ranim","Al Ranim 8","","","5000000","1716","18467","2914","270.76","Townhouse","3","","NULL","NULL","","1808","168","NULL","G+2","Active Listings","GREAT INVESTMENT |GATED |SMEG APPLIANCES |Q3 2026","Dubai Properties","",""
"11792898","2025-11-03","Mudon","Al Ranim","Al Ranim 8","","","3500000","1489","16027","2351","218.38","Townhouse","3","","NULL","NULL","","1863","173.05","NULL","G+1","Active Listings","Handover Q3 2026 | Near to Pool | Next to Park","Dubai Properties","",""
"10920708","2025-10-21","Mudon","Al Ranim","Al Ranim 8","","","3500000","1489","16027","2351","218.38","Townhouse","3","","NULL","NULL","","1863","173.05","NULL","G+1","Active Listings","Handover Q3 2026 | Near to Pool | Next to Park","Dubai Properties","",""
"10771880","2025-08-01","Mudon","Al Ranim","Al Ranim 8","","","3600000","1459","15700","2468","229.3","Townhouse","4","","NULL","NULL","","2583","240","NULL","G+1","Active Listings","Single Row | Prime Location | Viewing Available","Dubai Properties","",""
"12468963","2026-01-23","Mudon","Al Ranim","Al Ranim 8","","","3800000","1620","17431","2345","218","Villa","3","","NULL","NULL","NULL","0","0","NULL","G+1","Active Listings","Park Facing/ Single Row/Exclusive/Family-Friendly Community","Dubai Properties","",""
"12431604","2026-01-15","Mudon","Al Ranim","Al Ranim 8","","","3150000","1340","14424","2351","218.39","Townhouse","3","","NULL","NULL","","1808","168","NULL","G+1","Active Listings","Exclusive | Spacoius Villa 3BR + M | Modern","Dubai Properties","",""
"10268765","2025-04-25","Mudon","Al Ranim","Al Ranim 8","","","2850000","1213","13073","2350","218","Townhouse","3","","NULL","NULL","","0","0","NULL","G+1","Active Listings","|| BEST PRICE || SINGLE ROW || NEAR TO THE PARK ||","Dubai Properties","",""
"12183887","2025-12-10","Mudon","Al Ranim","Al Ranim 8","","","5000000","1664","17910","3005","279.18","Townhouse","4","","NULL","NULL","","3196","296.95","Type 4B2","G+2","Active Listings","Sophisticated | Premium Amenities | Peaceful","Dubai Properties","",""
"12077089","2025-11-18","Mudon","Al Ranim","Al Ranim 8","","","3500000","1489","16027","2351","218.38","Townhouse","3","","NULL","NULL","","1915","177.95","NULL","G+1","Active Listings","Handover Soon | Modern Townhouse | Refined Design","Dubai Properties","",""
"11785332","2025-11-04","Mudon","Al Ranim","Al Ranim 8","","","3700000","1270","13653","2914","271","Townhouse","3","","NULL","NULL","","0","0","NULL","G+1","Active Listings","G+2 | Park Facing  | Handover soon","Dubai Properties","",""
"11533128","2026-01-03","Mudon","Al Ranim","Al Ranim 8","","","3850000","1560","16790","2468","229.3","Townhouse","4","","NULL","NULL","","3004","279.12","NULL","G+1","Active Listings","Authentic Resale | Multiple units available 3/4BR","Dubai Properties","",""
"11013912","2025-11-01","Mudon","Al Ranim","Al Ranim 8","","","3200000","1763","18935","1815","169","Townhouse","3","","NULL","NULL","","0","0","NULL","G+1","Active Listings","Family Haven | Near Pool park | 3 Beds for Sale","Dubai Properties","",""
"10754730","2025-07-28","Mudon","Al Ranim","Al Ranim 8","","","3300000","1407","15138","2345","218","Townhouse","3","","NULL","NULL","","0","0","NULL","G+1","Active Listings","Resale 3BR+Maid | Private Garden |Handover Q3 2025","Dubai Properties","",""
"11890402","2025-10-30","Mudon","Al Ranim","Al Ranim 8","","","3150000","1340","14424","2350","218.38","Townhouse","3","","","","","1808","168","","G+1","Oqood","","Dubai Properties","","Resale"
"12513773","2026-02-03","Mudon","Al Ranim","Al Ranim 8","","","3300000","1404","15111","2351","218.39","Townhouse","3","","NULL","NULL","NULL","1808","168","NULL","G+1","Active Listings","Direct Park Access | Prime Location","Dubai Properties","",""
"12418416","2026-01-14","Mudon","Al Ranim","Al Ranim 8","","","4450000","1481","15940","3005","279.18","Townhouse","4","","NULL","NULL","","2583","240","NULL","G+2","Active Listings","ON THE PARK | 4BR G+2 | MOTIVATED SELLER","Dubai Properties","",""
"12227133","2025-12-18","Mudon","Al Ranim","Al Ranim 8","","","4299999","1742","18753","2468","229.3","Townhouse","4","","NULL","NULL","","2583","240","NULL","G+1","Active Listings","4BR plus Maid | Single Row | Handover Sep 2026","Dubai Properties","",""
"11894943","2025-11-05","Mudon","Al Ranim","Al Ranim 8","","","4210000","1706","18360","2468","229.3","Townhouse","4","","NULL","NULL","","2583","240","","G+1","Active Listings","Modern Luxury Corner Townhouse| Vastu Compliant | Single Row","Dubai Properties","",""
"9073882","2025-08-20","Mudon","Al Ranim","Al Ranim 8","","","3530000","1430","15395","2468","229.3","Townhouse","4","","","","","2583","240","","G+1","Oqood","","Dubai Properties","","Resale"
"10409429","2025-06-17","Mudon","Al Ranim","Al Ranim 8","","","2699999","1151","12385","2345","218","Townhouse","3","","NULL","NULL","","0","0","NULL","G+1","Active Listings","Contemporary Living | Family Focused | Top Quality","Dubai Properties","",""
"12070702","2025-11-18","Mudon","Al Ranim","Al Ranim 8","","","3300000","1404","15111","2351","218.38","Townhouse","3","","NULL","NULL","","1860","172.84","NULL","G+1","Active Listings","On the park | Premium location | Negotiable","Dubai Properties","",""
"11670215","2025-09-28","Mudon","Al Ranim","Al Ranim 8","","","4000000","1621","17444","2468","229.3","Townhouse","4","","NULL","NULL","","2926","271.82","NULL","G+1","Active Listings","Large Plot | Corner unit | At the Park","Dubai Properties","",""
"10913025","2025-12-24","Mudon","Al Ranim","Al Ranim 8","","","3500000","1493","16065","2345","217.87","Townhouse","3","","NULL","NULL","","1809","168.03","NULL","G+1","Active Listings","Prime Location On The Pool | Investor Excellence| High ROI","Dubai Properties","",""
"10810950","2025-08-31","Mudon","Al Ranim","Al Ranim 8","","","3600000","1977","21302","1821","169","Townhouse","4","","NULL","NULL","","0","0","NULL","G+1","Active Listings","4-Bedroom | Townhouse | Single Row | On the Pool","Dubai Properties","",""
"11789618","2025-10-22","Mudon","Al Ranim","Al Ranim 8","","","2990000","1272","13691","2350","218.39","Townhouse","3","","","","","1808","168","","G+1","Oqood","","Dubai Properties","","Resale"
"10346324","2025-05-26","Mudon","Al Ranim","Al Ranim 8","","","2950000","1255","13509","2350","218.38","Townhouse","3","","NULL","NULL","","1846","171.46","Type 3B1","G+1","Active Listings","Luxurious Villa  | Single Row | Handover Soon","Dubai Properties","",""
"10318333","2025-05-16","Mudon","Al Ranim","Al Ranim 8","","","3200000","1361","14653","2351","218.38","Townhouse","3","","NULL","NULL","","1808","168","","G+1","Active Listings","3 BR + M | Luxurious | Backing Green Area","Dubai Properties","",""
"12320355","2025-12-26","Mudon","Al Ranim","Al Ranim 8","","","3200000","1361","14653","2351","218.39","Townhouse","3","","NULL","NULL","","1808","168","NULL","G+1","Active Listings","Park Facing | Single Row | Prime Location","Dubai Properties","",""
"10253913","2025-04-22","Mudon","Al Ranim","Al Ranim 8","","","3350000","1723","18508","1944","181","Villa","3","","NULL","NULL","","0","0","NULL","G+1","Active Listings","3 Bedroom + Maids Room | Single row","Dubai Properties","",""
"10233239","2025-04-12","Mudon","Al Ranim","Al Ranim 8","","","3149000","1742","18744","1808","168","Townhouse","3","","NULL","NULL","","0","0","NULL","G+1","Active Listings","Single Row | Next to Park | Handover Q3 2026","Dubai Properties","",""
"11834249","2025-11-04","Mudon","Al Ranim","Al Ranim 8","","","3350000","1426","15340","2350","218.38","Townhouse","3","","NULL","NULL","","1846","171.46","Type 3B1","G+1","Active Listings","3BR + Maid’s Townhouse in Mudon Al Ranim, Phase 8","Dubai Properties","",""
"11765567","2025-11-04","Mudon","Al Ranim","Al Ranim 8","","","3200000","1361","14679","2351","218","Townhouse","3","","NULL","NULL","","0","0","NULL","G+1","Active Listings","Motivated Seller| Handover soon | On Park","Dubai Properties","",""
"10131792","2025-02-07","Mudon","Al Ranim","Al Ranim 8","","","3200000","1361","14679","2351","218","Townhouse","3","","NULL","NULL","","0","0","NULL","G+1","Active Listings","Single Row + Near Park and Pool + 50% Payment Plan","Dubai Properties","",""
"10108658","2025-02-10","Mudon","Al Ranim","Al Ranim 8","","","3199999","1365","14688","2345","217.87","Townhouse","3","","NULL","NULL","","1808","168","NULL","G+1","Active Listings","Brand New Townhouse for Sale – Handover in 2026","Dubai Properties","",""
"10719925","2025-07-17","Mudon","Al Ranim","Al Ranim 8","","","3200000","1362","14679","2350","218","Villa","3","","NULL","NULL","","0","0","NULL","G+1","Active Listings","Elegant 3BR+M | Garden-Facing | Prime Location","Dubai Properties","",""
"10627834","2025-06-19","Mudon","Al Ranim","Al Ranim 8","","","2850000","1213","13073","2350","218","Townhouse","3","","NULL","NULL","","0","0","NULL","G+1","Active Listings","BEST PRICE || PRIME LOCATION || PAYMENT PLAN","Dubai Properties","",""
"10317850","2025-05-16","Mudon","Al Ranim","Al Ranim 8","","","2899999","1588","17059","1826","170","Apartment","3","","NULL","NULL","","0","0","NULL","","Active Listings","Single Row | Close to Park| Payment Plan","Dubai Properties","",""
"12381301","2026-01-06","Mudon","Al Ranim","Al Ranim 8","","","3600000","1535","16524","2345","217.87","Townhouse","3","","NULL","NULL","","1808","168","NULL","G+1","Active Listings","At the Park | Multiple Options | Genuine Resale","Dubai Properties","",""
"12100044","2025-11-20","Mudon","Al Ranim","Al Ranim 8","","","3700000","1270","13653","2914","271","Townhouse","3","","NULL","NULL","","0","0","NULL","G+1","Active Listings","G+2 | Park Facing | Handover soon","Dubai Properties","",""
"11760874","2025-11-04","Mudon","Al Ranim","Al Ranim 8","","","3050000","1297","13966","2351","218.39","Townhouse","3","","NULL","NULL","","1808","168","NULL","G+1","Active Listings","Spacious | Premium Amenities | On pool and Park","Dubai Properties","",""
"11692502","2025-10-21","Mudon","Al Ranim","Al Ranim 8","","","4100000","1661","17884","2468","229.26","Townhouse","4","","NULL","NULL","","2558","237.64","NULL","G+1","Active Listings","Genuine Resale | Exclusive | Corner Unit","Dubai Properties","",""
"11048566","2025-09-15","Mudon","Al Ranim","Al Ranim 8","","","3650000","1479","15918","2468","229.3","Townhouse","4","","NULL","NULL","","2583","240","NULL","G+1","Active Listings","Prime Location | Great Community | Large Layout","Dubai Properties","",""
"10904962","2025-08-25","Mudon","Al Ranim","Al Ranim 8","","","3488888","1197","12886","2914","270.76","Townhouse","3","","NULL","NULL","","1849","171.74","NULL","G+2","Active Listings","Single Row |Backing The Park | G+2 Layout","Dubai Properties","",""
"10858304","2025-10-11","Mudon","Al Ranim","Al Ranim 8","","","3199888","1770","19047","1808","168","Villa","3","","NULL","NULL","","0","0","NULL","G+1","Active Listings","PARK FACING | 3BR+ FAMILY ROOM | CLOSE TO EXIT","Dubai Properties","",""
"9067155","2025-08-13","Mudon","Al Ranim","Al Ranim 8","","","3000000","1277","13738","2350","218.38","Townhouse","3","","","","","1808","168","","G+1","Oqood","","Dubai Properties","","Resale"
"11763722","2025-10-16","Mudon","Al Ranim","Al Ranim 8","","","3120000","1330","14320","2345","217.87","Townhouse","3","","","","","1810","168.18","","G+1","Oqood","","Dubai Properties","","Resale"
"12445362","2026-01-18","Mudon","Al Ranim","Al Ranim 8","","","4750000","1581","17025","3004","279","Townhouse","4","","NULL","NULL","","0","0","NULL","G+1","Active Listings","Hot Deal | Single Row | G+2 | On the Park","Dubai Properties","",""
"12157121","2025-12-04","Mudon","Al Ranim","Al Ranim 8","","","4000000","1621","17467","2468","229","Villa","4","","NULL","NULL","","0","0","NULL","G+1","Active Listings","Corner Unit | Close To Park | Payment Plan","Dubai Properties","",""
"10206823","2025-04-01","Mudon","Al Ranim","Al Ranim 8","","","3000000","1276","13738","2351","218.38","Townhouse","3","","NULL","NULL","","1808","168","NULL","G+1","Active Listings","Single Row | On The Park | Big Plot | Ho – Q3 2026","Dubai Properties","",""
"11688350","2025-10-16","Mudon","Al Ranim","Al Ranim 8","","","3300000","1404","15138","2350","218","Townhouse","3","","NULL","NULL","","0","0","NULL","G+1","Active Listings","Modern 3BR Townhouse in Mudon | Green Community","Dubai Properties","",""
"10097459","2025-02-07","Mudon","Al Ranim","Al Ranim 8","","","3300000","1825","19643","1808","168","Townhouse","3","","NULL","NULL","","0","0","NULL","G+1","Active Listings","SINGLE ROW | CLOSE TO PARK | PAYMENT PLANS","Dubai Properties","",""
"10708280","2025-07-14","Mudon","Al Ranim","Al Ranim 8","","","3500000","1201","12915","2914","271","Townhouse","3","","NULL","NULL","","0","0","NULL","G+1","Active Listings","Biggest 3BR Townhouse In The Entire Community | Opposite To Pool And Park","Dubai Properties","",""
"12141809","2025-11-28","Mudon","Al Ranim","Al Ranim 8","","","3250000","1383","14882","2350","218.38","Townhouse","3","","","","","1810","168.19","","G+1","Oqood","","Dubai Properties","","Resale"
"10686126","2025-07-05","Mudon","Al Ranim","Al Ranim 8","","","2799999","1549","16667","1808","168","Townhouse","3","","NULL","NULL","","0","0","NULL","G+1","Active Listings","Single Row | Near Park | Genuine Resale","Dubai Properties","",""
"9007890","2025-06-19","Mudon","Al Ranim","Al Ranim 8","","","2759000","1177","12664","2345","217.87","Townhouse","3","","","","","1828","169.8","","G+1","Oqood","","Dubai Properties","","Resale"
"12368551","2025-12-26","Mudon","Al Ranim","Al Ranim 8","","","3000000","1279","13770","2345","217.86","Townhouse","3","","","","","1808","167.97","","G+1","Pending Sales (SPA/MOU)","","NULL","",""
"8973841","2025-05-14","Mudon","Al Ranim","Al Ranim 8","","","2850000","1215","13081","2345","217.87","Townhouse","3","","","","","1826","169.65","","G+1","Oqood","","Dubai Properties","","Resale"
"12400638","2026-01-10","Mudon","Al Ranim","Al Ranim 8","","","3300000","1404","15138","2351","218","Townhouse","3","","NULL","NULL","","0","0","NULL","G+1","Active Listings","Investment Opportunity|Handover soon| Next to pool","Dubai Properties","",""
"10279969","2025-05-01","Mudon","Al Ranim","Al Ranim 8","","","2950000","1255","13532","2350","218","Villa","3","","NULL","NULL","","0","0","NULL","G+1","Active Listings","Miiddle Unit | Single Row | Hand over Q3 2026","Dubai Properties","",""
"10224461","2025-04-08","Mudon","Al Ranim","Al Ranim 8","","","3750000","1287","13838","2914","271","Townhouse","3","","NULL","NULL","","0","0","NULL","G+1","Active Listings","Investors Deal | Negotiable Price | Resale","Dubai Properties","",""
"12147480","2025-11-30","Mudon","Al Ranim","Al Ranim 8","","","4000000","1621","17444","2468","229.3","Townhouse","4","","NULL","NULL","","2583","240","Type 4B1","G+1","Active Listings","Great Deal I Motivated Seller I Below Market Price","Dubai Properties","",""
"12095430","2025-11-19","Mudon","Al Ranim","Al Ranim 8","","","4299999","1742","18753","2468","229.3","Townhouse","4","","NULL","NULL","","2583","240","NULL","G+1","Active Listings","4BR plus Maid | Single Row | Handover Sep 2026","Dubai Properties","",""
"10192463","2025-03-10","Mudon","Al Ranim","Al Ranim 8","","","3750000","1287","13850","2914","270.76","Townhouse","3","","NULL","NULL","","1808","168","NULL","G+2","Active Listings","Investors Deal | Negotiable Price | Resale","Dubai Properties","",""
"11806471","2025-11-05","Mudon","Al Ranim","Al Ranim 8","","","3400000","1446","15568","2351","218.39","Townhouse","3","","NULL","NULL","","1808","168","NULL","G+1","Active Listings","Close to Main Park | Single Row | Spacious Layout","Dubai Properties","",""
"10145623","2025-03-21","Mudon","Al Ranim","Al Ranim 8","","","3800000","2102","22619","1808","168","Townhouse","3","","NULL","NULL","","0","0","NULL","G+1","Active Listings","Single Row | Park Facing | G+2","Dubai Properties","",""
"10977292","2025-09-13","Mudon","Al Ranim","Al Ranim 8","","","3000000","1279","13770","2345","217.87","Townhouse","3","","NULL","NULL","","1808","168","NULL","G+1","Active Listings","3B1 Type | Maids Room | Handover 2026","Dubai Properties","",""
"10096121","2025-02-17","Mudon","Al Ranim","Al Ranim 8","","","3750000","1452","15625","2583","240","Townhouse","4","","NULL","NULL","","0","0","NULL","G+1","Active Listings","Corner Unit | Prime Community Location |Single Row","Dubai Properties","",""
"10855496","2025-08-11","Mudon","Al Ranim","Al Ranim 8","","","3000000","1279","13761","2345","218","Villa","3","","NULL","NULL","","0","0","NULL","G+1","Active Listings","3 BED | VASTU COMPLIANT | MOTIVATED SELLER","Dubai Properties","",""
"10785034","2025-08-05","Mudon","Al Ranim","Al Ranim 8","","","2750000","1173","12622","2345","217.87","Townhouse","3","","NULL","NULL","","1944","180.64","NULL","G+1","Active Listings","Family Community | Park Facing | Modern Type","Dubai Properties","",""
"10761994","2025-07-30","Mudon","Al Ranim","Al Ranim 8","","","4000000","1549","16667","2583","240","Townhouse","4","","NULL","NULL","","0","0","NULL","G+1","Active Listings","Single Row | Hot Deal for Investment","Dubai Properties","",""
"10649301","2025-06-25","Mudon","Al Ranim","Al Ranim 8","","","3300000","1407","15138","2345","218","Villa","3","","NULL","NULL","","0","0","NULL","G+1","Active Listings","Modern Design | Spacious Layout | Prime Location","Dubai Properties","",""
"10244594","2025-04-18","Mudon","Al Ranim","Al Ranim 8","","","3050000","1297","13966","2351","218.39","Townhouse","3","","NULL","NULL","","1808","168","NULL","G+1","Active Listings","Single Row | Spacious | Close to Amenities | 3 BR + Maid Rm","Dubai Properties","",""
"11722220","2025-11-04","Mudon","Al Ranim","Al Ranim 8","","","4000000","1621","17444","2468","229.3","Townhouse","4","","NULL","NULL","","2926","271.82","NULL","G+1","Active Listings","Large Plot | Corner unit | At the Park","Dubai Properties","",""
"11030734","2025-09-12","Mudon","Al Ranim","Al Ranim 8","","","3750000","1282","13787","2925","272","Townhouse","4","","NULL","NULL","","0","0","NULL","G+1","Active Listings","Corner Unit | Park View | Near to Amenities","Dubai Properties","",""
"10929236","2025-09-01","Mudon","Al Ranim","Al Ranim 8","","","3600000","1459","15721","2468","229","Townhouse","4","","NULL","NULL","","0","0","NULL","G+1","Active Listings","Single Row | Prime Location | Viewing Available","Dubai Properties","",""
"10757726","2025-07-29","Mudon","Al Ranim","Al Ranim 8","","","3500000","1489","16027","2351","218.38","Townhouse","3","","NULL","NULL","","1863","173.05","NULL","G+1","Active Listings","Handover Q3 2026 | Near to Pool | Next to Park","Dubai Properties","",""
"10415071","2025-06-18","Mudon","Al Ranim","Al Ranim 8","","","3500000","1418","15264","2468","229.3","Townhouse","4","","NULL","NULL","","2583","240","NULL","G+1","Active Listings","VIEWING AVAILABLE | OPPOSITE TO PARK | SINGLE ROW","Dubai Properties","",""
"12475669","2026-01-25","Mudon","Al Ranim","Al Ranim 8","","","3925000","1590","17117","2468","229.3","Townhouse","4","","NULL","NULL","NULL","2583","240","Type 4B1","G+1","Active Listings","Great Deal I Motivated Seller I Below Market Price","Dubai Properties","",""
"12397528","2026-01-09","Mudon","Al Ranim","Al Ranim 8","","","3800000","1620","17442","2345","217.87","Townhouse","3","","NULL","NULL","","1811","168.22","NULL","G+1","Active Listings","3 Bed Plus Maid | on The Pool | Genuine Resale","Dubai Properties","",""
"10204090","2025-03-06","Mudon","Al Ranim","Al Ranim 8","","","3950000","1600","17226","2468","229.3","Townhouse","4","","NULL","NULL","","2908","270.19","NULL","G+1","Active Listings","4 Bedroom Townhouse + Maids | Single row","Dubai Properties","",""
"11647464","2025-11-01","Mudon","Al Ranim","Al Ranim 8","","","3500000","1882","20231","1860","173","Townhouse","3","","NULL","NULL","","0","0","NULL","G+1","Active Listings","Backing Park | Internal Location | Best Layout","Dubai Properties","",""
"10928079","2025-09-02","Mudon","Al Ranim","Al Ranim 8","","","3100000","1668","17919","1858","173","Villa","3","","NULL","NULL","","0","0","NULL","G+1","Active Listings","Prime Location  | Ready Soon | Close to Pool.","Dubai Properties","",""
"10821201","2025-08-30","Mudon","Al Ranim","Al Ranim 8","","","3495000","1353","14562","2583","240","Villa","4","","NULL","NULL","","0","0","NULL","G+1","Active Listings","Private Corner Unit | Close to Lagoons","Dubai Properties","",""
"10392491","2025-06-11","Mudon","Al Ranim","Al Ranim 8","","","4200000","1398","15044","3005","279.18","Townhouse","4","","NULL","NULL","","2774","257.67","NULL","G+2","Active Listings","G+ 2 Roof Top | Corner Unit | Near Pool and Park","Dubai Properties","",""
"12442022","2026-01-17","Mudon","Al Ranim","Al Ranim 8","","","3400000","1447","15569","2350","218.38","Townhouse","3","","NULL","NULL","","1846","171.46","Type 3B1","G+1","Active Listings","3BR + Maid | Mudon Al Ranim 8 | Brand New | Prime Location","Dubai Properties","",""
"12189313","2025-12-11","Mudon","Al Ranim","Al Ranim 8","","","4300000","1742","18753","2468","229.3","Townhouse","4","","NULL","NULL","","3211","298.29","NULL","G+1","Active Listings","4 Bed Plus Maid | On the Water | Genuine Resale","Dubai Properties","",""
"11793721","2025-11-04","Mudon","Al Ranim","Al Ranim 8","","","4100000","1661","17884","2468","229.26","Townhouse","4","","NULL","NULL","","2558","237.64","NULL","G+1","Active Listings","Genuine Resale | Exclusive | Corner Unit","Dubai Properties","",""
"10848983","2025-09-30","Mudon","Al Ranim","Al Ranim 8","","","3200000","1361","14653","2351","218.39","Townhouse","3","","NULL","NULL","","1808","168","NULL","G+1","Active Listings","Park Facing | Single Row | Prime Location","Dubai Properties","",""
"10734316","2025-07-22","Mudon","Al Ranim","Al Ranim 8","","","3000000","1279","13770","2345","217.87","Townhouse","3","","NULL","NULL","","1808","168","NULL","G+1","Active Listings","PREMIUM LOCATION | SINGLE ROW | MODERN DESIGN","Dubai Properties","",""
"9103342","2025-09-22","Mudon","Al Ranim","Al Ranim 8","","","3000000","1277","13738","2350","218.38","Townhouse","3","","","","","1821","169.17","","G+1","Oqood","","Dubai Properties","","Resale"
"10704939","2025-07-14","Mudon","Al Ranim","Al Ranim 8","","","3500000","1201","12915","2914","271","Townhouse","3","","NULL","NULL","","0","0","NULL","G+1","Active Listings","Massive Built Up Area With Amazing Layout Opposite To Park","Dubai Properties","",""
"10669743","2025-07-01","Mudon","Al Ranim","Al Ranim 8","","","3600000","1880","20225","1915","178","Villa","3","","NULL","NULL","","0","0","NULL","G+1","Active Listings","Beautiful Villa | Maids Room | Community View","Dubai Properties","",""
"8995872","2025-06-04","Mudon","Al Ranim","Al Ranim 8","","","2790000","1190","12806","2345","217.87","Townhouse","3","","","","","1808","168","","G+1","Oqood","","Dubai Properties","","Resale"
"8878622","2025-02-19","Mudon","Al Ranim","Al Ranim 8","","","2700000","1149","12364","2350","218.38","Townhouse","3","","","","","1808","168","","G+1","Oqood","","Dubai Properties","","Resale"
"12395183","2026-01-09","Mudon","Al Ranim","Al Ranim 8","","","3300000","1404","15138","2351","218","Townhouse","3","","NULL","NULL","","0","0","NULL","G+1","Active Listings","Handover soon | Investment Opportunity | Motivated","Dubai Properties","",""
"10302625","2025-05-10","Mudon","Al Ranim","Al Ranim 8","","","3200000","1752","18824","1827","170","Townhouse","3","","NULL","NULL","","0","0","NULL","G+1","Active Listings","Vibrant Community | Spacious | Handover Soon","Dubai Properties","",""
"12349837","2026-01-02","Mudon","Al Ranim","Al Ranim 8","","","4000000","1621","17444","2468","229.3","Townhouse","4","","NULL","NULL","","2583","240","Type 4B1","G+1","Active Listings","Great Deal I Motivated Seller I Below Market Price","Dubai Properties","",""
"10242931","2025-04-17","Mudon","Al Ranim","Al Ranim 8","","","3500000","1418","15264","2468","229.3","Townhouse","4","","NULL","NULL","","2583","240","NULL","G+1","Active Listings","CORNER UNIT | OPPOSITE TO PARK | SINGLE ROW","Dubai Properties","",""
"10203119","2025-03-05","Mudon","Al Ranim","Al Ranim 8","","","3576160","1384","14901","2583","240","Villa","4","","NULL","NULL","","0","0","NULL","G+1","Active Listings","4-Bedroom Villa | Payment Plan | Handover 2026","Dubai Properties","",""
"11900562","2025-11-04","Mudon","Al Ranim","Al Ranim 8","","","3000000","1659","17857","1808","168","Villa","3","","NULL","NULL","","0","0","NULL","G+1","Active Listings","Miiddle Unit | Single Row | Hand over Q3 2026","Dubai Properties","",""
"11643165","2025-09-23","Mudon","Al Ranim","Al Ranim 8","","","3650000","1413","15208","2583","240","Townhouse","4","","NULL","NULL","","0","0","NULL","G+1","Active Listings","Handover Q3 2026 | Single Row | Genuine Resale","Dubai Properties","",""
"11014037","2025-10-13","Mudon","Al Ranim","Al Ranim 8","","","2850000","1212","13050","2351","218.39","Townhouse","3","","NULL","NULL","","1808","168","NULL","G+1","Active Listings","Spacious | Premium Amenities | Family Haven","Dubai Properties","",""
"10994184","2025-08-28","Mudon","Al Ranim","Al Ranim 8","","","3488888","1197","12886","2914","270.76","Townhouse","3","","NULL","NULL","","1849","171.74","NULL","G+2","Active Listings","Single Row |Backing The Park | G+2 Layout","Dubai Properties","",""
"10953492","2025-09-13","Mudon","Al Ranim","Al Ranim 8","","","3000000","1277","13761","2350","218","Townhouse","3","","NULL","NULL","","0","0","NULL","G+1","Active Listings","SINGLE ROW | POOL AND PARK FACING | BEST PRICE","Dubai Properties","",""
"10731201","2025-07-21","Mudon","Al Ranim","Al Ranim 8","","","3488888","1197","12886","2914","270.76","Townhouse","3","","NULL","NULL","","1849","171.74","NULL","G+2","Active Listings","Single Row |Backing The Park | G+2 Layout","Dubai Properties","",""
"9101596","2025-09-19","Mudon","Al Ranim","Al Ranim 8","","","3750000","1519","16354","2468","229.3","Townhouse","4","","","","","2926","271.82","","G+1","Oqood","","Dubai Properties","","Resale"
"12367800","2026-01-06","Mudon","Al Ranim","Al Ranim 8","","","4200000","1398","15044","3005","279.18","Townhouse","4","","","","","2583","240","Type 4B2","G+2","Oqood","","Dubai Properties","","Resale"
"8950891","2025-04-25","Mudon","Al Ranim","Al Ranim 8","","","2800000","1191","12822","2350","218.38","Townhouse","3","","","","","1860","172.84","","G+1","Oqood","","Dubai Properties","","Resale"
"12516639","2026-02-03","Mudon","Al Ranim","Al Ranim 8","","","3250000","1386","14917","2345","217.87","Townhouse","3","","NULL","NULL","NULL","1827","169.72","NULL","G+1","Active Listings","Great Location | Q3 Handover | High Growth","Dubai Properties","",""
"12077789","2025-11-18","Mudon","Al Ranim","Al Ranim 8","","","3300000","1404","15138","2351","218","Townhouse","3","","NULL","NULL","","0","0","NULL","G+1","Active Listings","Investment Opportunity|Handover soon| Next to pool","Dubai Properties","",""
"10918558","2025-09-28","Mudon","Al Ranim","Al Ranim 8","","","3200000","1770","19048","1808","168","Villa","3","","NULL","NULL","","0","0","NULL","G+1","Active Listings","Private Garden | With Maid Room | HO Q3 2026","Dubai Properties","",""
"10814487","2025-10-02","Mudon","Al Ranim","Al Ranim 8","","","2900000","1234","13280","2351","218.38","Townhouse","3","","NULL","NULL","","1808","168","NULL","G+1","Active Listings","Premium Location | Close to Park | Great Investment","Dubai Properties","",""
"12345515","2025-12-30","Mudon","Al Ranim","Al Ranim 8","","","3850000","1321","14219","2914","270.76","Townhouse","3","","","","","1827","169.71","Type 3B2","G+2","Oqood","","Dubai Properties","","Resale"
"10640157","2025-06-22","Mudon","Al Ranim","Al Ranim 8","","","3000000","1658","17857","1809","168","Townhouse","3","","NULL","NULL","","0","0","NULL","G+1","Active Listings","Modern Community | Elegant Living | Handover 2026","Dubai Properties","",""
"10410840","2025-06-17","Mudon","Al Ranim","Al Ranim 8","","","3200000","1361","14653","2351","218.38","Townhouse","3","","NULL","NULL","","1808","168","","G+1","Active Listings","Elegant 3BR+M | Garden-Facing | Prime Location","Dubai Properties","",""
"10384277","2025-06-09","Mudon","Al Ranim","Al Ranim 8","","","3100000","1717","18452","1805","168","Townhouse","3","","NULL","NULL","","0","0","NULL","G+1","Active Listings","Prime location | Next to Park/Playground Area |Single Row Townhouse","Dubai Properties","",""
"10351922","2025-05-27","Mudon","Al Ranim","Al Ranim 8","","","3488888","1197","12886","2914","270.76","Townhouse","3","","NULL","NULL","","1849","171.74","NULL","G+2","Active Listings","Single Row |Backing The Park | G+2 Layout","Dubai Properties","",""
"12420935","2026-01-14","Mudon","Al Ranim","Al Ranim 8","","","3700000","1578","16972","2345","218","Villa","3","","NULL","NULL","","0","0","NULL","G+1","Active Listings","Single row | Brand new | Family-Friendly Community","Dubai Properties","",""
"12386932","2026-01-07","Mudon","Al Ranim","Al Ranim 8","","","3978000","1612","17348","2468","229.3","Townhouse","4","","NULL","NULL","","2583","240","NULL","G+1","Active Listings","4BR + G | Next to Park, Beach & Community Center","Dubai Properties","",""
"12335397","2025-12-29","Mudon","Al Ranim","Al Ranim 8","","","3500000","1493","16055","2345","218","Townhouse","3","","NULL","NULL","","0","0","NULL","G+1","Active Listings","Motivated Seller | On the park | Next to entrance.","Dubai Properties","",""
"10268712","2025-04-25","Mudon","Al Ranim","Al Ranim 8","","","2900000","1603","17262","1809","168","Villa","3","","NULL","NULL","","0","0","NULL","G+1","Active Listings","Modern Style 3BR & 4BR | Prime Spot | Luxury  Multiple Units Available","Dubai Properties","",""
"12176962","2025-12-09","Mudon","Al Ranim","Al Ranim 8","","","4000000","1331","14328","3005","279.18","Townhouse","4","","NULL","NULL","","2774","257.67","NULL","G+2","Active Listings","Multiple Units | Corner Unit | Near Pool and Park","Dubai Properties","",""
"10211786","2025-04-03","Mudon","Al Ranim","Al Ranim 8","","","2950000","1255","13509","2350","218.38","Townhouse","3","","NULL","NULL","","1846","171.46","Type 3B1","G+1","Active Listings","Luxurious Villa  | Single Row | Handover Soon","Dubai Properties","",""
"12077080","2025-11-18","Mudon","Al Ranim","Al Ranim 8","","","3500000","1493","16065","2345","217.87","Townhouse","3","","NULL","NULL","","1944","180.64","NULL","G+1","Active Listings","Modern Townhouse | Mid Unit | Handover Soon","Dubai Properties","",""
"10157472","2025-03-20","Mudon","Al Ranim","Al Ranim 8","","","3890000","1212","13054","3210","298","Villa","4","","NULL","NULL","","0","0","NULL","G+1","Active Listings","Investor Deal I Single Row | On the Water ICorner","Dubai Properties","",""
"11672247","2025-09-28","Mudon","Al Ranim","Al Ranim 8","","","3250000","1386","14917","2345","217.87","Townhouse","3","","NULL","NULL","","1808","168","NULL","G+1","Active Listings","Near Pool And Park | Single Row | Handover 2026","Dubai Properties","",""
"10838197","2025-09-15","Mudon","Al Ranim","Al Ranim 8","","","3000000","1277","13761","2350","218","Villa","3","","NULL","NULL","","0","0","NULL","G+1","Active Listings","Miiddle Unit | Single Row | Hand over Q3 2026","Dubai Properties","",""
"10723910","2025-07-18","Mudon","Al Ranim","Al Ranim 8","","","3600000","1459","15700","2468","229.3","Townhouse","4","","NULL","NULL","","2583","240","NULL","G+1","Active Listings","Single Row | Prime Location | Viewing Available","Dubai Properties","",""
"10813177","2025-09-07","Mudon","Al Ranim","Al Ranim 8","","","3500000","1489","16055","2350","218","Villa","3","","NULL","NULL","","0","0","NULL","G+1","Active Listings","Single Row | 3BR | Prime Park-Facing Unit","Dubai Properties","",""
"12302678","2025-12-23","Mudon","Al Ranim","Al Ranim 8","","","4400000","1464","15760","3005","279.18","Townhouse","4","","","","","2583","240","Type 4B2","G+2","Oqood","","Dubai Properties","","Resale"
"11862264","2025-10-30","Mudon","Al Ranim","Al Ranim 8","","","4200000","1398","15044","3005","279.18","Townhouse","4","","","","","2708","251.59","","G+2","Oqood","","Dubai Properties","","Resale"
"10663237","2025-06-29","Mudon","Al Ranim","Al Ranim 8","","","3400000","1450","15606","2345","217.87","Townhouse","3","","NULL","NULL","","1810","168.15","NULL","G+1","Active Listings","RESALE | FACING  PARK | SINGLE ROW","Dubai Properties","",""
"10636914","2025-06-21","Mudon","Al Ranim","Al Ranim 8","","","3500000","1489","16027","2351","218.38","Townhouse","3","","NULL","NULL","","1860","172.84","NULL","G+1","Active Listings","On the garden | single row | luxurious villa","Dubai Properties","",""
"10409441","2025-06-17","Mudon","Al Ranim","Al Ranim 8","","","3299999","1098","11828","3005","279","Townhouse","4","","NULL","NULL","","0","0","NULL","G+1","Active Listings","Urban Retreat | Stylish Design | Effortless Living","Dubai Properties","",""
"12107169","2025-11-21","Mudon","Al Ranim","Al Ranim 8","","","3700000","1578","16972","2345","218","Townhouse","3","","NULL","NULL","","0","0","NULL","G+1","Active Listings","Hand Over Soon| Park Facing | 3 Bedroom Townhouse","Dubai Properties","",""
"10156169","2025-03-11","Mudon","Al Ranim","Al Ranim 8","","","3990000","1328","14301","3005","279","Townhouse","4","","NULL","NULL","","0","0","NULL","G+1","Active Listings","4br+M (G+2) | Corner | At the Park | Single Row","Dubai Properties","",""
"11775824","2025-11-04","Mudon","Al Ranim","Al Ranim 8","","","3200000","1365","14688","2345","217.87","Townhouse","3","","NULL","NULL","","1944","180.64","NULL","G+1","Active Listings","Single Row | 3bed | On the Park","Dubai Properties","",""
"11530682","2025-10-31","Mudon","Al Ranim","Al Ranim 8","","","3000000","1659","17857","1808","168","Villa","3","","NULL","NULL","","0","0","NULL","G+1","Active Listings","Miiddle Unit | Single Row | Hand over Q3 2026","Dubai Properties","",""
"10115373","2025-02-18","Mudon","Al Ranim","Al Ranim 8","","","3500000","1418","15264","2468","229.3","Townhouse","4","","NULL","NULL","","2583","240","NULL","G+1","Active Listings","CORNER | OPPOSITE TO PARK | SINGLE ROW","Dubai Properties","",""
